>DATA
> TIME (S)  1.000E+03     1.000000000000000000E+03
> GRIDS:           81> NPDE             42
> PSI      
 0.000000000000000000E+00   4.599999999999998188E-03   9.199999999999996375E-03
 1.379999999999998936E-02   1.839999999999537839E-02   2.299999999399310671E-02
 2.759999470514307857E-02   3.219746386875038668E-02   3.656184902093814054E-02
 3.856487565897023795E-02   3.879399289555093833E-02   3.888180011634780053E-02
 3.894366864339111889E-02   3.899493596568195247E-02   3.904048273393625340E-02
 3.908250559967484800E-02   3.912219910176604337E-02   3.916029694002970407E-02
 3.919728671317700142E-02   3.923351594332505354E-02   3.926924555620514568E-02
 3.930467955414315706E-02   3.934001053217506955E-02   3.937543897723860820E-02
 3.941111795498021542E-02   3.944715915968229070E-02   3.948337154588286296E-02
 3.951939692395895626E-02   3.955520659410510093E-02   3.959095535244304409E-02
 3.962679180207115404E-02   3.966285561983169672E-02   3.969928471035753109E-02
 3.973621778535431359E-02   3.977378279502830072E-02   3.981224685581492145E-02
 3.985167901856007111E-02   3.989196674836829881E-02   3.993337957114688475E-02
 3.997653719138272166E-02   4.002264775034818090E-02   4.007159702979198185E-02
 4.012269853258731284E-02   4.017731457789060906E-02   4.023001414968787465E-02
 4.027622628274120375E-02   4.031821763467580838E-02   4.035737731649713389E-02
 4.039457469487946206E-02   4.043040657799235049E-02   4.046531173391957475E-02
 4.049963195144980210E-02   4.053364640977823175E-02   4.056759614194962310E-02
 4.060166531439495657E-02   4.063575173140719643E-02   4.066980751312546105E-02
 4.070410318279613776E-02   4.073868456657822601E-02   4.077349171269793737E-02
 4.080868993865920807E-02   4.084457642130522037E-02   4.088152363626690322E-02
 4.091997195390988107E-02   4.096052777858459615E-02   4.100415111050740441E-02
 4.105220509530959488E-02   4.110754014535748097E-02   4.117814750316695083E-02
 4.127847598651252642E-02   4.146706510023082104E-02   4.199650715701932352E-02
 4.349523666005337963E-02   4.780206676524351161E-02   5.240000265097930626E-02
 5.700000000206229683E-02   6.160000000000118853E-02   6.619999999999999496E-02
 7.079999999999996019E-02   7.539999999999999480E-02   8.000000000000000167E-02
  r(
 0.00000000E+00  4.60000000E-03  9.20000000E-03  1.38000000E-02  1.84000000E-02
 2.30000000E-02  2.75999947E-02  3.21974639E-02  3.65618490E-02  3.85648757E-02
 3.87939929E-02  3.88818001E-02  3.89436686E-02  3.89949360E-02  3.90404827E-02
 3.90825056E-02  3.91221991E-02  3.91602969E-02  3.91972867E-02  3.92335159E-02
 3.92692456E-02  3.93046796E-02  3.93400105E-02  3.93754390E-02  3.94111180E-02
 3.94471592E-02  3.94833715E-02  3.95193969E-02  3.95552066E-02  3.95909554E-02
 3.96267918E-02  3.96628556E-02  3.96992847E-02  3.97362178E-02  3.97737828E-02
 3.98122469E-02  3.98516790E-02  3.98919667E-02  3.99333796E-02  3.99765372E-02
 4.00226478E-02  4.00715970E-02  4.01226985E-02  4.01773146E-02  4.02300141E-02
 4.02762263E-02  4.03182176E-02  4.03573773E-02  4.03945747E-02  4.04304066E-02
 4.04653117E-02  4.04996320E-02  4.05336464E-02  4.05675961E-02  4.06016653E-02
 4.06357517E-02  4.06698075E-02  4.07041032E-02  4.07386846E-02  4.07734917E-02
 4.08086899E-02  4.08445764E-02  4.08815236E-02  4.09199720E-02  4.09605278E-02
 4.10041511E-02  4.10522051E-02  4.11075401E-02  4.11781475E-02  4.12784760E-02
 4.14670651E-02  4.19965072E-02  4.34952367E-02  4.78020668E-02  5.24000027E-02
 5.70000000E-02  6.16000000E-02  6.62000000E-02  7.08000000E-02  7.54000000E-02
 8.00000000E-02
 0.00000000E+00  0.00000000E+00  0.00000000E+00  0.00000000E+00  0.00000000E+00
 0.00000000E+00  0.00000000E+00  0.00000000E+00  0.00000000E+00  0.00000000E+00
 0.00000000E+00  0.00000000E+00  0.00000000E+00  0.00000000E+00  0.00000000E+00
 0.00000000E+00  0.00000000E+00  0.00000000E+00  0.00000000E+00  0.00000000E+00
 0.00000000E+00  0.00000000E+00  0.00000000E+00  0.00000000E+00  0.00000000E+00
 0.00000000E+00  0.00000000E+00  0.00000000E+00  0.00000000E+00  0.00000000E+00
 0.00000000E+00  0.00000000E+00  0.00000000E+00  0.00000000E+00  0.00000000E+00
 0.00000000E+00  0.00000000E+00  0.00000000E+00  0.00000000E+00  0.00000000E+00
 0.00000000E+00  0.00000000E+00  0.00000000E+00  0.00000000E+00  0.00000000E+00
 0.00000000E+00  0.00000000E+00  0.00000000E+00  0.00000000E+00  0.00000000E+00
 0.00000000E+00  0.00000000E+00  0.00000000E+00  0.00000000E+00  0.00000000E+00
 0.00000000E+00  0.00000000E+00  0.00000000E+00  0.00000000E+00  0.00000000E+00
 0.00000000E+00  0.00000000E+00  0.00000000E+00  0.00000000E+00  0.00000000E+00
 0.00000000E+00  0.00000000E+00  0.00000000E+00  0.00000000E+00  0.00000000E+00
 0.00000000E+00  0.00000000E+00  0.00000000E+00  0.00000000E+00  0.00000000E+00
 0.00000000E+00  0.00000000E+00  0.00000000E+00  0.00000000E+00  0.00000000E+00
 0.00000000E+00
  J 
-6.56000000E+04 -6.56000000E+04 -6.56000000E+04 -6.56000000E+04 -6.56000000E+04
-6.56000000E+04 -6.56000000E+04 -6.56000000E+04 -6.56000000E+04 -6.56000000E+04
-6.56000000E+04 -6.56000000E+04 -6.56000000E+04 -6.56000000E+04 -6.56000000E+04
-6.56000000E+04 -6.56000000E+04 -6.56000000E+04 -6.56000000E+04 -6.56000000E+04
-6.56000000E+04 -6.56000000E+04 -6.56000000E+04 -6.56000000E+04 -6.56000000E+04
-6.56000000E+04 -6.56000000E+04 -6.56000000E+04 -6.56000000E+04 -6.56000000E+04
-6.56000000E+04 -6.56000000E+04 -6.56000000E+04 -6.56000000E+04 -6.56000000E+04
-6.56000000E+04 -6.56000000E+04 -6.56000000E+04 -6.56000000E+04 -6.56000000E+04
-6.56000000E+04 -6.56000000E+04 -6.56000000E+04 -6.56000000E+04 -6.56000000E+04
-6.56000000E+04 -6.56000000E+04 -6.56000000E+04 -6.56000000E+04 -6.56000000E+04
-6.56000000E+04 -6.56000000E+04 -6.56000000E+04 -6.56000000E+04 -6.56000000E+04
-6.56000000E+04 -6.56000000E+04 -6.56000000E+04 -6.56000000E+04 -6.56000000E+04
-6.56000000E+04 -6.56000000E+04 -6.56000000E+04 -6.56000000E+04 -6.56000000E+04
-6.56000000E+04 -6.56000000E+04 -6.56000000E+04 -6.56000000E+04 -6.56000000E+04
-6.56000000E+04 -6.56000000E+04 -6.56000000E+04 -6.56000000E+04 -6.56000000E+04
-6.56000000E+04 -6.56000000E+04 -6.56000000E+04 -6.56000000E+04 -6.56000000E+04
-6.56000000E+04
 0.00000000E+00  0.00000000E+00  0.00000000E+00  0.00000000E+00  0.00000000E+00
 0.00000000E+00  0.00000000E+00  0.00000000E+00  0.00000000E+00  0.00000000E+00
 0.00000000E+00  0.00000000E+00  0.00000000E+00  0.00000000E+00  0.00000000E+00
 0.00000000E+00  0.00000000E+00  0.00000000E+00  0.00000000E+00  0.00000000E+00
 0.00000000E+00  0.00000000E+00  0.00000000E+00  0.00000000E+00  0.00000000E+00
 0.00000000E+00  0.00000000E+00  0.00000000E+00  0.00000000E+00  0.00000000E+00
 0.00000000E+00  0.00000000E+00  0.00000000E+00  0.00000000E+00  0.00000000E+00
 0.00000000E+00  0.00000000E+00  0.00000000E+00  0.00000000E+00  0.00000000E+00
 0.00000000E+00  0.00000000E+00  0.00000000E+00  0.00000000E+00  0.00000000E+00
 0.00000000E+00  0.00000000E+00  0.00000000E+00  0.00000000E+00  0.00000000E+00
 0.00000000E+00  0.00000000E+00  0.00000000E+00  0.00000000E+00  0.00000000E+00
 0.00000000E+00  0.00000000E+00  0.00000000E+00  0.00000000E+00  0.00000000E+00
 0.00000000E+00  0.00000000E+00  0.00000000E+00  0.00000000E+00  0.00000000E+00
 0.00000000E+00  0.00000000E+00  0.00000000E+00  0.00000000E+00  0.00000000E+00
 0.00000000E+00  0.00000000E+00  0.00000000E+00  0.00000000E+00  0.00000000E+00
 0.00000000E+00  0.00000000E+00  0.00000000E+00  0.00000000E+00  0.00000000E+00
 0.00000000E+00
   G
 2.51676823E+02  2.51676823E+02  2.51676823E+02  2.51676823E+02  2.51676823E+02
 2.51676823E+02  2.51676823E+02  2.51676891E+02  2.51727757E+02  2.56043218E+02
 2.61809847E+02  2.67217595E+02  2.73271318E+02  2.80071590E+02  2.87565622E+02
 2.95659324E+02  3.04250188E+02  3.13239245E+02  3.22533998E+02  3.32049678E+02
 3.41708481E+02  3.51438189E+02  3.61178442E+02  3.70881300E+02  3.80491775E+02
 3.89946999E+02  3.99110575E+02  4.07821504E+02  4.16019792E+02  4.23696137E+02
 4.30840276E+02  4.37438619E+02  4.43474268E+02  4.48926093E+02  4.53766093E+02
 4.57974489E+02  4.61498109E+02  4.64270862E+02  4.66254390E+02  4.67399035E+02
 4.67604778E+02  4.66704175E+02  4.64570059E+02  4.60982564E+02  4.56289018E+02
 4.51218132E+02  4.45866355E+02  4.40261319E+02  4.34409141E+02  4.28304450E+02
 4.21935125E+02  4.15284650E+02  4.08333655E+02  4.01060351E+02  3.93448877E+02
 3.85548098E+02  3.77401126E+02  3.68977727E+02  3.60304872E+02  3.51444251E+02
 3.42409483E+02  3.33190850E+02  3.23776177E+02  3.14163683E+02  3.04354874E+02
 2.94342061E+02  2.84159814E+02  2.73789991E+02  2.62949641E+02  2.52118972E+02
 2.41973340E+02  2.35752664E+02  2.34967050E+02  2.34952897E+02  2.34952877E+02
 2.34952877E+02  2.34952877E+02  2.34952877E+02  2.34952877E+02  2.34952877E+02
 2.34952877E+02
 1.87644787E-16  1.87644787E-16 -5.78861905E-17  7.40415145E-17  1.28245082E-17
 5.17669619E-17 -6.51858417E-17 -2.94261885E-16 -1.38807468E-16  4.43298879E-16
 1.23222306E-15  1.75980652E-15  2.44218727E-15  2.96915762E-15  3.23154808E-15
 3.61287700E-15  3.92644160E-15  4.21403868E-15  4.26310446E-15  4.21497580E-15
 4.27330253E-15  4.27532038E-15  4.22291150E-15  4.25484531E-15  4.16699366E-15
 3.79785524E-15  3.98385913E-15  3.55134016E-15  3.09131289E-15  2.94729941E-15
 2.45429426E-15  2.58815002E-15  2.13052653E-15  1.95896559E-15  1.44032703E-15
 1.40103529E-15  8.42165076E-16  4.15830273E-16  4.73133439E-16  3.39819856E-17
-5.26027483E-16 -9.43973048E-16 -8.55262725E-16 -1.42320808E-15 -1.80941149E-15
-2.04402914E-15 -2.59424436E-15 -2.76136698E-15 -3.09983117E-15 -2.89807009E-15
-2.93950456E-15 -3.40560415E-15 -3.48041295E-15 -3.82450651E-15 -3.84303860E-15
-4.07743397E-15 -4.08291998E-15 -4.47489546E-15 -4.72698747E-15 -4.29342756E-15
-4.61838999E-15 -4.70299212E-15 -4.63689138E-15 -4.59991898E-15 -4.59192342E-15
-4.15324314E-15 -3.91370427E-15 -3.32404875E-15 -2.73634227E-15 -2.11618369E-15
-8.42890056E-16  6.67162826E-17 -5.42612119E-17  8.69960659E-17  2.04341891E-16
-6.18541884E-17  2.13510692E-17  4.62444696E-21  1.83438867E-25 -3.18910624E-28
 0.00000000E+00
 v(m
 1.97844767E+01  1.74690499E+01  1.51536231E+01  1.28381963E+01  1.05227696E+01
 8.20734278E+00  5.89191867E+00  3.57776945E+00  1.38224164E+00  4.15798599E-01
 3.33280821E-01  3.14835947E-01  3.09097075E-01  3.08832203E-01  3.11288788E-01
 3.14963619E-01  3.18906007E-01  3.22473393E-01  3.25213651E-01  3.26798305E-01
 3.26980449E-01  3.25567444E-01  3.22400326E-01  3.17333396E-01  3.10229334E-01
 3.00961058E-01  2.89502141E-01  2.75961673E-01  2.60406307E-01  2.42832456E-01
 2.23218265E-01  2.01527094E-01  1.77706643E-01  1.51690538E-01  1.23411520E-01
 9.26888494E-02  5.94938391E-02  2.39899372E-02 -1.39323918E-02 -5.46226391E-02
-9.87409679E-02 -1.45035172E-01 -1.91109062E-01 -2.37170061E-01 -2.78772206E-01
-3.12867019E-01 -3.41690396E-01 -3.66494959E-01 -3.88007198E-01 -4.06676077E-01
-4.22783928E-01 -4.36503974E-01 -4.47932662E-01 -4.57110646E-01 -4.64029843E-01
-4.68628266E-01 -4.70905814E-01 -4.70904316E-01 -4.68656150E-01 -4.64246334E-01
-4.57782045E-01 -4.49360207E-01 -4.39066627E-01 -4.26999179E-01 -4.13287690E-01
-3.98131048E-01 -3.81996269E-01 -3.65788728E-01 -3.51608178E-01 -3.47854880E-01
-3.86250158E-01 -6.03682929E-01 -1.30249554E+00 -3.32610709E+00 -5.48670287E+00
-7.64826809E+00 -9.80983456E+00 -1.19714010E+01 -1.41329675E+01 -1.62945340E+01
-1.84561005E+01
 0.00000000E+00 -7.88095320E-19  2.55680200E-18 -3.75099036E-18 -4.30788764E-18
-6.23822643E-18 -1.21190358E-17 -2.66219771E-17 -1.29532011E-17 -5.51472488E-18
-1.57357269E-18  2.16747021E-19  1.53334819E-18  1.42530820E-18  2.03101633E-18
 2.41320323E-18  2.67342335E-18  2.41788546E-18  3.25327110E-18  3.46699494E-18
 1.10298257E-18  2.14238394E-19 -1.09347430E-18 -1.55867507E-18 -2.51214132E-18
-2.61371359E-18 -4.18337538E-18 -4.80863907E-18 -5.26929128E-18 -6.80151464E-18
-7.66842730E-18 -8.18994899E-18 -8.97161212E-18 -9.51505936E-18 -1.02940175E-17
-1.06010273E-17 -1.14297552E-17 -1.18893210E-17 -1.22960721E-17 -1.24918494E-17
-1.23496416E-17 -1.19755343E-17 -1.13343314E-17 -1.08706490E-17 -9.69403217E-18
-8.62933652E-18 -8.21076563E-18 -7.18386386E-18 -7.10825526E-18 -5.34079588E-18
-4.28109072E-18 -3.81600777E-18 -3.23710143E-18 -2.20681820E-18 -1.21606022E-19
 4.57942510E-19  1.33485030E-18  2.74760125E-18  2.92080636E-18  4.21567734E-18
 6.03027181E-18  7.34907653E-18  7.23818810E-18  7.83034825E-18  8.53720002E-18
 9.15827642E-18  7.73126664E-18  8.31899305E-18  6.33210815E-18  2.60382191E-18
-2.47476620E-18 -8.63478711E-18 -7.64650236E-18 -1.01102749E-17 -8.85290023E-18
-1.90910407E-17 -1.09738488E-18 -5.77624978E-18 -2.13126731E-17  1.58272513E-18
-4.25726872E-17
  T(
 2.98000000E+02  2.98000000E+02  2.98000000E+02  2.98000000E+02  2.98000000E+02
 2.98000000E+02  2.98000000E+02  2.98000217E+02  2.98145916E+02  3.10957598E+02
 3.39027374E+02  3.68069840E+02  4.00978093E+02  4.37995585E+02  4.78762713E+02
 5.22790929E+02  5.69613181E+02  6.18833944E+02  6.70132622E+02  7.23259634E+02
 7.78023719E+02  8.34278171E+02  8.91954802E+02  9.51072492E+02  1.01162475E+03
 1.07356773E+03  1.13634092E+03  1.19908812E+03  1.26153418E+03  1.32373428E+03
 1.38572956E+03  1.44752717E+03  1.50909867E+03  1.57037142E+03  1.63119774E+03
 1.69157235E+03  1.75104313E+03  1.80866680E+03  1.86350980E+03  1.91367853E+03
 1.95471280E+03  1.97633470E+03  1.97053527E+03  1.94224800E+03  1.90435324E+03
 1.86502822E+03  1.82434783E+03  1.78192201E+03  1.73744730E+03  1.69069436E+03
 1.64147923E+03  1.58964610E+03  1.53506119E+03  1.47760740E+03  1.41724732E+03
 1.35449126E+03  1.28983369E+03  1.22320832E+03  1.15502005E+03  1.08594940E+03
 1.01628898E+03  9.46134599E+02  8.75533731E+02  8.04579377E+02  7.33359459E+02
 6.61891096E+02  5.90527541E+02  5.19370717E+02  4.47146659E+02  3.78538586E+02
 3.21352537E+02  2.94709284E+02  2.92043076E+02  2.92000066E+02  2.92000000E+02
 2.92000000E+02  2.92000000E+02  2.92000000E+02  2.92000000E+02  2.92000000E+02
 2.92000000E+02
 0.00000000E+00 -8.68124435E-23 -3.08437392E-19  1.58682721E-19 -4.15940260E-17
-6.12822683E-17 -2.57157327E-16 -1.75661709E-15 -9.72815709E-17  1.83057608E-15
 6.16699799E-15  8.80383818E-15  1.16806275E-14  1.36950387E-14  1.55507505E-14
 1.79747368E-14  1.93107274E-14  2.17237022E-14  2.24930208E-14  2.33362216E-14
 2.43829260E-14  2.39509117E-14  2.36073075E-14  2.35956573E-14  2.35297877E-14
 2.34167634E-14  2.33686567E-14  2.36584119E-14  2.25624139E-14  2.20205360E-14
 2.31650018E-14  2.14676701E-14  2.12744254E-14  2.06286064E-14  2.08396863E-14
 2.06161541E-14  2.08705467E-14  1.86076708E-14  1.77142880E-14  1.41823964E-14
 1.01681122E-14  2.16496451E-15 -5.42769983E-15 -1.08051811E-14 -1.30951941E-14
-1.44236144E-14 -1.84780705E-14 -1.85709022E-14 -2.00121264E-14 -2.25175160E-14
-2.50542202E-14 -2.64988996E-14 -2.74939709E-14 -2.83186126E-14 -3.06544912E-14
-3.22080478E-14 -3.18621744E-14 -3.31361875E-14 -3.44372814E-14 -3.49271730E-14
-3.39327041E-14 -3.28447354E-14 -3.19956956E-14 -3.05628760E-14 -2.89232855E-14
-2.72332777E-14 -2.52414158E-14 -2.22690335E-14 -1.82823690E-14 -1.18668696E-14
-5.01136828E-15 -7.26260877E-16 -2.23377138E-17 -8.14316123E-17  1.06539593E-16
-6.19394697E-17  8.21495828E-17 -5.43267562E-21 -1.39150348E-23 -7.38487106E-27
 0.00000000E+00
  p(
 1.00000000E+05  1.00000000E+05  1.00000000E+05  1.00000000E+05  1.00000000E+05
 1.00000000E+05  1.00000000E+05  1.00000000E+05  1.00000000E+05  1.00000000E+05
 1.00000000E+05  1.00000000E+05  1.00000000E+05  1.00000000E+05  1.00000000E+05
 1.00000000E+05  1.00000000E+05  1.00000000E+05  1.00000000E+05  1.00000000E+05
 1.00000000E+05  1.00000000E+05  1.00000000E+05  1.00000000E+05  1.00000000E+05
 1.00000000E+05  1.00000000E+05  1.00000000E+05  1.00000000E+05  1.00000000E+05
 1.00000000E+05  1.00000000E+05  1.00000000E+05  1.00000000E+05  1.00000000E+05
 1.00000000E+05  1.00000000E+05  1.00000000E+05  1.00000000E+05  1.00000000E+05
 1.00000000E+05  1.00000000E+05  1.00000000E+05  1.00000000E+05  1.00000000E+05
 1.00000000E+05  1.00000000E+05  1.00000000E+05  1.00000000E+05  1.00000000E+05
 1.00000000E+05  1.00000000E+05  1.00000000E+05  1.00000000E+05  1.00000000E+05
 1.00000000E+05  1.00000000E+05  1.00000000E+05  1.00000000E+05  1.00000000E+05
 1.00000000E+05  1.00000000E+05  1.00000000E+05  1.00000000E+05  1.00000000E+05
 1.00000000E+05  1.00000000E+05  1.00000000E+05  1.00000000E+05  1.00000000E+05
 1.00000000E+05  1.00000000E+05  1.00000000E+05  1.00000000E+05  1.00000000E+05
 1.00000000E+05  1.00000000E+05  1.00000000E+05  1.00000000E+05  1.00000000E+05
 1.00000000E+05
 0.00000000E+00  0.00000000E+00  0.00000000E+00  0.00000000E+00  0.00000000E+00
 0.00000000E+00  0.00000000E+00  0.00000000E+00  0.00000000E+00  0.00000000E+00
 0.00000000E+00  0.00000000E+00  0.00000000E+00  0.00000000E+00  0.00000000E+00
 0.00000000E+00  0.00000000E+00  0.00000000E+00  0.00000000E+00  0.00000000E+00
 0.00000000E+00  0.00000000E+00  0.00000000E+00  0.00000000E+00  0.00000000E+00
 0.00000000E+00  0.00000000E+00  0.00000000E+00  0.00000000E+00  0.00000000E+00
 0.00000000E+00  0.00000000E+00  0.00000000E+00  0.00000000E+00  0.00000000E+00
 0.00000000E+00  0.00000000E+00  0.00000000E+00  0.00000000E+00  0.00000000E+00
 0.00000000E+00  0.00000000E+00  0.00000000E+00  0.00000000E+00  0.00000000E+00
 0.00000000E+00  0.00000000E+00  0.00000000E+00  0.00000000E+00  0.00000000E+00
 0.00000000E+00  0.00000000E+00  0.00000000E+00  0.00000000E+00  0.00000000E+00
 0.00000000E+00  0.00000000E+00  0.00000000E+00  0.00000000E+00  0.00000000E+00
 0.00000000E+00  0.00000000E+00  0.00000000E+00  0.00000000E+00  0.00000000E+00
 0.00000000E+00  0.00000000E+00  0.00000000E+00  0.00000000E+00  0.00000000E+00
 0.00000000E+00  0.00000000E+00  0.00000000E+00  0.00000000E+00  0.00000000E+00
 0.00000000E+00  0.00000000E+00  0.00000000E+00  0.00000000E+00  0.00000000E+00
 0.00000000E+00
N2  
 6.49046641E-01  6.49046641E-01  6.49046641E-01  6.49046641E-01  6.49046641E-01
 6.49046641E-01  6.49046641E-01  6.49046648E-01  6.49051384E-01  6.49468812E-01
 6.50390811E-01  6.51356148E-01  6.52464996E-01  6.53732283E-01  6.55152992E-01
 6.56716783E-01  6.58412397E-01  6.60229098E-01  6.62156815E-01  6.64186244E-01
 6.66308745E-01  6.68516213E-01  6.70802799E-01  6.73165600E-01  6.75600034E-01
 6.78097759E-01  6.80629982E-01  6.83158227E-01  6.85668425E-01  6.88161085E-01
 6.90637543E-01  6.93099375E-01  6.95548598E-01  6.97987623E-01  7.00418354E-01
 7.02851578E-01  7.05285332E-01  7.07707573E-01  7.10130610E-01  7.12587109E-01
 7.15142614E-01  7.17794272E-01  7.20521861E-01  7.23418080E-01  7.26203879E-01
 7.28638071E-01  7.30839579E-01  7.32880483E-01  7.34805257E-01  7.36643774E-01
 7.38417274E-01  7.40141510E-01  7.41828472E-01  7.43487563E-01  7.45124633E-01
 7.46731290E-01  7.48301764E-01  7.49844401E-01  7.51356173E-01  7.52828864E-01
 7.54263042E-01  7.55661968E-01  7.57027662E-01  7.58360487E-01  7.59661216E-01
 7.60932162E-01  7.62170059E-01  7.63376560E-01  7.64576126E-01  7.65695232E-01
 7.66614739E-01  7.67039424E-01  7.67081804E-01  7.67082487E-01  7.67082489E-01
 7.67082489E-01  7.67082489E-01  7.67082489E-01  7.67082489E-01  7.67082489E-01
 7.67082489E-01
 0.00000000E+00  3.20441882E-31  1.13865739E-27  3.50913105E-24  9.16275950E-21
-1.91576107E-19 -2.86685078E-19  1.07857318E-19 -1.78675014E-19 -2.81655645E-20
 6.41617168E-19  3.25345348E-19  8.35000926E-20  4.89747782E-19  9.62242784E-19
 5.08799122E-19  1.00798240E-18  1.19534494E-18  4.68160299E-19  1.25806600E-18
 1.15451146E-18  5.90457605E-19  5.76502995E-19  1.23267223E-18  1.17445305E-18
 1.04916823E-18  1.12510120E-18  1.40949101E-18  1.26850975E-18  9.67029493E-19
 1.04099564E-18  5.38163463E-19  5.78213764E-19  1.20699120E-18  1.27165161E-18
 1.44663606E-18  2.79071399E-19 -4.05672424E-19 -7.44226357E-19 -7.17102956E-19
-1.65859744E-18  7.54482657E-19  7.87517004E-19  1.12485323E-18  1.59826551E-18
 1.35463405E-18  4.35012640E-19  5.54855776E-19  1.11569637E-18  8.77992165E-19
 4.43839097E-19  5.10544953E-19  9.57456587E-19  4.81127407E-19  8.58445195E-19
 1.06324067E-18  4.85742792E-19  9.73405600E-19  3.92898779E-19  3.77996203E-19
 5.18620458E-19  3.71832030E-19  9.75396391E-19  3.25346774E-19  3.36162269E-19
 3.69268723E-19  7.98166019E-19  9.25578916E-19  7.79688797E-19  8.08229730E-19
-1.50742963E-19 -2.69241663E-20  2.53224607E-19 -4.57464803E-20  3.80295724E-20
 1.27282976E-19 -1.39705371E-21 -5.39103636E-25 -1.76227939E-28 -4.99554395E-32
 0.00000000E+00
CO2 
 0.00000000E+00  8.33754444E-29  2.96264381E-25  9.13025835E-22  2.38400051E-18
 5.10274007E-15  8.52020788E-12  1.02080088E-08  6.87867724E-06  6.12284591E-04
 1.94947860E-03  3.34952602E-03  4.95770719E-03  6.79567347E-03  8.85614438E-03
 1.11241238E-02  1.35832815E-02  1.62180445E-02  1.90138037E-02  2.19570634E-02
 2.50352884E-02  2.82367179E-02  3.15528597E-02  3.49794886E-02  3.85099287E-02
 4.21320351E-02  4.58039592E-02  4.94697571E-02  5.31087677E-02  5.67212967E-02
 6.03085458E-02  6.38715749E-02  6.74112935E-02  7.09279338E-02  7.44191241E-02
 7.78925042E-02  8.13338648E-02  8.47114361E-02  8.80254698E-02  9.13051904E-02
 9.46333581E-02  9.79887860E-02  1.01076267E-01  1.03264463E-01  1.03809401E-01
 1.02941705E-01  1.01106817E-01  9.85655445E-02  9.54818534E-02  9.19673503E-02
 8.81035509E-02  8.39535715E-02  7.95686784E-02  7.49916204E-02  7.02634285E-02
 6.54590597E-02  6.06403771E-02  5.58174408E-02  5.10271480E-02  4.63167507E-02
 4.16999776E-02  3.71770732E-02  3.27487250E-02  2.84185361E-02  2.41871180E-02
 2.00489744E-02  1.60160551E-02  1.20838450E-02  8.17315010E-03  4.52408099E-03
 1.52547622E-03  1.40447007E-04  2.23248530E-06  3.41443454E-09  2.87490715E-12
 1.73593880E-15  8.17381293E-19  3.15413226E-22  1.03104857E-25  2.92270067E-29
 0.00000000E+00
 0.00000000E+00  1.45789226E-44  5.26688708E-41  1.65085047E-37  4.30386515E-34
 9.17056019E-31  1.54883204E-27  1.81490394E-24  1.15885194E-21  9.37797870E-20
 2.77545249E-19  4.30559529E-19  5.61523996E-19  6.89488073E-19  8.09293324E-19
 9.47413284E-19  1.07741629E-18  1.19105898E-18  1.26036216E-18  1.34794875E-18
 1.42719377E-18  1.40687434E-18  1.40455054E-18  1.40294797E-18  1.42267855E-18
 1.36710465E-18  1.39245096E-18  1.41106316E-18  1.40595336E-18  1.36476477E-18
 1.33357534E-18  1.33314563E-18  1.23670436E-18  1.22867631E-18  1.27627123E-18
 1.29444220E-18  1.22995604E-18  1.02769235E-18  9.03534019E-19  7.66000187E-19
 7.45271155E-19  8.98385663E-19  7.27881910E-19  3.32917979E-19 -9.74854549E-20
-5.14397867E-19 -1.04010930E-18 -1.33025457E-18 -1.55211709E-18 -1.83680025E-18
-1.95556401E-18 -2.10680764E-18 -2.15955289E-18 -2.25803257E-18 -2.36540553E-18
-2.30741900E-18 -2.38799443E-18 -2.34354517E-18 -2.34660647E-18 -2.30646244E-18
-2.20485453E-18 -2.08981765E-18 -1.97270704E-18 -1.84682390E-18 -1.69835688E-18
-1.53970928E-18 -1.36618732E-18 -1.21315382E-18 -9.76159117E-19 -6.21556947E-19
-2.43561425E-19 -2.53672053E-20 -4.10346956E-22 -6.41554842E-25 -5.37718332E-28
-3.25077951E-31 -1.54377119E-34 -5.97549659E-38 -1.96032747E-41 -5.55407379E-45
 0.00000000E+00
H2O 
 0.00000000E+00  1.11684313E-28  3.96856461E-25  1.22302992E-21  3.19345176E-18
 6.83529813E-15  1.14131153E-11  1.36739835E-08  9.21422782E-06  8.20176171E-04
 2.61132511E-03  4.48662504E-03  6.64067419E-03  9.10245931E-03  1.18622093E-02
 1.48998141E-02  1.81933711E-02  2.17219857E-02  2.54660445E-02  2.94074133E-02
 3.35292275E-02  3.78156360E-02  4.22551276E-02  4.68418432E-02  5.15665379E-02
 5.64124690E-02  6.13228714E-02  6.62217434E-02  7.10796567E-02  7.58941573E-02
 8.06623228E-02  8.53785125E-02  9.00331245E-02  9.46101738E-02  9.90824406E-02
 1.03423822E-01  1.07562970E-01  1.11381455E-01  1.14747177E-01  1.17442608E-01
 1.19070732E-01  1.18982504E-01  1.16748108E-01  1.12489338E-01  1.07398549E-01
 1.02533624E-01  9.79052849E-02  9.34468030E-02  8.90981797E-02  8.48125465E-02
 8.05540157E-02  7.62949735E-02  7.20143526E-02  6.76963266E-02  6.33342322E-02
 5.89614362E-02  5.46077435E-02  5.02650244E-02  4.59565869E-02  4.17200570E-02
 3.75660224E-02  3.34945061E-02  2.95065480E-02  2.56059495E-02  2.17937331E-02
 1.80652620E-02  1.44314762E-02  1.08883808E-02  7.36463487E-03  4.07658428E-03
 1.37459848E-03  1.26556463E-04  2.01168734E-06  3.07673907E-09  2.59057218E-12
 1.56425044E-15  7.36540393E-19  2.84218128E-22  9.29075486E-26  2.63363881E-29
 0.00000000E+00
 0.00000000E+00  2.02815997E-44  7.36462359E-41  2.26191433E-37  5.83687432E-34
 1.26114919E-30  2.08619673E-27  2.42799357E-24  1.54608992E-21  1.27536770E-19
 3.65484204E-19  5.62226432E-19  7.44442749E-19  9.10744098E-19  1.07679104E-18
 1.24579255E-18  1.41270935E-18  1.54779836E-18  1.68565987E-18  1.77003592E-18
 1.83302383E-18  1.84958491E-18  1.84907407E-18  1.89539755E-18  1.85814322E-18
 1.85507101E-18  1.87101046E-18  1.88070522E-18  1.84875277E-18  1.79825048E-18
 1.70870454E-18  1.64479190E-18  1.64997707E-18  1.64329561E-18  1.56270309E-18
 1.54821309E-18  1.38370630E-18  1.09792819E-18  7.18979574E-19  3.58629009E-19
-7.28186788E-20 -3.65644649E-19 -9.97565088E-19 -1.21587725E-18 -1.44540754E-18
-1.64317746E-18 -1.81448002E-18 -1.81538712E-18 -1.91679311E-18 -1.98922518E-18
-1.99858278E-18 -2.01699896E-18 -2.02131665E-18 -2.05704695E-18 -2.13033369E-18
-2.09865762E-18 -2.05415924E-18 -2.10360370E-18 -2.05846386E-18 -1.99412169E-18
-1.91761617E-18 -1.83223930E-18 -1.74881786E-18 -1.58637522E-18 -1.46275149E-18
-1.36374586E-18 -1.20512437E-18 -1.07097751E-18 -8.66549841E-19 -5.61222148E-19
-2.16944347E-19 -2.25217402E-20 -3.75445325E-22 -5.78222534E-25 -4.89221826E-28
-3.04824939E-31 -1.43473182E-34 -5.56048545E-38 -1.84018395E-41 -5.21378540E-45
 0.00000000E+00
O2  
 1.95431437E-01  1.95431437E-01  1.95431437E-01  1.95431437E-01  1.95431437E-01
 1.95431437E-01  1.95431437E-01  1.95431416E-01  1.95417385E-01  1.94180635E-01
 1.91449089E-01  1.88589239E-01  1.85304316E-01  1.81550116E-01  1.77341544E-01
 1.72709269E-01  1.67686699E-01  1.62305708E-01  1.56596226E-01  1.50585939E-01
 1.44300612E-01  1.37764457E-01  1.30995043E-01  1.24001285E-01  1.16797235E-01
 1.09408352E-01  1.01921077E-01  9.44510997E-02  8.70429360E-02  7.96996880E-02
 7.24247313E-02  6.52249446E-02  5.81123595E-02  5.11075621E-02  4.42467779E-02
 3.75622858E-02  3.11520876E-02  2.51787255E-02  1.98035727E-02  1.52689283E-02
 1.20210831E-02  1.09653373E-02  1.30466338E-02  1.87311266E-02  2.67064581E-02
 3.51093776E-02  4.36292638E-02  5.22012866E-02  6.08130600E-02  6.94640781E-02
 7.81546721E-02  8.68832684E-02  9.56456170E-02  1.04435450E-01  1.13235982E-01
 1.21959431E-01  1.30537581E-01  1.38987402E-01  1.47272325E-01  1.55335682E-01
 1.63176253E-01  1.70812274E-01  1.78257231E-01  1.85515711E-01  1.92593906E-01
 1.99505785E-01  2.06234696E-01  2.12790522E-01  2.19306814E-01  2.25384725E-01
 2.30377806E-01  2.32683692E-01  2.32913795E-01  2.32917506E-01  2.32917511E-01
 2.32917511E-01  2.32917511E-01  2.32917511E-01  2.32917511E-01  2.32917511E-01
 2.32917511E-01
 0.00000000E+00 -9.49418511E-31 -3.37364490E-27 -1.03968896E-23 -2.71473356E-20
 6.67581618E-20  4.26998518E-20  6.61686483E-20 -4.44584230E-20 -2.66280223E-19
-6.42799215E-19 -9.61025019E-19 -1.09206829E-18 -1.25540638E-18 -1.75684450E-18
-2.04541088E-18 -2.15979866E-18 -2.27660303E-18 -2.54749586E-18 -2.66496518E-18
-2.81522934E-18 -2.79534559E-18 -2.77186073E-18 -2.76031786E-18 -2.81207541E-18
-2.73115128E-18 -2.83029430E-18 -2.79192855E-18 -2.72424659E-18 -2.62412012E-18
-2.56709724E-18 -2.45124415E-18 -2.38694469E-18 -2.39767298E-18 -2.37724387E-18
-2.25164752E-18 -2.11727426E-18 -1.95698171E-18 -1.67297200E-18 -1.24188515E-18
-6.71648794E-19  1.79259409E-19  1.14488711E-18  2.00358498E-18  2.68402641E-18
 3.17186940E-18  3.45258088E-18  3.64133149E-18  3.84392823E-18  4.00810262E-18
 4.12339589E-18  4.24784023E-18  4.16401171E-18  4.24964705E-18  4.23319398E-18
 4.12705824E-18  4.15547309E-18  4.06813398E-18  3.97721334E-18  3.88505101E-18
 3.64269901E-18  3.39736541E-18  3.29904074E-18  3.13602955E-18  2.70353124E-18
 2.54661719E-18  2.26466926E-18  1.94919623E-18  1.67643861E-18  9.99163340E-19
 4.11296615E-19 -2.62576459E-21  4.41754748E-20  2.11487441E-20 -1.11669133E-20
-1.92017678E-20 -7.58536812E-21 -2.92705801E-24 -9.56819644E-28 -2.71228220E-31
 0.00000000E+00
H   
 0.00000000E+00  1.49149476E-53  1.46328329E-49  1.36668049E-45  1.21214369E-41
 1.02286741E-37  1.92438640E-33  1.92932425E-27  3.52873370E-21  9.91066114E-16
 3.78057850E-14  2.09000207E-13  7.93883526E-13  2.66121901E-12  8.49579462E-12
 2.64948815E-11  8.18442648E-11  2.48706989E-10  7.09760551E-10  1.79325902E-09
 3.89212968E-09  7.33382448E-09  1.24689812E-08  2.00181004E-08  3.14673141E-08
 4.95557758E-08  7.88708347E-08  1.26693359E-07  2.04924916E-07  3.33274275E-07
 5.44289090E-07  8.91876692E-07  1.46535529E-06  2.41283458E-06  3.98221881E-06
 6.61769717E-06  1.11591688E-05  1.93445778E-05  3.50771301E-05  6.62787336E-05
 1.24260626E-04  2.06526698E-04  2.74829503E-04  2.93143575E-04  2.71125721E-04
 2.36992241E-04  2.01687021E-04  1.68568546E-04  1.38703345E-04  1.12359677E-04
 8.94959008E-05  6.99408319E-05  5.34677806E-05  3.98255635E-05  2.87633826E-05
 2.00790266E-05  1.34891856E-05  8.63957755E-06  5.22974245E-06  2.96664024E-06
 1.55687383E-06  7.43980438E-07  3.18690645E-07  1.21083144E-07  4.07883202E-08
 1.22745859E-08  3.30338053E-09  7.60207074E-10  1.28525850E-10  1.32521901E-11
 5.07322383E-13  2.77191225E-15  6.78435748E-19  1.67869448E-24  1.33835728E-30
 5.81642014E-37  1.65723110E-43  3.48867340E-50  5.94596972E-57  9.96201612E-64
 0.00000000E+00
 0.00000000E+00  3.66024551E-69  3.86222783E-65  3.77005786E-61  3.37318847E-57
 2.79318864E-53  5.52706167E-49  6.34648471E-43  1.41720884E-36  3.85694377E-31
 1.43347543E-29  7.80938578E-29  2.95709557E-28  1.00780604E-27  3.37707507E-27
 1.14494864E-26  3.59817820E-26  1.05932157E-25  3.06187509E-25  6.31436882E-25
 1.27409020E-24  1.70105390E-24  2.28501866E-24  3.23122317E-24  4.92385366E-24
 7.97410171E-24  1.33050689E-23  2.23340351E-23  3.46894527E-23  5.65749356E-23
 9.16828553E-23  1.49311550E-22  2.48644619E-22  4.21093625E-22  6.99788918E-22
 1.16906610E-21  1.94884519E-21  3.66135575E-21  6.96985904E-21  1.34809209E-20
 2.11226400E-20  2.31861583E-20  1.04946443E-20 -2.79722243E-21 -1.09522709E-20
-1.34895780E-20 -1.47209383E-20 -1.29252999E-20 -1.26276895E-20 -1.15209192E-20
-9.99168761E-21 -8.41168648E-21 -7.10943178E-21 -5.83539158E-21 -4.62245971E-21
-3.62141684E-21 -2.70640295E-21 -1.93466992E-21 -1.34135439E-21 -8.50100198E-22
-5.01228572E-22 -2.68669573E-22 -1.27693126E-22 -5.19578944E-23 -1.85714520E-23
-5.65655345E-24 -1.51227157E-24 -3.58477804E-25 -6.02710786E-26 -5.75940788E-27
-1.81802915E-28 -8.80775947E-31 -2.23355555E-34 -5.60001753E-40 -4.46071985E-46
-1.98521109E-52 -5.67981267E-59 -1.20082666E-65 -2.48556318E-71 -6.99121633E-75
 0.00000000E+00
O   
 0.00000000E+00  1.15197734E-37  4.12138294E-34  1.28013568E-30  3.37365429E-27
 7.30295281E-24  1.23713730E-20  1.51223570E-17  1.05298449E-14  1.03400709E-12
 7.09466172E-12  1.55817677E-11  2.67765564E-11  4.12733178E-11  6.08247545E-11
 9.06569558E-11  1.45033916E-10  2.61236003E-10  5.31393434E-10  1.15719436E-09
 2.50421163E-09  5.12213017E-09  9.79866340E-09  1.78065428E-08  3.14063682E-08
 5.46607573E-08  9.43988106E-08  1.61336123E-07  2.72305065E-07  4.53332946E-07
 7.43252746E-07  1.19827418E-06  1.89730765E-06  2.94853591E-06  4.50118012E-06
 6.79197730E-06  1.02597209E-05  1.59263358E-05  2.67009733E-05  5.19709989E-05
 1.26380177E-04  3.56055468E-04  8.66292098E-04  1.52079266E-03  1.99434550E-03
 2.23144784E-03  2.31213267E-03  2.28629771E-03  2.18497941E-03  2.02969706E-03
 1.83689045E-03  1.62002423E-03  1.39066279E-03  1.15904110E-03  9.34611558E-04
 7.27464376E-04  5.45339714E-04  3.92036862E-04  2.70032053E-04  1.78876457E-04
 1.14577358E-04  7.15027206E-05  4.38541431E-05  2.66153228E-05  1.60006493E-05
 9.46365631E-06  5.43586275E-06  2.95184859E-06  1.41761406E-06  5.49357343E-07
 1.31888456E-07  1.10940791E-08  1.75957432E-10  2.69114547E-13  2.26590765E-16
 1.36821010E-19  6.44233163E-23  2.48598373E-26  8.12638715E-30  2.30357693E-33
 0.00000000E+00
 0.00000000E+00  1.81317023E-53  6.48508319E-50  2.00734727E-46  5.20595574E-43
 1.11200259E-39  1.90908796E-36  2.21487309E-33  1.42680339E-30  1.32298401E-28
 1.03219352E-27  2.06093182E-27  3.14613441E-27  4.49983127E-27  6.95647768E-27
 1.34071940E-26  2.90081660E-26  6.91019512E-26  1.70483889E-25  3.89597156E-25
 8.39334743E-25  1.39784880E-24  2.34521118E-24  3.69028671E-24  6.24853834E-24
 1.11585019E-23  1.88856517E-23  3.16929974E-23  5.10282755E-23  7.76242735E-23
 1.25699362E-22  1.88081132E-22  2.99649861E-22  4.51095014E-22  6.90862977E-22
 9.49993194E-22  1.52588784E-21  2.51461968E-21  5.01685187E-21  1.30131385E-20
 3.80640222E-20  1.03880135E-19  1.73176814E-19  1.65995217E-19  1.08940940E-19
 5.90533739E-20  7.96607634E-21 -3.13596680E-20 -5.16239384E-20 -7.75913177E-20
-9.79506873E-20 -1.07566610E-19 -1.10544968E-19 -1.09406799E-19 -1.03746010E-19
-9.34401532E-20 -8.16523620E-20 -6.68605877E-20 -5.17529208E-20 -3.70252675E-20
-2.46894766E-20 -1.57964803E-20 -9.64151898E-21 -5.60364596E-21 -3.23141572E-21
-1.83029241E-21 -1.01243797E-21 -5.48896810E-22 -2.63044757E-22 -9.53169847E-23
-2.03975309E-23 -1.71891481E-24 -2.86800449E-26 -4.52759224E-29 -3.77562860E-32
-2.34240927E-35 -1.10454941E-38 -4.29646870E-42 -1.39936619E-45 -4.02329605E-49
 0.00000000E+00
OH  
 0.00000000E+00  6.76582003E-41  2.42061026E-37  7.52006761E-34  1.98866880E-30
 4.62351428E-27  2.25264831E-23  6.96440793E-19  2.67301336E-14  1.07580320E-10
 8.67717990E-10  1.84856658E-09  2.92097698E-09  4.04955831E-09  5.25953013E-09
 6.62385026E-09  8.25123307E-09  1.02843070E-08  1.29083076E-08  1.63825118E-08
 2.11267439E-08  2.79029046E-08  3.81573892E-08  5.46650636E-08  8.26989395E-08
 1.32185874E-07  2.20952506E-07  3.79630928E-07  6.61566346E-07  1.15969568E-06
 2.03411905E-06  3.56012989E-06  6.21222638E-06  1.08148961E-05  1.88313980E-05
 3.30679437E-05  5.92852026E-05  1.10490781E-04  2.18996273E-04  4.63041238E-04
 1.00694982E-03  2.02711942E-03  3.33323012E-03  4.32570526E-03  4.68322129E-03
 4.63244495E-03  4.38183561E-03  4.02508292E-03  3.61110553E-03  3.17012375E-03
 2.72340453E-03  2.28723514E-03  1.87465353E-03  1.49611044E-03  1.15992353E-03
 8.73677556E-04  6.39754460E-04  4.54701048E-04  3.13979078E-04  2.11255361E-04
 1.38702282E-04  8.89886317E-05  5.59354744E-05  3.45510290E-05  2.09764274E-05
 1.24378156E-05  7.10858683E-06  3.80341639E-06  1.77032193E-06  6.46846301E-07
 1.41548682E-07  1.14974380E-08  1.82185873E-10  2.78640341E-13  2.34611353E-16
 1.41664036E-19  6.67036956E-23  2.57397961E-26  8.41403526E-30  2.38511619E-33
 0.00000000E+00
 0.00000000E+00  1.05960871E-56  3.83250534E-53  1.17492029E-49  3.05188672E-46
 7.39277018E-43  5.45982321E-39  1.95523561E-34  6.93186225E-30  2.33372567E-26
 1.32819357E-25  2.25361152E-25  2.67760303E-25  3.14065476E-25  3.38571503E-25
 4.88854973E-25  6.26581727E-25  8.40462640E-25  1.05147874E-24  1.55450762E-24
 2.18754550E-24  3.16585874E-24  4.71689813E-24  7.68412221E-24  1.30442314E-23
 2.32937134E-23  4.19737772E-23  7.61411363E-23  1.34426094E-22  2.24219209E-22
 4.03980093E-22  6.71408750E-22  1.18572958E-21  2.14978262E-21  3.85084165E-21
 6.53669992E-21  1.22069483E-20  2.45621617E-20  5.16363514E-20  1.14266208E-19
 2.25322634E-19  3.51321135E-19  3.34839654E-19  1.77880890E-19  2.59988923E-20
-7.38761732E-20 -1.15395181E-19 -1.65544437E-19 -1.85535593E-19 -2.06860489E-19
-2.14805487E-19 -2.04845290E-19 -1.90792670E-19 -1.69287465E-19 -1.49559782E-19
-1.25352593E-19 -1.01985889E-19 -7.94818693E-20 -5.82826100E-20 -4.16303545E-20
-2.82567730E-20 -1.86480675E-20 -1.17611555E-20 -7.06743978E-21 -4.17201420E-21
-2.41191728E-21 -1.33590248E-21 -7.31521101E-22 -3.43314177E-22 -1.15720084E-22
-2.14156805E-23 -1.73210932E-24 -2.79986557E-26 -4.38056526E-29 -3.62922353E-32
-2.28277462E-35 -1.07435542E-38 -4.17189260E-42 -1.36427921E-45 -3.89437149E-49
 0.00000000E+00
H2O2
 0.00000000E+00  3.84655496E-33  1.36682597E-29  4.21227626E-26  1.09986688E-22
 2.35416678E-19  3.93082737E-16  4.70950018E-13  3.17349802E-10  2.81970471E-08
 7.74945848E-08  1.24776276E-07  1.76369610E-07  2.32943017E-07  2.94144975E-07
 3.59418000E-07  4.28197429E-07  4.99950909E-07  5.74151981E-07  6.50236064E-07
 7.27517148E-07  8.05045527E-07  8.81424449E-07  9.54408127E-07  1.02010782E-06
 1.07219445E-06  1.10145025E-06  1.09818061E-06  1.05647872E-06  9.78308145E-07
 8.76715600E-07  7.73793562E-07  6.91868604E-07  6.43260079E-07  6.26468217E-07
 6.30298647E-07  6.39886616E-07  6.38498125E-07  6.03500073E-07  5.06713927E-07
 3.56778960E-07  2.51392471E-07  2.55384214E-07  3.25379750E-07  4.05197372E-07
 4.77374164E-07  5.47824850E-07  6.22365650E-07  7.06397484E-07  8.05958175E-07
 9.28889584E-07  1.08647317E-06  1.29635607E-06  1.58848564E-06  2.01419672E-06
 2.63947009E-06  3.49447903E-06  4.49941680E-06  5.45031800E-06  6.13958352E-06
 6.47157504E-06  6.45958371E-06  6.17402799E-06  5.69626712E-06  5.09189820E-06
 4.40288844E-06  3.65593086E-06  2.86335344E-06  2.01311657E-06  1.16016446E-06
 4.06862626E-07  3.78632061E-08  6.02011961E-10  9.20736537E-13  7.75247560E-16
 4.68113316E-19  2.20415068E-22  8.50543413E-26  2.78032594E-29  7.88135562E-33
 0.00000000E+00
 0.00000000E+00  6.75890221E-49  2.41082396E-45  7.53656650E-42  1.98930428E-38
 4.31838997E-35  7.32106791E-32  8.56363543E-29  5.59756222E-26  4.80838437E-24
 1.13305498E-23  1.59290576E-23  1.95726641E-23  2.26750979E-23  2.54086538E-23
 2.84544356E-23  3.12512248E-23  3.28128985E-23  3.45123113E-23  3.49914337E-23
 3.55825414E-23  3.39397135E-23  3.17422258E-23  2.90981904E-23  2.43541793E-23
 1.69098460E-23  6.82604504E-24 -7.15766530E-24 -1.82670655E-23 -2.71334713E-23
-2.93087189E-23 -2.63629353E-23 -3.87346379E-23 -2.79760247E-23 -1.38154848E-23
-2.65667813E-23 -1.07359606E-23 -4.68374489E-23 -4.66969938E-23 -4.48505651E-23
-4.01229676E-23 -1.51681301E-23  1.76550074E-23  2.57219114E-23  2.81967492E-23
 2.32750980E-23  2.43702507E-23  3.79800029E-23  3.79019668E-23  5.18104265E-23
 7.25202866E-23  8.62584149E-23  1.11030097E-22  1.60378373E-22  2.71025286E-22
 3.75758838E-22  4.84172425E-22  5.30121967E-22  4.43376214E-22  2.72847002E-22
 9.59398776E-23 -4.74394711E-23 -1.51733332E-22 -2.10030878E-22 -2.42457502E-22
-2.51588113E-22 -2.50602978E-22 -2.42011966E-22 -2.13218122E-22 -1.49090121E-22
-6.22602371E-23 -6.54994932E-24 -1.10410603E-25 -1.68097764E-28 -1.42433841E-31
-8.58834614E-35 -4.06739608E-38 -1.60283333E-41 -5.26054748E-45 -1.49043447E-48
 0.00000000E+00
C   
 0.00000000E+00  2.05137661-105  2.66081215E-97  3.45128999E-89  4.47658787E-81
 5.80645679E-73  7.53135222E-65  9.76056646E-57  1.16983474E-48  4.49218025E-41
 1.88240629E-36  2.29955039E-34  8.32403790E-33  1.91206900E-31  3.59765067E-30
 6.16932466E-29  1.02668874E-27  1.67690790E-26  2.50080538E-25  3.07494259E-24
 2.95399928E-23  2.25390684E-22  1.46232723E-21  8.79701821E-21  5.28002507E-20
 3.31526521E-19  2.20056088E-18  1.51972289E-17  1.07960157E-16  7.84914224E-16
 5.81289767E-15  4.36527573E-14  3.30846751E-13  2.51984709E-12  1.92726232E-11
 1.50294922E-10  1.21525858E-09  1.01622475E-08  8.34982975E-08  5.86413287E-07
 2.75606922E-06  5.42851882E-06  3.04639258E-06  5.85167766E-07  6.85217743E-08
 7.58901427E-09  8.71830007E-10  1.07051164E-10  1.41524852E-11  2.00997791E-12
 3.04506974E-13  4.86888119E-14  8.10542045E-15  1.38250565E-15  2.37643886E-16
 4.08848972E-17  6.94359439E-18  1.12407689E-18  1.68252406E-19  2.26308922E-20
 2.62545658E-21  2.50910452E-22  1.89586206E-23  1.10408568E-24  4.93845341E-26
 1.70988265E-27  4.53282517E-29  8.13418736E-31  6.64004858E-33  1.50100914E-35
 2.36088836E-39  2.88898463E-45  7.81073928E-53  4.65791798E-61  2.51879676E-69
 1.36113487E-77  7.35542413E-86  3.97478080E-94  2.14791726-102  1.16070222-110
 0.00000000E+00
 0.00000000E+00  2.21582426-120  2.87993923-112  3.73185861-104  4.83893223E-96
 6.28364273E-88  8.17505693E-80  1.05591007E-71  1.25879348E-63  4.82434557E-56
 1.94440156E-51  2.26107788E-49  7.88844061E-48  1.80587778E-46  3.48517872E-45
 6.58319253E-44  1.11323861E-42  1.81573168E-41  2.75668865E-40  3.01174592E-39
 2.83108590E-38  1.77011873E-37  1.01137802E-36  5.66817233E-36  3.35156958E-35
 2.20304630E-34  1.51919261E-33  1.08919966E-32  7.57227495E-32  5.36021531E-31
 4.02248923E-30  3.00459390E-29  2.29909477E-28  1.79160135E-27  1.38677251E-26
 1.07351053E-25  8.65837642E-25  7.29851797E-24  5.63960176E-23  3.35419236E-22
 9.58068373E-22  3.27612192E-23 -1.03845877E-21 -3.22014663E-22 -4.64084619E-23
-5.73525248E-24 -7.01519290E-25 -8.53117043E-26 -1.13477371E-26 -1.64160678E-27
-2.46184380E-28 -3.82354513E-29 -6.19661940E-30 -1.04776564E-30 -1.78902162E-31
-3.08844107E-32 -5.36519613E-33 -9.12803112E-34 -1.41460310E-34 -2.02524727E-35
-2.52112893E-36 -2.59606264E-37 -2.07101081E-38 -1.26598825E-39 -5.85160350E-41
-2.01685011E-42 -5.18267599E-44 -9.31354736E-46 -7.35891796E-48 -1.47526106E-50
-1.70549556E-54  3.45985629E-62  2.40798799E-68  1.45117635E-76  7.89990166E-85
 4.29074881E-93  2.30976433-101  1.23555193-109  6.65753536-118  3.58946097-126
 0.00000000E+00
CH  
 0.00000000E+00  2.17125193-100  2.08493567E-91  2.00205493E-82  1.92246789E-73
 1.84604320E-64  1.77264867E-55  1.70072101E-46  1.50700959E-37  4.03341899E-29
 4.85621404E-26  1.13080986E-24  1.12917035E-23  8.05316131E-23  4.90036711E-22
 2.75764500E-21  1.50710351E-20  8.15369315E-20  4.26004440E-19  2.05908091E-18
 8.98859998E-18  3.56365695E-17  1.32154106E-16  4.77545081E-16  1.74432486E-15
 6.59794367E-15  2.58927092E-14  1.03929193E-13  4.22763689E-13  1.73549583E-12
 7.15877464E-12  2.95331487E-11  1.21200502E-10  4.91854247E-10  1.96314155E-09
 7.73348851E-09  3.02093996E-08  1.17494742E-07  4.51362750E-07  1.57037589E-06
 3.93978203E-06  4.84180291E-06  2.33659596E-06  5.12882845E-07  7.94921974E-08
 1.22383582E-08  1.98029080E-09  3.42067683E-10  6.33692050E-11  1.25907035E-11
 2.67452646E-12  6.03650036E-13  1.43509506E-13  3.55587355E-14  9.08572223E-15
 2.38618067E-15  6.38266143E-16  1.69564335E-16  4.37851765E-17  1.07719021E-17
 2.45497731E-18  5.02960916E-19  9.02943223E-20  1.39891964E-20  1.86334227E-21
 2.13115530E-22  2.06214079E-23  1.55384188E-24  7.06915688E-26  1.41568613E-27
 5.14871426E-30  8.89140416E-34  2.88659800E-39  1.63183533E-47  3.54411606E-56
 6.32007095E-65  1.09643608E-73  1.89813523E-82  3.28570462E-91  5.68758941-100
 0.00000000E+00
 0.00000000E+00  1.26902949-115  1.44163675-106  1.38940264E-97  1.33721722E-88
 1.28165955E-79  1.23727027E-70  1.17788581E-61  1.04220102E-52  2.79492308E-44
 3.24703806E-41  7.09174935E-40  6.67807696E-39  4.65293532E-38  2.84171653E-37
 1.76927373E-36  9.78041319E-36  5.38674633E-35  2.87175660E-34  1.28313551E-33
 5.62387701E-33  1.91978139E-32  6.50029865E-32  2.23498240E-31  8.12908877E-31
 3.18928816E-30  1.28880527E-29  5.35115080E-29  2.12547908E-28  8.39946977E-28
 3.50437024E-27  1.42076188E-26  5.87516513E-26  2.38386312E-25  9.60992419E-25
 3.63249071E-24  1.38894650E-23  5.39883539E-23  1.95442726E-22  5.70246883E-22
 7.12912714E-22 -3.88537062E-22 -7.72400909E-22 -2.48358141E-22 -4.58027846E-23
-7.71428224E-24 -1.31681941E-24 -2.25803941E-25 -4.13984955E-26 -8.26913325E-27
-1.73051944E-27 -3.72763469E-28 -8.55197008E-29 -2.04361769E-29 -5.06475430E-30
-1.30637341E-30 -3.48420220E-31 -9.55514957E-32 -2.48955848E-32 -6.38170212E-33
-1.53722523E-33 -3.33352452E-34 -6.24557129E-35 -1.00298499E-35 -1.35743181E-36
-1.52891799E-37 -1.42691026E-38 -1.07005903E-39 -4.68271475E-41 -8.08911507E-43
-1.89602134E-45  4.32180247E-49  3.67727186E-53  2.97798792E-61  7.12586622E-70
 1.29386047E-78  2.24853618E-87  3.88880261E-96  6.24021919-105 -3.18968022-113
 0.00000000E+00
CH2 
 0.00000000E+00  6.73998455E-67  3.88041985E-60  2.02433697E-53  8.89111788E-47
 2.99191171E-40  6.86600345E-34  9.48669719E-28  8.66849159E-22  1.53971003E-16
 5.60610722E-15  2.45979474E-14  6.63079852E-14  1.43452341E-13  2.75913586E-13
 4.98616132E-13  8.77294443E-13  1.54358992E-12  2.77747053E-12  5.19736644E-12
 1.01806459E-11  2.07721238E-11  4.37377612E-11  9.45886355E-11  2.10148771E-10
 4.80166216E-10  1.12085632E-09  2.63974388E-09  6.22912138E-09  1.46827589E-08
 3.44581968E-08  8.02125850E-08  1.84380464E-07  4.16363842E-07  9.18749356E-07
 1.97862378E-06  4.14818839E-06  8.41095439E-06  1.61774685E-05  2.74648955E-05
 3.47265821E-05  2.49277217E-05  8.92237276E-06  1.81818028E-06  3.03875085E-07
 5.40614676E-08  1.04998190E-08  2.23640624E-09  5.22558132E-10  1.33745765E-10
 3.73742307E-11  1.13442528E-11  3.71539941E-12  1.30332693E-12  4.86455510E-13
 1.92936735E-13  8.08313484E-14  3.51883768E-14  1.56990882E-14  7.08851881E-15
 3.18781898E-15  1.40630083E-15  6.01702833E-16  2.48016028E-16  9.79611354E-17
 3.67320105E-17  1.28854583E-17  4.07229343E-18  1.04006542E-18  1.84134020E-19
 1.33425636E-20  1.01805868E-22  2.57313236E-26  6.33705623E-32  4.99804993E-38
 2.13595211E-44  5.93558499E-51  1.20542417E-57  1.95463371E-64  2.72114407E-71
 0.00000000E+00
 0.00000000E+00 -9.52679622E-73 -3.03653438E-69 -8.21068627E-66  1.02853100E-62
 9.69711902E-56  2.20748582E-49  2.99412979E-43  3.00266689E-37  5.13469423E-32
 1.71260164E-30  6.39832303E-30  1.48973816E-29  2.87798134E-29  5.13081359E-29
 1.02952810E-28  1.79958300E-28  3.53688775E-28  6.54905619E-28  1.36420425E-27
 2.89073189E-27  6.03438518E-27  1.28120043E-26  2.73654094E-26  6.18235842E-26
 1.44600430E-25  3.45901225E-25  8.28994941E-25  1.90277599E-24  4.29136620E-24
 1.01882284E-23  2.31831675E-23  5.25411939E-23  1.17103583E-22  2.52136642E-22
 5.14030061E-22  1.02956200E-21  1.95816022E-21  3.22892749E-21  3.65515876E-21
-2.63407040E-22 -4.92085409E-21 -3.34506549E-21 -8.67541448E-22 -1.62814099E-22
-3.05576623E-23 -6.09276631E-24 -1.26349215E-24 -2.85973672E-25 -7.12421538E-26
-1.90871544E-26 -5.35872108E-27 -1.62824298E-27 -5.22570925E-28 -1.80090980E-28
-6.67464787E-29 -2.60245872E-29 -1.10083053E-29 -4.69258828E-30 -2.05297244E-30
-9.15472540E-31 -4.09063322E-31 -1.72765665E-31 -7.11516496E-32 -2.69030848E-32
-9.67494467E-33 -3.11822416E-33 -9.37301637E-34 -2.16144759E-34 -2.93316886E-35
-7.17645844E-37  6.75392300E-38  3.31050867E-40  1.33613706E-45  1.36783388E-51
 6.94528274E-58  2.17648275E-64 -2.18249103E-70 -9.54553425E-74 -2.92590550E-77
 0.00000000E+00
CH2(
 0.00000000E+00  1.04394245E-72  8.43964004E-66  8.00643716E-59  5.50125334E-52
 2.74638836E-45  2.31647578E-38  8.45991765E-31  2.11408374E-23  7.98206567E-18
 3.17795636E-16  1.49397130E-15  4.27751327E-15  9.73270919E-15  1.94572485E-14
 3.60584954E-14  6.40430775E-14  1.11463363E-13  1.92840440E-13  3.34075506E-13
 5.82440936E-13  1.03344020E-12  1.90218197E-12  3.70297455E-12  7.70619642E-12
 1.71301980E-11  4.00486703E-11  9.61982566E-11  2.33706995E-10  5.69379542E-10
 1.38303281E-09  3.33520236E-09  7.95524747E-09  1.86934812E-08  4.30855352E-08
 9.73773910E-08  2.15494868E-07  4.65316832E-07  9.68688266E-07  1.82712432E-06
 2.65906725E-06  2.27414348E-06  9.56422395E-07  2.12126136E-07  3.57760405E-08
 6.22197092E-09  1.17074430E-09  2.41303015E-10  5.46295234E-11  1.35625998E-11
 3.67566433E-12  1.08044462E-12  3.41996546E-13  1.15770143E-13  4.16898870E-14
 1.59826049E-14  6.49340782E-15  2.74991595E-15  1.19587905E-15  5.26312474E-16
 2.30209108E-16  9.84395014E-17  4.06391660E-17  1.60284246E-17  5.95204224E-18
 2.02780599E-18  6.09629648E-19  1.50184305E-19  2.54786628E-20  2.36798884E-21
 7.23826186E-23  3.85907909E-25  9.58828496E-29  2.24459457E-34  1.59417804E-40
 5.82743117E-47  1.29642322E-53  1.93874429E-60  2.08238837E-67  1.68348027E-74
 0.00000000E+00
 0.00000000E+00 -4.10873541E-74 -1.30960506E-70 -3.54396744E-67 -7.91917843E-64
-5.43526293E-61  9.07628312E-54  3.50762810E-46  8.28062058E-39  2.73798841E-33
 1.00136442E-31  4.15597348E-31  1.03869625E-30  2.11741658E-30  3.87086309E-30
 7.62702316E-30  1.34465189E-29  2.42796912E-29  4.11392463E-29  7.29475301E-29
 1.31735212E-28  2.37377538E-28  4.67766459E-28  9.71614172E-28  2.14378108E-27
 5.10507725E-27  1.26007862E-26  3.16436775E-26  7.52390828E-26  1.74526651E-25
 4.32412561E-25  1.00185153E-24  2.36445434E-24  5.56997865E-24  1.26056690E-23
 2.69214979E-23  5.77576309E-23  1.19823192E-22  2.24760631E-22  3.18627301E-22
 1.11168699E-22 -3.37092348E-22 -3.24223670E-22 -9.85133052E-23 -1.93437148E-23
-3.61225942E-24 -6.98382302E-25 -1.39819564E-25 -3.06097237E-26 -7.45913485E-27
-1.93740577E-27 -5.26665614E-28 -1.55234736E-28 -4.85836402E-29 -1.62129961E-29
-5.77242546E-30 -2.19520846E-30 -9.04429116E-31 -3.74280064E-31 -1.60589608E-31
-7.01450965E-32 -3.07791052E-32 -1.27884420E-32 -5.13036799E-33 -1.89991031E-33
-6.61401385E-34 -2.07217595E-34 -5.48384497E-35 -9.78273219E-36 -8.51040452E-37
-1.96989924E-38 -6.35555235E-41  5.13711707E-44  2.28963191E-49  2.23113712E-55
 9.96088725E-62 -2.44041462E-69 -1.22163270E-71 -4.37424078E-75 -1.34067879E-78
 0.00000000E+00
CH3 
 0.00000000E+00  4.75870130E-33  1.69091222E-29  5.21104144E-26  1.36065373E-22
 2.91235619E-19  4.86285058E-16  5.82613991E-13  3.92572294E-10  3.50127653E-08
 1.58295614E-07  3.28513499E-07  5.69831540E-07  9.11024918E-07  1.38834570E-06
 2.04989046E-06  2.96074964E-06  4.21020436E-06  5.92211931E-06  8.27025325E-06
 1.14989840E-05  1.59498220E-05  2.21032017E-05  3.06466127E-05  4.25592969E-05
 5.92243470E-05  8.23925858E-05  1.14135227E-04  1.57175178E-04  2.15051597E-04
 2.92016930E-04  3.92822009E-04  5.22109124E-04  6.83099441E-04  8.75218716E-04
 1.09152908E-03  1.31210581E-03  1.49716688E-03  1.57913797E-03  1.45222650E-03
 1.02559822E-03  4.59246090E-04  1.18245698E-04  1.94326539E-05  2.90666426E-06
 5.03927876E-07  1.01622664E-07  2.35454110E-08  6.18302777E-09  1.81810525E-09
 5.92798481E-10  2.12728092E-10  8.35687372E-11  3.58058673E-11  1.66954246E-11
 8.47840637E-12  4.66252547E-12  2.73294995E-12  1.67958435E-12  1.06376493E-12
 6.81383436E-13  4.34017853E-13  2.71064255E-13  1.63916901E-13  9.46438540E-14
 5.12138127E-14  2.53685349E-14  1.10446343E-14  3.85074825E-15  9.65686376E-16
 1.39573349E-16  9.55555118E-18  1.50656172E-19  2.30417146E-22  1.94008082E-25
 1.17146795E-28  5.51595475E-32  2.12851101E-35  6.95785104E-39  1.97233344E-42
 0.00000000E+00
 0.00000000E+00  7.02473869E-49  2.46131184E-45  7.61402779E-42  1.97202421E-38
 4.28819685E-35  7.19986743E-32  8.24690357E-29  5.07231870E-26  4.10106748E-24
 2.22394429E-23  4.69915607E-23  7.94097072E-23  1.24790407E-22  1.89687432E-22
 2.85907292E-22  4.15851774E-22  5.88089938E-22  8.25916685E-22  1.15740951E-21
 1.57011425E-21  2.11716184E-21  2.80396010E-21  3.85906137E-21  5.27652510E-21
 7.16660932E-21  1.00394724E-20  1.36912368E-20  1.79067064E-20  2.35177543E-20
 3.04453471E-20  3.95079496E-20  4.98537502E-20  6.15451119E-20  7.19755757E-20
 7.60177678E-20  7.09787102E-20  5.06508435E-20 -4.87666966E-21 -8.98750328E-20
-1.68998219E-19 -1.43380523E-19 -5.27988795E-20 -1.01504957E-20 -1.60986802E-21
-2.85500731E-22 -5.66515371E-23 -1.23239383E-23 -3.04078769E-24 -8.54657620E-25
-2.58865481E-25 -8.36902809E-26 -2.92902893E-26 -1.09156728E-26 -4.37548028E-27
-1.90258799E-27 -8.86928249E-28 -4.44022119E-28 -2.36795589E-28 -1.39384728E-28
-8.50421034E-29 -5.52297368E-29 -3.46731174E-29 -2.17381197E-29 -1.35749066E-29
-7.99536715E-30 -4.32581125E-30 -2.07506711E-30 -7.55141359E-31 -1.73030619E-31
-1.60277922E-32 -2.14922385E-34  1.04145606E-34  2.69619045E-37  3.00068961E-40
 2.18592630E-43  1.18808877E-46  5.13950611E-50  1.84902116E-53  5.68698165E-57
 0.00000000E+00
CH4 
 1.55521922E-01  1.55521922E-01  1.55521922E-01  1.55521922E-01  1.55521922E-01
 1.55521922E-01  1.55521922E-01  1.55521904E-01  1.55510198E-01  1.54478378E-01
 1.52199397E-01  1.49813326E-01  1.47072566E-01  1.43940226E-01  1.40428731E-01
 1.36563655E-01  1.32372853E-01  1.27882892E-01  1.23118704E-01  1.18103328E-01
 1.12858179E-01  1.07403370E-01  1.01753477E-01  9.59158662E-02  8.99021702E-02
 8.37334880E-02  7.74817418E-02  7.12431923E-02  6.50546032E-02  5.89180900E-02
 5.28359629E-02  4.68134886E-02  4.08603732E-02  3.49937421E-02  2.92441951E-02
 2.36394605E-02  1.82631520E-02  1.32557285E-02  8.76345812E-03  4.99844747E-03
 2.24136400E-03  7.27403256E-04  1.70633014E-04  3.11958308E-05  5.70276654E-06
 1.22927233E-06  3.06273467E-07  8.66611324E-08  2.75104414E-08  9.71591357E-09
 3.79634296E-09  1.63557378E-09  7.75664311E-10  4.04752943E-10  2.32482561E-10
 1.47169528E-10  1.02081640E-10  7.64696058E-11  6.08575049E-11  5.05550509E-11
 4.30929455E-11  3.71727663E-11  3.21119372E-11  2.75511259E-11  2.32970994E-11
 1.92413081E-11  1.53407196E-11  1.15624470E-11  7.81647407E-12  4.32561354E-12
 1.45840633E-12  1.34269866E-13  2.13429533E-15  3.26425967E-18  2.74846196E-21
 1.65958812E-24  7.81430939E-28  3.01540609E-31  9.85700629E-35  2.79415341E-38
 0.00000000E+00
 0.00000000E+00 -7.92098057E-31 -2.81462561E-27 -8.67410586E-24 -2.26489730E-20
-5.20048738E-20 -5.18036314E-20 -3.44273012E-20 -2.54205835E-20 -6.69946872E-20
-3.82573518E-19 -7.33417785E-19 -8.50860989E-19 -1.12405123E-18 -1.24556861E-18
-1.50780057E-18 -1.78093572E-18 -2.07728115E-18 -2.13457122E-18 -2.33092206E-18
-2.39580661E-18 -2.46936723E-18 -2.46135812E-18 -2.44146359E-18 -2.40195336E-18
-2.29829101E-18 -2.42685243E-18 -2.43317819E-18 -2.33179485E-18 -2.26077950E-18
-2.22054721E-18 -2.11819039E-18 -2.06661047E-18 -2.04235719E-18 -2.03460658E-18
-1.92775211E-18 -1.79839918E-18 -1.66291881E-18 -1.40801765E-18 -1.06328413E-18
-6.46300456E-19 -2.69693234E-19 -7.48435086E-20 -1.47834902E-20 -2.75268396E-21
-5.98446613E-22 -1.45261368E-22 -3.86076894E-23 -1.13616209E-23 -3.74092358E-24
-1.31667248E-24 -4.93757548E-25 -1.99272329E-25 -8.46201764E-26 -3.71674746E-26
-1.66965636E-26 -7.38915804E-27 -2.83715112E-27 -7.08388307E-28  2.86433332E-28
 7.06408531E-28  7.87962125E-28  7.21891353E-28  5.96124777E-28  4.16369718E-28
 2.50860391E-28  8.78792469E-29 -9.64651606E-29 -1.98691278E-28 -1.65247322E-28
-5.69639761E-29  1.51718122E-29  6.03242108E-30  1.54718964E-32  1.72218575E-35
 1.25925387E-38  6.85734434E-42  2.97700988E-45  1.07386395E-48  3.31379398E-52
 0.00000000E+00
CO  
 0.00000000E+00  4.92986832E-29  1.75176804E-25  5.39858848E-22  1.40962470E-18
 3.01717572E-15  5.03787454E-12  6.03584661E-09  4.06726144E-06  3.62034941E-04
 1.15269821E-03  1.98052590E-03  2.93142032E-03  4.01818384E-03  5.23651191E-03
 6.57753771E-03  8.03160509E-03  9.58950482E-03  1.12425955E-02  1.29828905E-02
 1.48029662E-02  1.66958494E-02  1.86564881E-02  2.06823358E-02  2.27693637E-02
 2.49102477E-02  2.70799972E-02  2.92451202E-02  3.13926855E-02  3.35216291E-02
 3.56305181E-02  3.77163210E-02  3.97733936E-02  4.17915549E-02  4.37524535E-02
 4.56323575E-02  4.73774537E-02  4.88965471E-02  5.00588521E-02  5.06140246E-02
 5.00094491E-02  4.72422731E-02  4.17484381E-02  3.45312434E-02  2.79370993E-02
 2.29166319E-02  1.90250337E-02  1.59484582E-02  1.34834296E-02  1.14908341E-02
 9.87007072E-03  8.54476624E-03  7.45471630E-03  6.55108545E-03  5.79430507E-03
 5.15597162E-03  4.60998749E-03  4.13075097E-03  3.70174057E-03  3.31178701E-03
 2.95084256E-03  2.61125233E-03  2.28793303E-03  1.97775456E-03  1.67854623E-03
 1.38849089E-03  1.10749333E-03  8.34626326E-04  5.64018461E-04  3.11994959E-04
 1.05154778E-04  9.68048007E-06  1.53876432E-07  2.35343545E-10  1.98156043E-13
 1.19651434E-16  5.63388780E-20  2.17401932E-23  7.10661233E-27  2.01450263E-30
 0.00000000E+00
 0.00000000E+00  8.87018046E-45  3.12719367E-41  9.69554524E-38  2.53434371E-34
 5.36825052E-31  8.96539176E-28  1.04118529E-24  6.72611195E-22  5.51323341E-20
 1.60690329E-19  2.47271715E-19  3.23138976E-19  3.88734629E-19  4.66252870E-19
 5.50564372E-19  6.12413790E-19  6.65541447E-19  7.16595232E-19  7.59250475E-19
 7.75985079E-19  7.69136485E-19  7.72017474E-19  7.64997862E-19  7.66810231E-19
 7.37241110E-19  7.45401688E-19  7.43975940E-19  7.00963789E-19  6.44812003E-19
 6.43991254E-19  5.73198744E-19  5.62628855E-19  5.52340420E-19  5.11450880E-19
 4.84385456E-19  3.91691938E-19  2.28605484E-19 -2.94881691E-20 -3.02526516E-19
-7.80780455E-19 -1.40776666E-18 -2.00608606E-18 -2.02611107E-18 -1.86272164E-18
-1.61989790E-18 -1.40864103E-18 -1.17408941E-18 -9.77425650E-19 -8.44018954E-19
-7.10623285E-19 -5.83339833E-19 -4.84889715E-19 -3.94556544E-19 -3.29462150E-19
-2.80043081E-19 -2.48666927E-19 -2.19006725E-19 -1.96998123E-19 -1.80206541E-19
-1.64294657E-19 -1.52786927E-19 -1.39733206E-19 -1.28250984E-19 -1.17097432E-19
-1.06614010E-19 -9.41177401E-20 -8.26872309E-20 -6.71337044E-20 -4.28455503E-20
-1.64947980E-20 -1.70706873E-21 -2.77530850E-23 -4.31982739E-26 -3.65218143E-29
-2.24439231E-32 -1.05421683E-35 -4.11032948E-39 -1.36498749E-42 -3.88239914E-46
 0.00000000E+00
HCO 
 0.00000000E+00  7.02619266E-59  5.14439395E-54  1.23771023E-48  3.07780620E-43
 7.69168349E-38  2.04325499E-32  7.60911518E-27  1.62649079E-20  5.04770509E-15
 1.29566626E-13  4.81855100E-13  1.16499958E-12  2.34503705E-12  4.36801228E-12
 8.07071110E-12  1.54960359E-11  3.13044787E-11  6.51588636E-11  1.35450865E-10
 2.75373707E-10  5.45249119E-10  1.06390444E-09  2.08392368E-09  4.14151472E-09
 8.32306169E-09  1.66385873E-08  3.24707451E-08  6.12877579E-08  1.11536274E-07
 1.95499134E-07  3.30158064E-07  5.38038076E-07  8.48254809E-07  1.29901499E-06
 1.95000219E-06  2.91190785E-06  4.43144364E-06  7.07763275E-06  1.17834940E-05
 1.82124294E-05  1.94371929E-05  1.07783327E-05  3.13544385E-06  7.00332953E-07
 1.80676807E-07  6.64801021E-08  3.56353357E-08  2.37086615E-08  1.71407590E-08
 1.26995462E-08  9.42416887E-09  6.92621231E-09  4.99770397E-09  3.50918012E-09
 2.38051289E-09  1.54713736E-09  9.50720159E-10  5.46135649E-10  2.90440503E-10
 1.41097397E-10  6.16159960E-11  2.37971351E-11  8.02978553E-12  2.35714534E-12
 6.01985030E-13  1.32212977E-13  2.32969700E-14  2.66314084E-15  1.47846132E-16
 1.85337288E-18  1.61335819E-21  2.01534524E-25  4.67806078E-31  3.38325939E-37
 1.30527525E-43  4.24906071E-50  4.26335067E-56  1.06329261E-61  3.25591342E-67
 0.00000000E+00
 0.00000000E+00  1.56969135E-74  1.61349445E-69  3.92655889E-64  9.76342457E-59
 2.42869721E-53  6.54822278E-48  2.51228743E-42  6.79402352E-36  1.89821498E-30
 3.99402174E-29  1.25126037E-28  2.54433188E-28  4.77015140E-28  8.86176651E-28
 1.90396028E-27  4.08350292E-27  9.09918026E-27  1.98539023E-26  4.16827292E-26
 8.44117848E-26  1.53528661E-25  2.78456102E-25  5.39686009E-25  1.05471444E-24
 2.09444818E-24  4.15710619E-24  7.76697323E-24  1.35420227E-23  2.28181024E-23
 3.68566235E-23  5.90376957E-23  9.16221302E-23  1.32035077E-22  1.81361397E-22
 2.68736517E-22  3.96699371E-22  6.35503109E-22  1.13049516E-21  1.93631999E-21
 1.61168573E-21 -1.27989241E-21 -2.77096852E-21 -1.23493628E-21 -3.09937956E-22
-7.28592385E-23 -2.01262923E-23 -6.72307938E-24 -3.69299355E-24 -2.41964659E-24
-1.76158424E-24 -1.35664464E-24 -1.07724378E-24 -8.19517525E-25 -6.04239439E-25
-4.65408461E-25 -3.38875768E-25 -2.28681103E-25 -1.54142467E-25 -9.35820949E-26
-5.02454543E-26 -2.45679654E-26 -1.06669203E-26 -3.84358815E-27 -1.21590857E-27
-3.15290502E-28 -7.09028308E-29 -1.30132758E-29 -1.58214867E-30 -8.51413032E-32
-9.39004321E-34 -4.67275167E-37  5.87767633E-40  2.39695473E-45  2.36015363E-51
 1.25778941E-57  8.97694597E-64  1.77784075E-69  4.80039283E-75  1.37002989E-80
 0.00000000E+00
CH2O
 0.00000000E+00  7.72387080E-31  2.74458243E-27  8.45823803E-24  2.20852935E-20
 4.72715949E-17  7.89308697E-14  9.45664300E-11  6.37225751E-08  5.66977811E-06
 1.79171059E-05  3.06527213E-05  4.52082159E-05  6.17593513E-05  8.02122190E-05
 1.00398175E-04  1.22131647E-04  1.45227995E-04  1.69501935E-04  1.94760879E-04
 2.20792656E-04  2.47357402E-04  2.74209437E-04  3.01102580E-04  3.27721134E-04
 3.53633784E-04  3.78112539E-04  4.00285866E-04  4.19460453E-04  4.34961702E-04
 4.45999541E-04  4.51703707E-04  4.51219253E-04  4.43872145E-04  4.29408994E-04
 4.08169182E-04  3.81444284E-04  3.51546859E-04  3.20645194E-04  2.87851847E-04
 2.40054733E-04  1.54351172E-04  6.18867139E-05  1.52687369E-05  3.10433847E-06
 6.67399227E-07  1.57548417E-07  4.13071917E-08  1.20578971E-08  3.91466757E-09
 1.41110031E-09  5.64240197E-10  2.50326395E-10  1.23269635E-10  6.72973176E-11
 4.05822472E-11  2.66699948E-11  1.86778683E-11  1.36457920E-11  1.02132280E-11
 7.72209743E-12  5.85348752E-12  4.43864376E-12  3.36621707E-12  2.54744237E-12
 1.91028501E-12  1.40252956E-12  9.85242115E-13  6.26163429E-13  3.28565111E-13
 1.06219254E-13  9.68806081E-15  1.53967092E-16  2.35482466E-19  1.98273031E-22
 1.19722076E-25  5.63721402E-29  2.17530285E-32  7.11080805E-36  2.01569198E-39
 0.00000000E+00
 0.00000000E+00  1.41800400E-46  4.95021437E-43  1.51421869E-39  3.97893890E-36
 8.47143298E-33  1.42356190E-29  1.66758657E-26  1.07626533E-23  8.95425588E-22
 2.59903890E-21  3.90684193E-21  5.10729797E-21  6.20335208E-21  7.38034979E-21
 8.56442263E-21  9.70955647E-21  1.04892150E-20  1.10537395E-20  1.17110913E-20
 1.19968957E-20  1.18424278E-20  1.14843414E-20  1.13050774E-20  1.08613441E-20
 1.03370312E-20  9.73041790E-21  8.78168403E-21  7.49269921E-21  5.96015372E-21
 4.22778629E-21  1.94458794E-21 -4.64743551E-22 -2.97036519E-21 -5.52270050E-21
-7.27421227E-21 -8.64640717E-21 -9.91665364E-21 -1.05151155E-20 -1.21800585E-20
-1.93629068E-20 -2.89044582E-20 -1.96725846E-20 -6.43732171E-21 -1.46113424E-21
-3.31993324E-22 -7.87877936E-23 -1.96125505E-23 -5.42599274E-24 -1.66034753E-24
-5.44019790E-25 -1.92457889E-25 -7.32423299E-26 -2.98291150E-26 -1.30255016E-26
-6.22226275E-27 -3.20208543E-27 -1.82725780E-27 -1.14885218E-27 -7.88682635E-28
-5.49309847E-28 -3.91685807E-28 -2.68043689E-28 -1.75940189E-28 -1.15063350E-28
-7.84040361E-29 -5.62236165E-29 -4.48415777E-29 -3.46541509E-29 -2.02931772E-29
-6.34825139E-30  8.66639678E-31  4.73112482E-31  1.22157391E-33  1.36482692E-36
 1.00004420E-39  5.45662008E-43  2.37154442E-46  8.56797489E-50  2.64595482E-53
 0.00000000E+00
CH2O
 0.00000000E+00  1.50867493E-70  1.61679164E-63  1.35540500E-56  8.51247481E-50
 3.96941029E-43  1.86279041E-36  1.92455713E-29  2.16900814E-22  7.15664197E-17
 1.76213037E-15  6.30948447E-15  1.47166877E-14  2.85764154E-14  5.11132534E-14
 9.02245311E-14  1.68691743E-13  3.59700190E-13  8.89306942E-13  2.34096389E-12
 5.92029305E-12  1.38068201E-11  3.01101801E-11  6.34994890E-11  1.33184388E-10
 2.82199780E-10  6.04169864E-10  1.29493031E-09  2.76281050E-09  5.85340873E-09
 1.22879478E-08  2.55097322E-08  5.22713702E-08  1.05525815E-07  2.09589078E-07
 4.10681078E-07  7.95970178E-07  1.52643995E-06  2.86383026E-06  4.93472831E-06
 6.65585667E-06  5.37346822E-06  2.17314425E-06  4.74590901E-07  8.07961539E-08
 1.43937474E-08  2.80279754E-09  6.01535280E-10  1.41962730E-10  3.66234877E-11
 1.02600119E-11  3.10291073E-12  1.00850928E-12  3.51285912E-13  1.31038733E-13
 5.25804777E-14  2.26204880E-14  1.02363152E-14  4.76770751E-15  2.23613469E-15
 1.03435104E-15  4.65629967E-16  2.03035486E-16  8.58574432E-17  3.52464426E-17
 1.39644977E-17  5.26529683E-18  1.81661352E-18  5.11749468E-19  9.94887140E-20
 7.67608615E-21  6.08591436E-23  1.54525767E-26  3.66479957E-32  2.67291773E-38
 1.01520156E-44  2.37937396E-51  3.80706260E-58  4.45290169E-65  4.00226262E-72
 0.00000000E+00
 0.00000000E+00  4.75858841E-86  5.13963410E-79  4.24453506E-72  2.67508372E-65
 1.28311534E-58  6.86480539E-52  7.91166037E-45  8.82827831E-38  2.51357756E-32
 4.81935293E-31  1.48658471E-30  2.83837827E-30  5.07332056E-30  8.79474371E-30
 1.87715563E-29  4.38680907E-29  1.18753787E-28  3.56751410E-28  9.21661189E-28
 2.36369844E-27  4.52100821E-27  8.73108176E-27  1.72202758E-26  3.49912348E-26
 7.55163386E-26  1.64828126E-25  3.54619602E-25  7.32948365E-25  1.47176501E-24
 3.09705407E-24  6.05961678E-24  1.22246447E-23  2.55704118E-23  4.97772067E-23
 9.49750940E-23  1.75147379E-22  2.47026353E-22  4.17128603E-22  3.71596428E-22
 9.30863896E-23 -7.32485264E-22 -6.28423757E-22 -2.16584619E-22 -4.49650933E-23
-8.19952501E-24 -1.67263742E-24 -3.10203356E-25 -7.94157501E-26 -2.03654230E-26
-5.32398265E-27 -1.52058163E-27 -4.54232568E-28 -1.48704130E-28 -4.81030402E-29
-1.77268455E-29 -6.96653996E-30 -2.98371593E-30 -1.33850854E-30 -6.29908128E-31
-2.89295731E-31 -1.30951397E-31 -5.74584038E-32 -2.40336874E-32 -9.44723229E-33
-3.56278973E-33 -1.29210559E-33 -4.27090185E-34 -1.19640583E-34 -2.13622081E-35
-1.43084193E-36 -4.12950874E-40  5.02285997E-41  2.02446079E-46  1.95541058E-52
 8.98482520E-59  2.43085811E-65  4.36097723E-72  5.60409418E-79  5.44861492E-86
 0.00000000E+00
CH3O
 0.00000000E+00  4.92495489E-40  4.83179986E-36  4.51281474E-32  4.00247874E-28
 3.36146698E-24  2.66489577E-20  1.98558163E-16  1.27892657E-12  2.03957345E-09
 2.62776221E-08  6.88625889E-08  1.25991970E-07  1.93675595E-07  2.65939341E-07
 3.35530162E-07  3.94268098E-07  4.33258082E-07  4.44227379E-07  4.23486010E-07
 3.76853428E-07  3.19319415E-07  2.66716761E-07  2.27748205E-07  2.03850519E-07
 1.93327004E-07  1.94284712E-07  2.05343121E-07  2.25810977E-07  2.55683193E-07
 2.95211223E-07  3.44336572E-07  4.02015770E-07  4.65491297E-07  5.29735811E-07
 5.87800356E-07  6.31310970E-07  6.51882705E-07  6.39662288E-07  5.78819103E-07
 4.52471421E-07  2.68338392E-07  1.00783946E-07  2.32202124E-08  4.42238519E-09
 9.05017791E-10  2.06732372E-10  5.31531605E-11  1.53778639E-11  4.99144364E-12
 1.81204878E-12  7.34250648E-13  3.32008321E-13  1.67846340E-13  9.52666578E-14
 6.10720154E-14  4.41454285E-14  3.55660700E-14  3.14215879E-14  2.98024116E-14
 2.96293261E-14  3.00925700E-14  3.02552379E-14  2.89017746E-14  2.50671020E-14
 1.90553034E-14  1.24438472E-14  6.77570973E-15  2.75342580E-15  6.52626937E-16
 4.35666461E-17  3.37885467E-19  2.17804572E-22  2.52720635E-26  2.52665951E-30
 2.41167452E-34  2.20355567E-38  1.93088655E-42  1.62534953E-46  1.31630916E-50
 0.00000000E+00
 0.00000000E+00  1.35398472E-55  1.34048876E-51  1.25700363E-47  1.11338696E-43
 9.43980387E-40  7.49149890E-36  5.48044330E-32  3.25112527E-28  5.05246905E-25
 5.42557726E-24  1.14059809E-23  1.69393304E-23  2.05971139E-23  2.21073696E-23
 2.11402562E-23  1.52448791E-23  5.77845268E-24 -9.82567832E-24 -2.42987408E-23
-4.12640905E-23 -3.15405465E-23 -1.77697934E-23 -5.87614056E-24 -5.76766775E-24
-1.65867112E-23 -7.60265382E-24 -4.28298488E-24  9.50288384E-24  1.83643968E-24
 2.47069145E-23  1.95321161E-23  1.49429156E-23  2.14517791E-23  2.32383388E-24
 2.93787608E-23 -6.02957824E-24 -3.62245353E-23 -2.87636923E-23 -7.43736070E-23
-4.06503926E-23 -5.57344987E-23 -3.25807479E-23 -1.08705347E-23 -2.22242106E-24
-5.00071622E-25 -1.18147921E-25 -2.39899878E-26 -7.43559146E-27 -2.33471741E-27
-7.01210126E-28 -2.41079394E-28 -7.52227508E-29 -4.00547050E-29 -1.43083991E-29
-5.00355158E-30 -3.54226116E-32  2.31740093E-30  5.33940352E-31  4.82475539E-30
 3.94010843E-30  2.58921954E-30  2.23207052E-30  1.18059657E-30  3.43242501E-31
-5.59106567E-31 -9.38938843E-31 -8.13952175E-31 -4.57325767E-31 -1.31382218E-31
-9.69593788E-33 -6.25574061E-35 -1.64126122E-39  8.36570943E-44  2.44686032E-47
 4.48102362E-51  6.12393889E-55  7.00693187E-59  7.21154510E-63  6.95082596E-67
 0.00000000E+00
CH3O
 0.00000000E+00  7.36906158E-32  2.61850535E-28  8.06969444E-25  2.10707682E-21
 4.51000964E-18  7.53050697E-15  9.02225425E-12  6.07965529E-09  5.41162032E-07
 1.72271664E-06  2.95924804E-06  4.37880312E-06  5.99969763E-06  7.81377808E-06
 9.80421809E-06  1.19496895E-05  1.42244722E-05  1.65973798E-05  1.90323512E-05
 2.14914323E-05  2.39393529E-05  2.63482945E-05  2.86968569E-05  3.09609064E-05
 3.31077723E-05  3.50811158E-05  3.68144400E-05  3.82553232E-05  3.93496736E-05
 4.00290554E-05  4.02109406E-05  3.98031090E-05  3.87141648E-05  3.68728605E-05
 3.42421247E-05  3.08586349E-05  2.68390854E-05  2.22563586E-05  1.70268500E-05
 1.09947525E-05  5.14280295E-06  1.57372065E-06  3.30226931E-07  6.31118595E-08
 1.35769472E-08  3.33071981E-09  9.31340038E-10  2.95632402E-10  1.05976546E-10
 4.26863838E-11  1.92398403E-11  9.67812646E-12  5.42804671E-12  3.39668740E-12
 2.37481821E-12  1.84269334E-12  1.55891817E-12  1.40317340E-12  1.30691277E-12
 1.22924474E-12  1.14800836E-12  1.05383457E-12  9.45268559E-13  8.24707215E-13
 6.95632520E-13  5.62011010E-13  4.26720766E-13  2.89304383E-13  1.60028938E-13
 5.38414850E-14  4.95425595E-15  7.87496877E-17  1.20442295E-19  1.01410763E-22
 6.12342833E-26  2.88326741E-29  1.11260275E-32  3.63696696E-36  1.03096653E-39
 0.00000000E+00
 0.00000000E+00  1.17362296E-47  4.11461697E-44  1.27259871E-40  3.32350579E-37
 7.19494258E-34  1.20503687E-30  1.42177041E-27  9.16339329E-25  7.54322463E-23
 2.26494432E-22  3.47190182E-22  4.47102606E-22  5.39283428E-22  6.23444417E-22
 7.24563068E-22  8.06248569E-22  8.58380490E-22  8.96294301E-22  9.03808600E-22
 8.93918682E-22  8.29503309E-22  7.56662453E-22  6.85960669E-22  5.68856766E-22
 4.77563459E-22  3.80826414E-22  2.80448983E-22  1.69851400E-22  1.47323293E-23
-1.59021797E-22 -3.22787086E-22 -5.45508536E-22 -7.84893859E-22 -1.05728108E-21
-1.24097899E-21 -1.51139058E-21 -1.72079821E-21 -1.82912008E-21 -2.00474566E-21
-1.93654389E-21 -1.43216414E-21 -5.94334950E-22 -1.47192784E-22 -3.01672066E-23
-6.62481296E-24 -1.59479428E-24 -4.13520662E-25 -1.18949717E-25 -3.95189828E-26
-1.40112928E-26 -5.33029826E-27 -2.17080427E-27 -9.08710094E-28 -3.84938336E-28
-1.45235191E-28 -2.73284179E-29  3.50382727E-29  6.66685739E-29  7.57406731E-29
 7.31070511E-29  6.24815980E-29  4.79985660E-29  3.46504032E-29  2.41329141E-29
 1.35102207E-29  4.68537578E-30 -2.53155531E-30 -6.65226789E-30 -5.98866384E-30
-1.90290886E-30  7.32172676E-31  2.67304319E-31  6.84611754E-34  7.61811657E-37
 5.56904104E-40  3.03284355E-43  1.31644955E-46  4.74829946E-50  1.46503432E-53
 0.00000000E+00
HO2 
 0.00000000E+00  2.02721045E-32  7.20336964E-29  2.21992990E-25  5.79645294E-22
 1.24067629E-18  2.07157437E-15  2.48176306E-12  1.67111927E-09  1.46807939E-07
 4.69687760E-07  7.95091192E-07  1.16203914E-06  1.57886458E-06  2.04796492E-06
 2.57027586E-06  3.14585728E-06  3.77246891E-06  4.44141076E-06  5.13273625E-06
 5.81794965E-06  6.47627376E-06  7.11386673E-06  7.76660435E-06  8.48386126E-06
 9.30684525E-06  1.02448184E-05  1.12693096E-05  1.23341732E-05  1.33830851E-05
 1.43475053E-05  1.51479326E-05  1.57004471E-05  1.59312044E-05  1.57978734E-05
 1.53108449E-05  1.45509760E-05  1.36467563E-05  1.26325627E-05  1.12684498E-05
 9.19359815E-06  6.96721597E-06  6.02248075E-06  6.84932308E-06  8.77073336E-06
 1.09618823E-05  1.32358106E-05  1.55779615E-05  1.80190098E-05  2.06005802E-05
 2.33659321E-05  2.63569217E-05  2.96113163E-05  3.31580278E-05  3.70006336E-05
 4.10574992E-05  4.51552889E-05  4.90181161E-05  5.21345496E-05  5.37476178E-05
 5.30352778E-05  4.94705245E-05  4.32404623E-05  3.53305603E-05  2.70770280E-05
 1.95453815E-05  1.32798129E-05  8.35331630E-06  4.58395713E-06  1.99861242E-06
 5.23636684E-07  4.48148468E-08  7.11077235E-10  1.08754306E-12  9.15696372E-16
 5.52919722E-19  2.60346873E-22  1.00463330E-25  3.28402759E-29  9.30919248E-33
 0.00000000E+00
 0.00000000E+00  3.28805451E-48  1.16999675E-44  3.67329291E-41  9.65680932E-38
 2.02672180E-34  3.42697035E-31  3.97059885E-28  2.50228184E-25  2.03371798E-23
 6.07262493E-23  9.07770330E-23  1.17284165E-22  1.42380647E-22  1.66348404E-22
 1.95532405E-22  2.23958232E-22  2.50058621E-22  2.62878922E-22  2.65095690E-22
 2.63562098E-22  2.33311823E-22  2.07330126E-22  2.10869907E-22  2.25051404E-22
 2.31554932E-22  2.85513368E-22  3.21158206E-22  3.45806605E-22  3.48544606E-22
 3.49715618E-22  2.63553042E-22  9.86522355E-23  2.31147111E-23 -1.24296250E-22
-1.73201694E-22 -2.44593605E-22 -4.58509992E-22 -5.06886037E-22 -6.82060722E-22
-7.11951874E-22 -4.08832908E-22  7.00580925E-23  4.56582944E-22  6.96763298E-22
 7.96440984E-22  9.22677356E-22  1.03120266E-21  1.14169782E-21  1.25126458E-21
 1.43862357E-21  1.52070857E-21  1.55983498E-21  1.73315444E-21  1.97239165E-21
 2.08677327E-21  2.01296364E-21  2.10288141E-21  1.44787936E-21  3.43614433E-22
-8.87603723E-22 -2.26195595E-21 -3.13036429E-21 -3.38521760E-21 -3.11916445E-21
-2.51254374E-21 -1.82087987E-21 -1.25948668E-21 -7.51250568E-22 -3.31385729E-22
-8.48565656E-23 -7.56495073E-24 -1.24214576E-25 -1.93813004E-28 -1.63307403E-31
-1.00245868E-34 -4.69302020E-38 -1.82132460E-41 -5.99623921E-45 -1.69884127E-48
 0.00000000E+00
C2H 
 0.00000000E+00  4.89041367E-81  6.12285362E-74  5.78754044E-67  3.96215983E-60
 2.01302648E-53  1.87693102E-46  6.58885351E-39  1.54617421E-31  1.66290780E-25
 3.71799030E-23  9.16811391E-22  1.35567515E-20  1.49905765E-19  1.31176265E-18
 9.34407005E-18  5.54993197E-17  2.81265905E-16  1.24242613E-15  4.87950835E-15
 1.73875462E-14  5.74729850E-14  1.80471820E-13  5.50640940E-13  1.65745518E-12
 4.94718683E-12  1.44865826E-11  4.08900121E-11  1.10458094E-10  2.85577525E-10
 7.08058673E-10  1.68935219E-09  3.89513769E-09  8.71859894E-09  1.90331237E-08
 4.08739512E-08  8.69914823E-08  1.84581464E-07  3.90723143E-07  7.91056965E-07
 1.33567909E-06  1.40122542E-06  6.93807951E-07  1.65784894E-07  2.79117093E-08
 4.57186325E-09  7.69031668E-10  1.34666342E-10  2.46233779E-11  4.69890004E-12
 9.34240017E-13  1.93097570E-13  4.13905300E-14  9.17794088E-15  2.10317380E-15
 5.01831606E-16  1.25035219E-16  3.21595853E-17  8.46379555E-18  2.25015883E-18
 5.87685762E-19  1.45487538E-19  3.28605018E-20  6.50292211E-21  1.07232413E-21
 1.37086597E-22  1.23343195E-23  6.64015588E-25  1.49044442E-26  1.03482497E-28
 1.63852643E-31  1.26234559E-34  2.47804938E-38  5.78127297E-44  4.11071113E-50
 1.50510654E-56  3.35570257E-63  5.03205228E-70  5.42276336E-77  4.40103881E-84
 0.00000000E+00
 0.00000000E+00  1.58245714E-96  1.95741942E-89  1.87721227E-82  1.26500549E-75
 6.47647351E-69  6.69772901E-62  2.35515962E-54  6.60717263E-47  8.66842511E-41
 2.71047192E-38  7.20339343E-37  1.08184312E-35  1.13779471E-34  9.62897568E-34
 6.78498482E-33  3.69834514E-32  1.74292811E-31  7.55827401E-31  2.74426553E-30
 8.80936733E-30  2.69798304E-29  7.99425354E-29  2.31833735E-28  6.64140534E-28
 1.94803030E-27  5.52627283E-27  1.54146495E-26  3.83024542E-26  8.99435385E-26
 2.14394242E-25  4.68891150E-25  1.05484341E-24  2.39931816E-24  5.06308786E-24
 1.06550342E-23  2.11911409E-23  4.69165507E-23  9.36180259E-23  1.64125553E-22
 1.21944297E-22 -1.35445878E-22 -2.14455914E-22 -7.58880495E-23 -1.55714737E-23
-2.78693530E-24 -4.94508717E-25 -8.84613811E-26 -1.60696327E-26 -3.15212283E-27
-6.26275503E-28 -1.25206227E-28 -2.62837872E-29 -5.57411553E-30 -1.24846680E-30
-2.90940455E-31 -6.89563778E-32 -1.77682521E-32 -4.35534247E-33 -1.09611653E-33
-2.59521977E-34 -5.42957438E-35 -8.33661744E-36 -6.36637400E-37  1.31974346E-37
 6.22807701E-38  1.23789260E-38  1.25945089E-39  5.42593637E-41  8.31376869E-43
 4.06022406E-45  2.20578254E-47  6.50398035E-50  2.51558935E-55  2.35554891E-61
 1.04229937E-67  2.68467099E-74  4.52350376E-81  5.37517024E-88  4.74497614E-95
 0.00000000E+00
C2H2
 0.00000000E+00  1.62714650E-30  5.78186483E-27  1.78185172E-23  4.65259060E-20
 9.95845443E-17  1.66279490E-13  1.99218438E-10  1.34243549E-07  1.19492824E-05
 3.80458577E-05  6.53691203E-05  9.67543612E-05  1.32624151E-04  1.72836434E-04
 2.17098586E-04  2.65091972E-04  3.16512806E-04  3.71076296E-04  4.28519820E-04
 4.88600355E-04  5.51091270E-04  6.15831401E-04  6.82745305E-04  7.51713799E-04
 8.22518361E-04  8.94372638E-04  9.66233708E-04  1.03777916E-03  1.10914411E-03
 1.18053817E-03  1.25220071E-03  1.32427611E-03  1.39644567E-03  1.46706886E-03
 1.53179748E-03  1.58002489E-03  1.59107228E-03  1.53011295E-03  1.34432242E-03
 9.78017365E-04  4.92791620E-04  1.49127069E-04  2.83302201E-05  4.60842239E-06
 8.06387203E-07  1.53323531E-07  3.16517515E-08  7.08643372E-09  1.72030802E-09
 4.53294194E-10  1.29948633E-10  4.06821492E-11  1.39812038E-11  5.31543041E-12
 2.26379302E-12  1.08799694E-12  5.89169058E-13  3.58348426E-13  2.42115834E-13
 1.77900246E-13  1.38703824E-13  1.12156134E-13  9.22715056E-14  7.60153367E-14
 6.17905613E-14  4.87991226E-14  3.65773511E-14  2.46494511E-14  1.36182478E-14
 4.58795022E-15  4.22345047E-16  6.71339523E-18  1.02676818E-20  8.64524748E-24
 5.22021053E-27  2.45797976E-30  9.48491641E-34  3.10050713E-37  8.78896928E-41
 0.00000000E+00
 0.00000000E+00  2.65867054E-46  9.43221758E-43  2.93537503E-39  7.66197578E-36
 1.67792684E-32  2.78016542E-29  3.22096071E-26  2.08874653E-23  1.74607190E-21
 5.10787164E-21  7.84910701E-21  1.00936102E-20  1.22502861E-20  1.43182025E-20
 1.66877579E-20  1.87059668E-20  2.00672630E-20  2.17113709E-20  2.27240054E-20
 2.28835904E-20  2.29138562E-20  2.24431567E-20  2.15585662E-20  2.12654605E-20
 1.98595543E-20  1.97594973E-20  1.99391282E-20  1.79878790E-20  1.72280863E-20
 1.50692080E-20  1.39557747E-20  1.46681119E-20  1.41209362E-20  1.19962680E-20
 7.48381137E-21 -3.22116227E-21 -1.90262493E-20 -5.10586749E-20 -9.33163147E-20
-1.46010494E-19 -1.33374155E-19 -5.99349755E-20 -1.38557442E-20 -2.50321280E-21
-4.63803624E-22 -8.98919056E-23 -1.81563057E-23 -3.96685148E-24 -9.43967778E-25
-2.34206067E-25 -6.21470814E-26 -1.77848374E-26 -5.38243034E-27 -1.77176225E-27
-6.24696638E-28 -2.33968420E-28 -8.85205021E-29 -2.97353242E-29 -2.61243710E-30
 1.38957638E-29  2.62433973E-29  3.79300261E-29  4.99605687E-29  6.25037996E-29
 7.55020041E-29  8.85516895E-29  1.01204824E-28  1.12837865E-28  1.20600502E-28
 1.15647657E-28  7.36997285E-29  1.75585810E-29  4.45017380E-32  4.93368923E-35
 3.60008921E-38  1.95843642E-41  8.49262355E-45  3.06169378E-48  9.44220971E-52
 0.00000000E+00
C2H3
 0.00000000E+00  1.50346010E-70  1.64643768E-63  1.39631853E-56  8.72421979E-50
 3.78881325E-43  1.15924959E-36  5.14380762E-30  5.03175409E-23  2.17176156E-17
 9.27315910E-16  5.43197060E-15  2.05573964E-14  6.42002540E-14  1.82300234E-13
 5.00752804E-13  1.39543347E-12  4.03895968E-12  1.18060598E-11  3.25452287E-11
 8.05091098E-11  1.79207027E-10  3.74612694E-10  7.74373975E-10  1.64063419E-09
 3.61158650E-09  8.19015292E-09  1.87373685E-08  4.25099215E-08  9.43858187E-08
 2.02716375E-07  4.17452346E-07  8.20086944E-07  1.53429771E-06  2.73419605E-06
 4.65345166E-06  7.55892871E-06  1.16521264E-05  1.67232216E-05  2.08298682E-05
 1.88648382E-05  9.48016491E-06  2.44448776E-06  3.85886869E-07  5.34862336E-08
 8.27707813E-09  1.43715775E-09  2.76921499E-10  5.84827387E-11  1.33793762E-11
 3.28076631E-12  8.53984303E-13  2.33912811E-13  6.69116573E-14  1.99004236E-14
 6.18577604E-15  2.01851839E-15  6.88514067E-16  2.45278221E-16  9.08075238E-17
 3.42992272E-17  1.28875456E-17  4.69923761E-18  1.62928007E-18  5.27396720E-19
 1.55622634E-19  4.04306135E-20  8.61618491E-21  1.26437802E-21  1.05241994E-22
 3.07340713E-24  1.37253709E-26  3.27212367E-30  7.73530710E-36  5.61614276E-42
 2.11901337E-48  4.92118539E-55  7.77890155E-62  8.95590989E-69  7.88740803E-76
 0.00000000E+00
 0.00000000E+00  4.66332565E-86  5.12561518E-79  4.36943980E-72  2.70888215E-65
 1.18334947E-58  3.74837563E-52  1.91141473E-45  2.10296268E-38  8.55177425E-33
 3.72006726E-31  2.05139945E-30  7.37016018E-30  2.24198095E-29  6.26964942E-29
 1.90369583E-28  5.62985830E-28  1.70612946E-27  5.22351601E-27  1.28399294E-26
 3.01222445E-26  5.52411139E-26  1.03045779E-25  2.09899241E-25  4.59284944E-25
 1.05482863E-24  2.44429351E-24  5.72039838E-24  1.22661027E-23  2.52875100E-23
 5.12863858E-23  1.06168190E-22  1.81246599E-22  3.38295564E-22  5.37449518E-22
 8.07451672E-22  1.59472724E-21  7.90817060E-22  1.68649060E-21 -9.43704130E-22
-1.03947296E-21 -2.34224659E-21 -9.61664047E-22 -2.23622752E-22 -2.93777940E-23
-5.46343675E-24 -8.62449128E-25 -1.59271275E-25 -3.10656791E-26 -7.52867796E-27
-1.90541691E-27 -4.65983243E-28 -1.18943468E-28 -3.14348473E-29 -9.04977989E-30
-2.71811497E-30 -8.39375956E-31 -2.73149602E-31 -9.00335768E-32 -3.08918274E-32
-1.10246564E-32 -3.97287920E-33 -1.33977202E-33 -4.26225903E-34 -1.29583102E-34
-3.52203325E-35 -8.78826710E-36 -1.93946512E-36 -2.87118995E-37 -1.65436078E-38
 3.64156506E-40  2.80999666E-41  1.09055577E-43  4.26938049E-49  4.07345722E-55
 1.85246080E-61  4.95565405E-68  8.77147810E-75  1.10902532E-81  1.05727671E-88
 0.00000000E+00
C2H4
 0.00000000E+00  2.23428515E-30  7.93925731E-27  2.44671567E-23  6.38861595E-20
 1.36742616E-16  2.28323508E-13  2.73552995E-10  1.84333965E-07  1.64079244E-05
 5.22415632E-05  8.97592105E-05  1.32853955E-04  1.82105793E-04  2.37319322E-04
 2.98092257E-04  3.63986355E-04  4.34583310E-04  5.09490010E-04  5.88342073E-04
 6.70798635E-04  7.56534645E-04  8.45302806E-04  9.36953396E-04  1.03124377E-03
 1.12773910E-03  1.22513614E-03  1.32163082E-03  1.41611669E-03  1.50757827E-03
 1.59419878E-03  1.67277143E-03  1.73786849E-03  1.78073679E-03  1.78817249E-03
 1.74190562E-03  1.62022076E-03  1.40569265E-03  1.09495406E-03  7.14616321E-04
 3.40942281E-04  1.01040133E-04  1.88382981E-05  2.61656326E-06  3.66666848E-07
 6.17006943E-08  1.21334715E-08  2.72361646E-09  6.86504265E-10  1.92095128E-10
 5.92105048E-11  2.00054063E-11  7.38956636E-12  2.98222582E-12  1.31747321E-12
 6.41393713E-13  3.45068083E-13  2.04273290E-13  1.32457037E-13  9.31811944E-14
 6.99338477E-14  5.49449539E-14  4.43975518E-14  3.63375978E-14  2.97240625E-14
 2.39811917E-14  1.88058187E-14  1.40078260E-14  9.38848785E-15  5.16373474E-15
 1.73398471E-15  1.59515743E-16  2.53554697E-18  3.87794674E-21  3.26517807E-24
 1.97159387E-27  9.28341451E-31  3.58230821E-34  1.17101423E-37  3.31945960E-41
 0.00000000E+00
 0.00000000E+00  3.65716941E-46  1.33158997E-42  4.03638475E-39  1.06259863E-35
 2.28777095E-32  3.84079018E-29  4.47454881E-26  2.88105808E-23  2.38513447E-21
 7.02588026E-21  1.07881821E-20  1.41078318E-20  1.72096003E-20  2.02094481E-20
 2.39309867E-20  2.67743466E-20  2.88430871E-20  3.04740225E-20  3.16541175E-20
 3.30849212E-20  3.30390964E-20  3.22162227E-20  3.22005858E-20  3.16010681E-20
 3.02429043E-20  3.01080904E-20  2.93518853E-20  2.70955539E-20  2.42581743E-20
 2.05214107E-20  1.66587386E-20  1.01656945E-20 -9.40446268E-22 -1.81786772E-20
-4.15066438E-20 -7.17287002E-20 -1.08447238E-19 -1.29935441E-19 -1.27230211E-19
-9.70344244E-20 -4.17826586E-20 -9.45178413E-21 -1.42125032E-21 -2.04262243E-22
-3.47443144E-23 -6.62879465E-24 -1.40908628E-24 -3.35644979E-25 -8.95154660E-26
-2.55987499E-26 -7.82295375E-27 -2.55500895E-27 -8.94045934E-28 -3.34373401E-28
-1.31853858E-28 -5.45040260E-29 -2.24101909E-29 -8.57609321E-30 -2.60042760E-30
 1.97107318E-31  1.32337219E-30  1.69578374E-30  1.78478930E-30  1.61572165E-30
 1.38054709E-30  1.12571732E-30  8.38037687E-31  6.08606331E-31  5.18886668E-31
 4.98160441E-31  3.44710855E-31  8.46143337E-32  2.14691648E-34  2.38139513E-37
 1.73822913E-40  9.45801609E-44  4.10212131E-47  1.47912127E-50  4.56223451E-54
 0.00000000E+00
C2H5
 0.00000000E+00  3.97378483E-43  4.25366242E-39  4.35290311E-35  4.24957548E-31
 3.94868174E-27  3.48323188E-23  2.90627235E-19  2.11206300E-15  4.03353339E-12
 5.92837490E-11  1.62216310E-10  3.14320270E-10  5.33866081E-10  8.68657867E-10
 1.43344223E-09  2.49074444E-09  4.60973243E-09  8.91399829E-09  1.73869594E-08
 3.33378272E-08  6.24827995E-08  1.15047969E-07  2.08477796E-07  3.69175527E-07
 6.31341577E-07  1.02954936E-06  1.59239689E-06  2.35452919E-06  3.37460298E-06
 4.74574884E-06  6.59374722E-06  9.05404569E-06  1.22161376E-05  1.60205582E-05
 2.01286421E-05  2.37229474E-05  2.54031198E-05  2.33199264E-05  1.62473404E-05
 6.80994254E-06  1.33902757E-06  1.27231706E-07  7.91383698E-09  5.12181303E-10
 4.54563949E-11  5.69146338E-12  9.89160920E-13  2.24437598E-13  6.20639839E-14
 1.99316277E-14  7.23678346E-15  2.93120580E-15  1.31628347E-15  6.53828964E-16
 3.59478479E-16  2.17472280E-16  1.42360567E-16  9.84419788E-17  6.94504903E-17
 4.78642498E-17  3.08698738E-17  1.79954806E-17  9.26650644E-18  4.15909061E-18
 1.61009706E-18  5.30126944E-19  1.42433602E-19  2.79272055E-20  3.50119152E-21
 1.93437660E-22  1.75540965E-24  1.16173184E-27  1.31105408E-31  1.27527675E-35
 1.18570399E-39  1.05648300E-43  9.03687424E-48  7.43256885E-52  5.88651602E-56
 0.00000000E+00
 0.00000000E+00  1.16296598E-58  1.24197869E-54  1.27673712E-50  1.23892651E-46
 1.13782732E-42  1.00129329E-38  8.09940839E-35  5.49850143E-31  1.04460180E-27
 1.24921975E-26  2.84844299E-26  4.78200013E-26  7.88398112E-26  1.33660183E-25
 2.64423085E-25  5.49929680E-25  1.16327538E-24  2.41437277E-24  4.66022460E-24
 8.77544874E-24  1.50642202E-23  2.55021789E-23  4.44987622E-23  7.23584303E-23
 1.10897774E-22  1.55569416E-22  1.98540056E-22  2.63792651E-22  4.07234355E-22
 6.60479032E-22  8.53564208E-22  7.02355570E-22  9.69821410E-22  1.55500514E-21
 2.21202864E-21  2.90808355E-21  2.50146913E-21 -7.30070383E-22 -4.28336350E-21
-2.75596691E-21 -8.07749777E-22 -9.52086912E-23 -6.33577742E-24 -3.86450525E-25
-3.23941624E-26 -3.68389352E-27 -5.41895696E-28 -1.12446377E-28 -2.83038678E-29
-8.33997359E-30 -2.55452031E-30 -8.70485612E-31 -3.26369118E-31 -1.15697197E-31
-4.90019111E-32 -2.06138951E-32 -9.18769149E-33 -3.28095652E-33 -2.18383387E-33
-2.16855359E-33 -2.32837785E-33 -1.78125747E-33 -1.13436996E-33 -5.18673116E-34
-1.27471065E-34  4.53508872E-35  7.88892374E-35  6.22228160E-35  3.40336845E-35
 1.07827695E-35  7.70610770E-37  3.31522943E-39  3.94824878E-43  3.95616975E-47
 3.78486382E-51  3.46716334E-55  3.04659100E-59  2.57186180E-63  2.08831301E-67
 0.00000000E+00
C2H6
 0.00000000E+00  2.27761044E-30  8.09320840E-27  2.49416023E-23  6.51249837E-20
 1.39394208E-16  2.32750956E-13  2.78857494E-10  1.87908408E-07  1.67259403E-05
 5.32112187E-05  9.13743610E-05  1.35169641E-04  1.85163165E-04  2.41121796E-04
 3.02589654E-04  3.69057845E-04  4.40014923E-04  5.14942911E-04  5.93307104E-04
 6.74530812E-04  7.57959221E-04  8.42877285E-04  9.28459560E-04  1.01349068E-03
 1.09615312E-03  1.17336789E-03  1.24122534E-03  1.29592609E-03  1.33309721E-03
 1.34720789E-03  1.33163809E-03  1.27924115E-03  1.18374225E-03  1.04232569E-03
 8.58337830E-04  6.45894314E-04  4.30601104E-04  2.41403392E-04  1.03492412E-04
 2.85613279E-05  4.33117289E-06  3.72351570E-07  2.21778254E-08  1.32763020E-09
 9.91051820E-11  9.07507788E-12  1.00596800E-12  1.34948822E-13  2.22436739E-14
 4.63908204E-15  1.26115370E-15  4.49898471E-16  2.05448898E-16  1.15511999E-16
 7.71516801E-17  5.89711466E-17  4.94037659E-17  4.33954458E-17  3.84658764E-17
 3.36044961E-17  2.87345134E-17  2.41553929E-17  2.00956531E-17  1.65628405E-17
 1.34325678E-17  1.05827949E-17  7.91678547E-18  5.32712207E-18  2.94001508E-18
 9.89863356E-19  9.11114355E-20  1.44825997E-21  2.21501519E-24  1.86501247E-27
 1.12613985E-30  5.30252362E-34  2.04615165E-37  6.68862802E-41  1.89601713E-44
 0.00000000E+00
 0.00000000E+00  3.99011669E-46  1.42994522E-42  4.37019701E-39  1.15391131E-35
 2.47029755E-32  4.08403587E-29  4.78490433E-26  3.03940511E-23  2.52250305E-21
 7.43543363E-21  1.15886525E-20  1.51793752E-20  1.85983090E-20  2.21649236E-20
 2.58015232E-20  2.94219130E-20  3.20797994E-20  3.39952504E-20  3.63479671E-20
 3.76274191E-20  3.80116215E-20  3.72810381E-20  3.62623079E-20  3.55017899E-20
 3.24823429E-20  2.98250154E-20  2.67877520E-20  2.04189750E-20  1.29097759E-20
 3.35949746E-21 -8.92266863E-21 -2.22185741E-20 -3.79699323E-20 -5.35353450E-20
-6.56447547E-20 -7.25130460E-20 -7.32329653E-20 -5.62004626E-20 -3.42171258E-20
-1.37454569E-20 -2.84111677E-21 -2.86253497E-22 -1.78105827E-23 -1.08089911E-24
-7.99818103E-26 -7.11840204E-27 -7.35484359E-28 -9.16622219E-29 -1.37006021E-29
-2.41529756E-30 -5.16084056E-31 -1.31760654E-31 -3.97803841E-32 -1.13148126E-32
-1.87887617E-33  2.37383355E-33  4.91654903E-33  7.49080060E-33  1.07235844E-32
 1.55130384E-32  2.23059713E-32  3.09593741E-32  4.12892344E-32  5.27687632E-32
 6.50024427E-32  7.75557798E-32  8.98705284E-32  1.01356847E-31  1.09162860E-31
 1.05314090E-31  6.74699349E-32  1.61440403E-32  4.09257969E-35  4.53775045E-38
 3.31142780E-41  1.80150978E-44  7.81248777E-48  2.81660810E-51  8.68666807E-55
 0.00000000E+00
HCCO
 0.00000000E+00  7.30976230E-66  3.18728839E-59  1.31722845E-52  4.84391020E-46
 1.44318078E-39  3.09876460E-33  4.34985759E-27  4.72520065E-21  9.96137356E-16
 3.02649186E-14  1.29042490E-13  3.51083081E-13  7.74662765E-13  1.51771941E-12
 2.77592119E-12  4.91890391E-12  8.78719625E-12  1.66819133E-11  3.52937818E-11
 8.25227477E-11  2.00524546E-10  4.81811312E-10  1.13053580E-09  2.60816218E-09
 5.96974272E-09  1.35509285E-08  3.02742967E-08  6.63306270E-08  1.42364932E-07
 2.98709797E-07  6.10647697E-07  1.21005696E-06  2.30776626E-06  4.19728822E-06
 7.21813452E-06  1.15926147E-05  1.71360479E-05  2.30387651E-05  2.78656092E-05
 2.98886182E-05  2.55712296E-05  1.33429712E-05  3.80261005E-06  7.95115587E-07
 1.62813377E-07  3.46386953E-08  7.84132303E-09  1.91397136E-09  5.08019680E-10
 1.47277935E-10  4.66143674E-11  1.60183273E-11  5.91811819E-12  2.32399084E-12
 9.63038363E-13  4.16982142E-13  1.85595745E-13  8.40634502E-14  3.85182270E-14
 1.77190500E-14  8.12933121E-15  3.70108245E-15  1.66227426E-15  7.27912160E-16
 3.03927827E-16  1.17086763E-16  3.91656318E-17  9.83444774E-18  1.51455138E-18
 8.28002910E-20  5.20400470E-22  1.28884087E-25  3.22917231E-31  2.64059922E-37
 1.19390665E-43  3.60867195E-50  8.26722432E-57  1.58056460E-63  2.71809346E-70
 0.00000000E+00
 0.00000000E+00  2.37611183E-81  1.03479918E-74  4.24552893E-68  1.54970203E-61
 4.59286499E-55  9.85914104E-49  1.36139384E-42  1.75923224E-36  3.65364260E-31
 9.91892131E-30  3.63508204E-29  8.54464886E-29  1.73535711E-28  3.08244382E-28
 5.83872438E-28  1.05865802E-27  2.09673718E-27  4.65978303E-27  1.18081464E-26
 3.12395139E-26  7.22934753E-26  1.60694818E-25  3.47979513E-25  7.69024342E-25
 1.77520616E-24  3.97156694E-24  8.63809090E-24  1.80332598E-23  3.62471822E-23
 7.39076404E-23  1.43910543E-22  2.69840723E-22  4.84774264E-22  8.28347123E-22
 1.23596873E-21  1.68175100E-21  1.93725295E-21  1.76192564E-21  1.13422056E-21
-1.75104347E-22 -2.69612378E-21 -3.51329479E-21 -1.52067023E-21 -3.82253606E-22
-8.61569599E-23 -1.90473898E-23 -4.22091492E-24 -1.00946683E-24 -2.61397845E-25
-7.15622244E-26 -2.07932457E-26 -6.54645891E-27 -2.20486053E-27 -8.07067122E-28
-3.10250389E-28 -1.26317184E-28 -5.51127226E-29 -2.41118535E-29 -1.06754844E-29
-4.70212258E-30 -2.09912151E-30 -8.97508602E-31 -3.74834590E-31 -1.57229442E-31
-6.38282012E-32 -2.34162305E-32 -8.43843448E-33 -2.15380164E-33 -2.71552833E-34
-1.58324484E-36  5.79357472E-37  2.52919985E-39  1.02972101E-44  1.08530860E-50
 5.78569706E-57  1.95815490E-63  4.84314758E-70  9.71649181E-77  1.71596563E-83
 0.00000000E+00
CH2C
 0.00000000E+00  3.57778904E-31  1.27132331E-27  3.91795672E-24  1.02301715E-20
 2.18967679E-17  3.65617318E-14  4.38043868E-11  2.95176311E-08  2.62742240E-06
 8.36561959E-06  1.43736241E-05  2.12749059E-05  2.91624600E-05  3.80051744E-05
 4.77389135E-05  5.82939972E-05  6.96043996E-05  8.16091119E-05  9.42535585E-05
 1.07489578E-04  1.21274231E-04  1.35578513E-04  1.50388030E-04  1.65669265E-04
 1.81352803E-04  1.97226436E-04  2.12996883E-04  2.28483498E-04  2.43515581E-04
 2.57782848E-04  2.70744035E-04  2.81522190E-04  2.88801397E-04  2.90765530E-04
 2.85120270E-04  2.69337493E-04  2.41527951E-04  2.01308734E-04  1.51164145E-04
 9.73340004E-05  5.00357674E-05  1.88275083E-05  5.13996787E-06  1.26905738E-06
 3.40149465E-07  9.95499191E-08  3.17191033E-08  1.09569365E-08  4.08607563E-09
 1.63906380E-09  7.05303652E-10  3.25029986E-10  1.60311522E-10  8.46917762E-11
 4.81258350E-11  2.94306869E-11  1.92584785E-11  1.34141556E-11  9.87173848E-12
 7.58907487E-12  6.02076537E-12  4.87219051E-12  3.97787081E-12  3.24127361E-12
 2.60458193E-12  2.03538067E-12  1.51201984E-12  1.01157250E-12  5.55881154E-13
 1.86648299E-13  1.71712340E-14  2.72941839E-16  4.17445989E-19  3.51483808E-22
 2.12234465E-25  9.99323719E-29  3.85621643E-32  1.26055160E-35  3.57327005E-39
 0.00000000E+00
 0.00000000E+00  6.07792141E-47  2.14044858E-43  6.67966137E-40  1.74910427E-36
 3.74312690E-33  6.24120738E-30  7.19124017E-27  4.62864798E-24  3.90257507E-22
 1.16728910E-21  1.78601266E-21  2.33723673E-21  2.83120365E-21  3.36874397E-21
 3.92227022E-21  4.41900327E-21  4.92166660E-21  5.20283244E-21  5.52837715E-21
 5.81013337E-21  5.74866796E-21  5.53487911E-21  5.59512095E-21  5.48710555E-21
 5.38507276E-21  5.44859348E-21  5.29940713E-21  5.07067451E-21  4.51485216E-21
 4.27041407E-21  3.58951521E-21  2.37838684E-21  8.06338882E-22 -1.61233911E-21
-4.55386480E-21 -8.54947164E-21 -1.39732446E-20 -1.72320070E-20 -1.88900893E-20
-1.60370842E-20 -1.15591855E-20 -5.76724397E-21 -1.96606995E-21 -5.18424152E-22
-1.44663060E-22 -4.23635538E-23 -1.28439496E-23 -4.22899217E-24 -1.51506269E-24
-5.62275418E-25 -2.18745433E-25 -8.94750311E-26 -3.82858739E-26 -1.72423517E-26
-8.00013861E-27 -3.90322508E-27 -1.90724317E-27 -9.19201999E-28 -4.21106524E-28
-1.60481827E-28 -4.55669633E-29  1.14004461E-29  3.51865733E-29  3.75347000E-29
 2.49777971E-29  9.20624875E-30 -9.75734393E-30 -2.37768811E-29 -2.20364575E-29
-1.00631140E-29 -7.65158837E-31  1.24334298E-31  3.39195111E-34  3.86464373E-37
 2.85446852E-40  1.56692288E-43  6.84374193E-47  2.47753374E-50  7.68053217E-54
 0.00000000E+00
HCCO
 0.00000000E+00  3.34155433E-33  1.18738021E-29  3.65926138E-26  9.55469239E-23
 2.04509653E-19  3.41476291E-16  4.09120652E-13  2.75686372E-10  2.45393862E-08
 7.81320561E-08  1.34243896E-07  1.98697559E-07  2.72360905E-07  3.54942358E-07
 4.45841396E-07  5.44404795E-07  6.50011816E-07  7.62086160E-07  8.80110366E-07
 1.00363372E-06  1.13228070E-06  1.26586549E-06  1.40445284E-06  1.54813000E-06
 1.69696435E-06  1.85012393E-06  2.00663428E-06  2.16768337E-06  2.33650832E-06
 2.51815963E-06  2.72020855E-06  2.95357366E-06  3.23308562E-06  3.57689882E-06
 4.00503707E-06  4.52698037E-06  5.11790148E-06  5.68001074E-06  5.94889147E-06
 5.37427466E-06  3.49627050E-06  1.37680112E-06  3.32285641E-07  6.59986372E-08
 1.36618227E-08  3.02661934E-09  7.23832486E-10  1.87799118E-10  5.30865665E-11
 1.64263849E-11  5.59311669E-12  2.10765011E-12  8.84112200E-13  4.15402347E-13
 2.20328484E-13  1.31971058E-13  8.83638006E-14  6.51498024E-14  5.17453713E-14
 4.31517312E-14  3.69321943E-14  3.18796359E-14  2.74034426E-14  2.32244863E-14
 1.92151190E-14  1.53372086E-14  1.15672716E-14  7.82232721E-15  4.32948925E-15
 1.45979140E-15  1.34398366E-16  2.13633826E-18  3.26738419E-21  2.75109276E-24
 1.66117667E-27  7.82178918E-31  3.01829241E-34  9.86644134E-38  2.79682795E-41
 0.00000000E+00
 0.00000000E+00  5.60266582E-49  2.02439823E-45  6.22508222E-42  1.64317258E-38
 3.49471152E-35  5.87838716E-32  6.83203447E-29  4.29555388E-26  3.65050838E-24
 1.09425059E-23  1.69878033E-23  2.22934343E-23  2.70474647E-23  3.19258760E-23
 3.73514366E-23  4.25622128E-23  4.65404555E-23  5.02479653E-23  5.35793986E-23
 5.51089657E-23  5.60835211E-23  5.48211984E-23  5.61209173E-23  5.62005212E-23
 5.65793260E-23  5.83716691E-23  5.86938577E-23  5.98988046E-23  6.18241649E-23
 6.74920230E-23  7.52444957E-23  8.53634933E-23  1.06362865E-22  1.33333453E-22
 1.62495060E-22  1.84172659E-22  1.93561043E-22  1.40276820E-22 -5.79007232E-23
-4.19341883E-22 -6.83246180E-22 -4.52866496E-22 -1.41080297E-22 -3.19095387E-23
-7.09388848E-24 -1.58951016E-24 -3.72356470E-25 -9.30343213E-26 -2.51975755E-26
-7.32050220E-27 -2.22837769E-27 -7.31676962E-28 -2.56661618E-28 -9.74442006E-29
-3.86227153E-29 -1.55575859E-29 -5.90557055E-30 -1.59454020E-30  3.19973675E-31
 1.14301293E-30  1.28952398E-30  1.19455648E-30  1.01151215E-30  7.79091761E-31
 5.40521011E-31  3.03437527E-31  7.52128152E-32 -8.24592632E-32 -1.08701662E-31
-3.72104236E-32  1.33844215E-32  5.02742039E-33  1.28525614E-35  1.42937275E-38
 1.04524370E-41  5.69166138E-45  2.46966924E-48  8.90838536E-52  2.74815039E-55
 0.00000000E+00
AR  
 0.00000000E+00  0.00000000E+00  0.00000000E+00  0.00000000E+00  0.00000000E+00
 0.00000000E+00  0.00000000E+00  0.00000000E+00  0.00000000E+00  0.00000000E+00
 0.00000000E+00  0.00000000E+00  0.00000000E+00  0.00000000E+00  0.00000000E+00
 0.00000000E+00  0.00000000E+00  0.00000000E+00  0.00000000E+00  0.00000000E+00
 0.00000000E+00  0.00000000E+00  0.00000000E+00  0.00000000E+00  0.00000000E+00
 0.00000000E+00  0.00000000E+00  0.00000000E+00  0.00000000E+00  0.00000000E+00
 0.00000000E+00  0.00000000E+00  0.00000000E+00  0.00000000E+00  0.00000000E+00
 0.00000000E+00  0.00000000E+00  0.00000000E+00  0.00000000E+00  0.00000000E+00
 0.00000000E+00  0.00000000E+00  0.00000000E+00  0.00000000E+00  0.00000000E+00
 0.00000000E+00  0.00000000E+00  0.00000000E+00  0.00000000E+00  0.00000000E+00
 0.00000000E+00  0.00000000E+00  0.00000000E+00  0.00000000E+00  0.00000000E+00
 0.00000000E+00  0.00000000E+00  0.00000000E+00  0.00000000E+00  0.00000000E+00
 0.00000000E+00  0.00000000E+00  0.00000000E+00  0.00000000E+00  0.00000000E+00
 0.00000000E+00  0.00000000E+00  0.00000000E+00  0.00000000E+00  0.00000000E+00
 0.00000000E+00  0.00000000E+00  0.00000000E+00  0.00000000E+00  0.00000000E+00
 0.00000000E+00  0.00000000E+00  0.00000000E+00  0.00000000E+00  0.00000000E+00
 0.00000000E+00
 0.00000000E+00  0.00000000E+00  0.00000000E+00  0.00000000E+00  0.00000000E+00
 0.00000000E+00  0.00000000E+00  0.00000000E+00  0.00000000E+00  0.00000000E+00
 0.00000000E+00  0.00000000E+00  0.00000000E+00  0.00000000E+00  0.00000000E+00
 0.00000000E+00  0.00000000E+00  0.00000000E+00  0.00000000E+00  0.00000000E+00
 0.00000000E+00  0.00000000E+00  0.00000000E+00  0.00000000E+00  0.00000000E+00
 0.00000000E+00  0.00000000E+00  0.00000000E+00  0.00000000E+00  0.00000000E+00
 0.00000000E+00  0.00000000E+00  0.00000000E+00  0.00000000E+00  0.00000000E+00
 0.00000000E+00  0.00000000E+00  0.00000000E+00  0.00000000E+00  0.00000000E+00
 0.00000000E+00  0.00000000E+00  0.00000000E+00  0.00000000E+00  0.00000000E+00
 0.00000000E+00  0.00000000E+00  0.00000000E+00  0.00000000E+00  0.00000000E+00
 0.00000000E+00  0.00000000E+00  0.00000000E+00  0.00000000E+00  0.00000000E+00
 0.00000000E+00  0.00000000E+00  0.00000000E+00  0.00000000E+00  0.00000000E+00
 0.00000000E+00  0.00000000E+00  0.00000000E+00  0.00000000E+00  0.00000000E+00
 0.00000000E+00  0.00000000E+00  0.00000000E+00  0.00000000E+00  0.00000000E+00
 0.00000000E+00  0.00000000E+00  0.00000000E+00  0.00000000E+00  0.00000000E+00
 0.00000000E+00  0.00000000E+00  0.00000000E+00  0.00000000E+00  0.00000000E+00
 0.00000000E+00
H2  
 0.00000000E+00  3.19248960E-30  1.13441189E-26  3.49602392E-23  9.12846329E-20
 1.95386600E-16  3.26243239E-13  3.90870025E-10  2.63388168E-07  2.34446989E-05
 7.46466375E-05  1.28255376E-04  1.89833824E-04  2.60211130E-04  3.39108699E-04
 4.25952643E-04  5.20118227E-04  6.21010100E-04  7.28070326E-04  8.40784116E-04
 9.58673600E-04  1.08128976E-03  1.20830684E-03  1.33955994E-03  1.47478745E-03
 1.61351480E-03  1.75412386E-03  1.89444488E-03  2.03363264E-03  2.17158716E-03
 2.30812817E-03  2.44285238E-03  2.57495193E-03  2.70288834E-03  2.82383439E-03
 2.93331718E-03  3.02293605E-03  3.07906221E-03  3.08074560E-03  2.99247073E-03
 2.75665515E-03  2.32982607E-03  1.79174820E-03  1.30504656E-03  9.66490045E-04
 7.44174776E-04  5.83623859E-04  4.61008175E-04  3.64614582E-04  2.87790111E-04
 2.26309570E-04  1.77254213E-04  1.38463641E-04  1.08224864E-04  8.51016481E-05
 6.78901040E-05  5.53116678E-05  4.60847439E-05  3.92004610E-05  3.38734572E-05
 2.95185185E-05  2.57599064E-05  2.23781690E-05  1.92483231E-05  1.62939107E-05
 1.34635939E-05  1.07365534E-05  8.09309890E-06  5.47141783E-06  3.02794857E-06
 1.02090220E-06  9.39906870E-08  1.49403509E-09  2.28502514E-12  1.92395988E-15
 1.16173373E-18  5.47012039E-22  2.11082432E-25  6.90003536E-29  1.95594451E-32
 0.00000000E+00
 0.00000000E+00  5.35321806E-46  1.93161509E-42  6.03029814E-39  1.57410611E-35
 3.39383445E-32  5.65895128E-29  6.64841113E-26  4.21439726E-23  3.50192654E-21
 1.04523120E-20  1.56904682E-20  2.05053177E-20  2.46670616E-20  2.92202648E-20
 3.39974687E-20  3.83579278E-20  4.14667794E-20  4.52323459E-20  4.71739929E-20
 4.88703978E-20  4.88347538E-20  4.62382990E-20  4.57262248E-20  4.64622474E-20
 4.35500521E-20  4.53702669E-20  4.53002266E-20  4.27141217E-20  3.94876174E-20
 3.74668759E-20  3.66235611E-20  3.26084020E-20  3.15689972E-20  2.53182148E-20
 1.98046594E-20  8.78767387E-21 -1.03279048E-20 -3.48368283E-20 -6.82659916E-20
-1.21387862E-19 -1.60986728E-19 -1.58548252E-19 -1.19015250E-19 -8.71930344E-20
-7.02623678E-20 -5.66138615E-20 -4.55255591E-20 -3.67686087E-20 -3.14262571E-20
-2.60445940E-20 -2.05800271E-20 -1.63107221E-20 -1.25367802E-20 -9.36442615E-21
-6.85333709E-21 -4.96558243E-21 -3.60930306E-21 -2.71118846E-21 -2.13470983E-21
-1.75165521E-21 -1.51243764E-21 -1.33129588E-21 -1.17741917E-21 -1.07415867E-21
-9.74446735E-22 -8.64095952E-22 -7.68673620E-22 -6.24998180E-22 -4.00574026E-22
-1.56498034E-22 -1.60476668E-23 -2.64642893E-25 -3.98532023E-28 -3.39676830E-31
-2.09402733E-34 -9.77191930E-38 -3.83216341E-41 -1.23532614E-44 -3.49398486E-48
 0.00000000E+00
C3H7
 0.00000000E+00  2.84107329E-35  1.00954043E-31  3.11119580E-28  8.12363916E-25
 1.73879238E-21  2.90331712E-18  3.47844649E-15  2.34396090E-12  2.09530568E-10
 9.11558245E-10  1.79458269E-09  2.93902502E-09  4.39648085E-09  6.19646643E-09
 8.33514202E-09  1.07396632E-08  1.32015009E-08  1.52831521E-08  1.62724157E-08
 1.54126705E-08  1.26233049E-08  9.05649813E-09  6.16812681E-09  4.38156269E-09
 3.36155516E-09  2.76784381E-09  2.41665391E-09  2.21350901E-09  2.10938570E-09
 2.08074250E-09  2.12246037E-09  2.25074402E-09  2.51487185E-09  3.01277445E-09
 3.88953111E-09  5.23462707E-09  6.75852131E-09  7.32896654E-09  5.35781861E-09
 1.81084176E-09  1.97150927E-10  8.27864648E-12  2.14182614E-13  5.69677070E-15
 2.08571170E-16  1.06315930E-17  7.27579163E-19  6.32572627E-20  6.68531341E-21
 8.37812489E-22  1.23179632E-22  2.11936408E-23  4.27767535E-24  1.02045522E-24
 2.92091830E-25  1.01219530E-25  4.24500131E-26  2.16435908E-26  1.34596380E-26
 1.01219524E-26  8.85634922E-27  8.20114128E-27  7.08353217E-27  5.28823332E-27
 3.40075933E-27  1.92743580E-27  9.67305261E-28  4.07673022E-28  1.32440805E-28
 2.57993410E-29  1.99422718E-30  3.15557616E-32  4.82622499E-35  4.06361536E-38
 2.45370971E-41  1.15534973E-44  4.45829366E-48  1.45736353E-51  4.13117041E-55
 0.00000000E+00
 0.00000000E+00  3.49808383E-51  1.23113754E-47  3.72147325E-44  9.88575164E-41
 2.03928116E-37  3.44484439E-34  3.97479468E-31  2.49708482E-28  1.93741350E-26
 1.07284269E-25  2.08240433E-25  3.21934525E-25  4.45523832E-25  5.77150849E-25
 7.19431472E-25  8.01448938E-25  7.44208727E-25  4.11664068E-25 -2.76196369E-25
-1.22095436E-24 -1.74755569E-24 -1.18431896E-24 -5.52762384E-25 -8.57458572E-25
-1.19343493E-25 -1.01025736E-25  1.13327165E-26 -5.98023088E-26 -2.86079392E-26
 4.73808947E-26 -3.79133017E-26 -1.34353696E-25  5.70994606E-26  2.66857017E-25
 3.43602971E-25  8.32098348E-25  1.67660329E-24  1.36254234E-24 -1.49990969E-24
-1.02158715E-24 -1.65189702E-25 -8.79697649E-27 -2.20976546E-28 -5.96886543E-30
-2.07106956E-31 -1.06232025E-32 -6.20488969E-34 -5.21107303E-35 -5.78465057E-36
-6.05894965E-37 -9.11009381E-38 -1.18249610E-38 -1.92343825E-39 -4.78769474E-40
-2.91044386E-41  6.05187223E-41  1.81685333E-40  3.39921832E-40  5.78656388E-40
 9.46665720E-40  1.54460582E-39  2.40986684E-39  3.29467088E-39  3.77465117E-39
 3.71206176E-39  3.25921177E-39  2.60382257E-39  1.86202210E-39  1.16680114E-39
 6.18821733E-40  2.54134963E-40  3.72181218E-41  9.10971008E-44  9.92358922E-47
 7.15596961E-50  3.85811409E-53  1.66102018E-56  5.95210104E-60  1.82609614E-63
 0.00000000E+00
C3H8
 0.00000000E+00  1.31679659E-35  4.67907459E-32  1.44199446E-28  3.76518973E-25
 8.05905208E-22  1.34564562E-18  1.61220973E-15  1.08638902E-12  9.66824314E-11
 3.02834569E-10  5.15988965E-10  7.58659680E-10  1.03363361E-09  1.33920989E-09
 1.67248008E-09  2.03019018E-09  2.40873535E-09  2.80347597E-09  3.20757687E-09
 3.61099515E-09  4.00137433E-09  4.36796901E-09  4.70474472E-09  5.00816064E-09
 5.27347429E-09  5.49206865E-09  5.65430662E-09  5.75265410E-09  5.77972105E-09
 5.72769202E-09  5.58972039E-09  5.36207240E-09  5.04643415E-09  4.65026193E-09
 4.17793098E-09  3.61488375E-09  2.90726146E-09  1.99063343E-09  9.68298624E-10
 2.46390814E-10  2.80450817E-11  1.78302883E-12  8.36420978E-14  4.13571815E-15
 2.62674102E-16  2.08419471E-17  2.01578123E-18  2.33630755E-19  3.20764816E-20
 5.17844934E-21  9.78862736E-22  2.16248522E-22  5.58379721E-23  1.68995155E-23
 6.03720482E-24  2.54529383E-24  1.25379426E-24  7.13698541E-25  4.60911137E-25
 3.28480960E-25  2.50815842E-25  1.99853251E-25  1.62667927E-25  1.32934905E-25
 1.07399729E-25  8.44286723E-26  6.30665158E-26  4.23930833E-26  2.33806442E-26
 7.86890118E-27  7.24239137E-28  1.15121105E-29  1.76069906E-32  1.48248451E-35
 8.95160171E-39  4.21493649E-42  1.62647069E-45  5.31674054E-49  1.50712988E-52
 0.00000000E+00
 0.00000000E+00  2.11604946E-51  7.57410592E-48  2.35222317E-44  6.18718365E-41
 1.34823914E-37  2.27809230E-34  2.70892360E-31  1.75698115E-28  1.49764231E-26
 4.39027086E-26  6.83567613E-26  8.91929205E-26  1.08061274E-25  1.28272957E-25
 1.49918000E-25  1.68600808E-25  1.87625555E-25  1.96425442E-25  2.05928516E-25
 2.10702807E-25  2.00744294E-25  1.89680538E-25  1.80617589E-25  1.60886445E-25
 1.50409226E-25  1.34380973E-25  1.14610364E-25  8.07463862E-26  5.49618414E-26
 2.49798760E-26 -1.00532648E-26 -3.61206707E-26 -4.65809036E-26 -3.65349228E-26
-1.47117740E-26  2.47602692E-26  3.39059498E-26 -8.52223259E-26 -2.80710404E-25
-1.36094910E-25 -2.08787888E-26 -1.50545485E-27 -7.33611304E-29 -3.64330825E-30
-2.30706145E-31 -1.77108207E-32 -1.61273417E-33 -1.75960182E-34 -2.26346605E-35
-3.31606082E-36 -5.54601851E-37 -1.04938252E-37 -2.25213490E-38 -5.21997959E-39
-5.20902377E-40  2.30882637E-39  6.65057206E-39  1.46056849E-38  2.78792933E-38
 4.76283363E-38  7.42767602E-38  1.07506900E-37  1.46424968E-37  1.89835841E-37
 2.36441495E-37  2.84550953E-37  3.32222596E-37  3.77044032E-37  4.08112366E-37
 3.95422243E-37  2.54303954E-37  6.10289217E-38  1.54734256E-40  1.71578581E-43
 1.25216144E-46  6.81237988E-50  2.95437440E-53  1.06515884E-56  3.28512122E-60
 0.00000000E+00
CH2C
 0.00000000E+00  4.27045635E-57  1.06600114E-51  2.65595815E-46  6.60481413E-41
 1.63906914E-35  4.04612344E-30  9.58699607E-25  1.63119136E-19  3.33117346E-15
 1.80229885E-13  1.27607121E-12  5.89682853E-12  2.38833071E-11  9.21347299E-11
 3.35492756E-10  1.10815055E-09  3.20467059E-09  7.93310935E-09  1.66441422E-08
 2.96134983E-08  4.49856900E-08  5.88382592E-08  6.69850081E-08  6.81103166E-08
 6.54946275E-08  6.44193107E-08  6.82546192E-08  7.81776808E-08  9.48378088E-08
 1.18971883E-07  1.51196660E-07  1.91625399E-07  2.39478043E-07  2.92641454E-07
 3.47522118E-07  3.98701390E-07  4.39468193E-07  4.60362268E-07  4.43156395E-07
 3.63123670E-07  2.21411939E-07  8.57462504E-08  2.06230757E-08  4.07054954E-09
 8.51217758E-10  1.96588941E-10  5.05503387E-11  1.44854264E-11  4.62592926E-12
 1.64778796E-12  6.55916361E-13  2.92514328E-13  1.46539385E-13  8.26650050E-14
 5.26147368E-14  3.75520503E-14  2.95745487E-14  2.50862479E-14  2.20677633E-14
 1.91316828E-14  1.54633574E-14  1.10992152E-14  6.83059555E-15  3.51680910E-15
 1.47977383E-15  4.93768273E-16  1.22969281E-16  1.96577380E-17  1.64020177E-18
 3.91290636E-20  1.06423343E-22  2.30401712E-26  1.21145817E-31  3.72978339E-37
 1.04957364E-42  2.91611080E-48  8.08400243E-54  2.23802050E-59  6.18783669E-65
 0.00000000E+00
 0.00000000E+00  1.37005593E-72  3.39861329E-67  8.38882558E-62  2.09733050E-56
 5.20918215E-51  1.29115920E-45  3.05532160E-40  5.26835959E-35  1.30814546E-30
 7.75832814E-29  5.36006615E-28  2.49491908E-27  1.05178099E-26  4.22827536E-26
 1.55805080E-25  4.90701458E-25  1.27864778E-24  2.74191642E-24  4.64783220E-24
 6.41473094E-24  6.36095318E-24  4.80748124E-24  3.03417690E-24  1.63564024E-25
-2.51546700E-24 -5.67838256E-25 -9.96480552E-25  2.71473555E-24  7.30181821E-25
-2.20745745E-24  2.53758324E-23  2.71626259E-24  9.22636122E-24  4.80657787E-23
-2.99573060E-23  6.54965323E-23 -3.72963565E-23  3.74603855E-23 -4.55269603E-23
-3.37730403E-23 -2.84053991E-23 -2.13353443E-23 -6.55011820E-24 -1.91520219E-24
-4.14084573E-25 -1.10036404E-25 -2.55896993E-26 -6.96457831E-27 -1.95010967E-27
-7.43814576E-28 -2.30102647E-28 -9.29340309E-29 -2.77201430E-29 -1.30909020E-29
-6.81637349E-30  1.01134712E-30 -4.26502977E-31  9.35269421E-31  9.80382264E-31
-1.67484834E-31 -4.86711391E-31 -9.10944726E-31 -9.58083907E-31 -7.15851880E-31
-3.86121386E-31 -1.52283445E-31 -4.52269180E-32 -7.70085325E-33 -6.04626515E-34
-8.37570673E-36  1.68756265E-37  7.23142980E-40  5.02768824E-45  1.66305898E-50
 4.74118563E-56  1.31998874E-61  3.66243653E-67  1.01472022E-72  2.80780531E-78
 0.00000000E+00
CH3C
 0.00000000E+00  1.02085052E-32  3.62746669E-29  1.11791056E-25  2.91897475E-22
 6.24780461E-19  1.04321587E-15  1.24987054E-12  8.42226545E-10  7.49682451E-08
 2.38739403E-07  4.10253861E-07  6.07307108E-07  8.32561175E-07  1.08513309E-06
 1.36319353E-06  1.66474981E-06  1.98790412E-06  2.33088164E-06  2.69205328E-06
 3.06992293E-06  3.46311186E-06  3.87067756E-06  4.29227427E-06  4.72741793E-06
 5.17526241E-06  5.63174068E-06  6.09149125E-06  6.55396476E-06  7.02164776E-06
 7.49719413E-06  7.98204765E-06  8.47334902E-06  8.95739026E-06  9.39786341E-06
 9.72051378E-06  9.79186528E-06  9.42272218E-06  8.40170655E-06  6.57699410E-06
 4.06023442E-06  1.67818085E-06  4.25818987E-07  7.37968833E-08  1.20119577E-08
 2.25901027E-09  4.87587965E-10  1.18915263E-10  3.23165358E-11  9.67921114E-12
 3.16960476E-12  1.12876281E-12  4.35844491E-13  1.82295279E-13  8.27100994E-14
 4.09469498E-14  2.21510206E-14  1.30082457E-14  8.23293148E-15  5.55432104E-15
 3.93222927E-15  2.87700112E-15  2.14827836E-15  1.62064409E-15  1.22334670E-15
 9.13628119E-16  6.65715032E-16  4.62093816E-16  2.88556757E-16  1.47839824E-16
 4.64564610E-17  4.20142640E-18  6.67556288E-20  1.02098169E-22  8.59652610E-26
 5.19079137E-29  2.44412750E-32  9.43146296E-36  3.08303383E-39  8.73943793E-43
 0.00000000E+00
 0.00000000E+00  2.15522017E-48  7.69565417E-45  2.35758912E-41  6.16403382E-38
 1.30090348E-34  2.21418088E-31  2.58912582E-28  1.66973795E-25  1.37979378E-23
 4.12411172E-23  6.45178680E-23  8.63283031E-23  1.07564080E-22  1.28957872E-22
 1.54528727E-22  1.78098441E-22  2.01029871E-22  2.21061639E-22  2.40709610E-22
 2.61320181E-22  2.73348768E-22  2.88932005E-22  2.98008320E-22  3.10241413E-22
 3.21970025E-22  3.39890993E-22  3.54275932E-22  3.63698821E-22  3.78505810E-22
 3.95592826E-22  4.10587068E-22  4.30295273E-22  4.50306306E-22  4.60754127E-22
 4.52037802E-22  3.61256812E-22  1.29701316E-22 -3.30559582E-22 -8.43411985E-22
-9.05287272E-22 -5.75804035E-22 -1.93016702E-22 -3.81806115E-23 -6.43005020E-24
-1.21964167E-24 -2.60670179E-25 -5.98799546E-26 -1.55052432E-26 -4.42946092E-27
-1.36137511E-27 -4.42733421E-28 -1.53057055E-28 -5.62778419E-29 -2.20278130E-29
-9.17195583E-30 -3.99775714E-30 -1.79624132E-30 -8.29314749E-31 -3.84343194E-31
-1.72324199E-31 -7.65439341E-32 -3.10599238E-32 -4.20965642E-33  5.11758369E-33
 9.13219663E-33  8.63275876E-33  4.77972878E-33  3.39869495E-33  5.88601601E-33
 9.91181301E-33  9.14950323E-33  2.70153599E-33  6.91327864E-36  7.70069926E-39
 5.63689043E-42  3.07378985E-45  1.33548670E-48  4.82233569E-52  1.48926014E-55
 0.00000000E+00
<    
