>DATA
> TIME (S)  1.000E+03     1.000000000000000000E+03
> GRIDS:           81> NPDE             42
> PSI      
 0.000000000000000000E+00   4.599999999999578384E-03   9.199999999998410838E-03
 1.379999999999488927E-02   1.839999999835681757E-02   2.299999892567958920E-02
 2.759965157421506374E-02   3.216686636479674372E-02   3.616867204389991736E-02
 3.822693243101708133E-02   3.878194155983417934E-02   3.890839826045271871E-02
 3.897216494733741349E-02   3.901872331326895066E-02   3.905727743639576116E-02
 3.909133194980043968E-02   3.912254882639637499E-02   3.915185915903913322E-02
 3.917984375519031892E-02   3.920689698448168864E-02   3.923330032386734834E-02
 3.925926382537522907E-02   3.928496459182583000E-02   3.931057363535355592E-02
 3.933622929236280791E-02   3.936202326876082208E-02   3.938804288280815108E-02
 3.941422920185276568E-02   3.944032586800660239E-02   3.946624780883101202E-02
 3.949211417758780041E-02   3.951803885403706862E-02   3.954413124131025969E-02
 3.957049716826692431E-02   3.959723097257876467E-02   3.962431457964870479E-02
 3.965231575285969173E-02   3.968027718909931945E-02   3.970839377035206147E-02
 3.973796382509395958E-02   3.977017085786754141E-02   3.980404124840070806E-02
 3.983963432710432157E-02   3.987728270190871172E-02   3.991312564220045322E-02
 3.994487846116900193E-02   3.997402307677428573E-02   4.000135312779211361E-02
 4.002739315643527584E-02   4.005251377944753222E-02   4.007699364312887480E-02
 4.010105147285227684E-02   4.012486717380733814E-02   4.014860004784769759E-02
 4.017236820320623653E-02   4.019612903685807620E-02   4.021985017743428398E-02
 4.024367731176638208E-02   4.026774349301202177E-02   4.029199812990820473E-02
 4.031644995379440183E-02   4.034132550876874668E-02   4.036687828148586427E-02
 4.039340876553899895E-02   4.042131381909259968E-02   4.045123625276070278E-02
 4.048422925412102635E-02   4.052205845962433828E-02   4.057170231089093915E-02
 4.064514724184539046E-02   4.079632732250091515E-02   4.127838257792577209E-02
 4.336534742566815204E-02   4.780284604444118290E-02   5.240000798645050306E-02
 5.700000001187745940E-02   6.160000000001623205E-02   6.620000000000386686E-02
 7.080000000000251370E-02   7.540000000000109115E-02   8.000000000000000167E-02
  r(
 0.00000000E+00  4.60000000E-03  9.20000000E-03  1.38000000E-02  1.84000000E-02
 2.29999989E-02  2.75996516E-02  3.21668664E-02  3.61686720E-02  3.82269324E-02
 3.87819416E-02  3.89083983E-02  3.89721649E-02  3.90187233E-02  3.90572774E-02
 3.90913319E-02  3.91225488E-02  3.91518592E-02  3.91798438E-02  3.92068970E-02
 3.92333003E-02  3.92592638E-02  3.92849646E-02  3.93105736E-02  3.93362293E-02
 3.93620233E-02  3.93880429E-02  3.94142292E-02  3.94403259E-02  3.94662478E-02
 3.94921142E-02  3.95180389E-02  3.95441312E-02  3.95704972E-02  3.95972310E-02
 3.96243146E-02  3.96523158E-02  3.96802772E-02  3.97083938E-02  3.97379638E-02
 3.97701709E-02  3.98040412E-02  3.98396343E-02  3.98772827E-02  3.99131256E-02
 3.99448785E-02  3.99740231E-02  4.00013531E-02  4.00273932E-02  4.00525138E-02
 4.00769936E-02  4.01010515E-02  4.01248672E-02  4.01486000E-02  4.01723682E-02
 4.01961290E-02  4.02198502E-02  4.02436773E-02  4.02677435E-02  4.02919981E-02
 4.03164500E-02  4.03413255E-02  4.03668783E-02  4.03934088E-02  4.04213138E-02
 4.04512363E-02  4.04842293E-02  4.05220585E-02  4.05717023E-02  4.06451472E-02
 4.07963273E-02  4.12783826E-02  4.33653474E-02  4.78028460E-02  5.24000080E-02
 5.70000000E-02  6.16000000E-02  6.62000000E-02  7.08000000E-02  7.54000000E-02
 8.00000000E-02
 0.00000000E+00  0.00000000E+00  0.00000000E+00  0.00000000E+00  0.00000000E+00
 0.00000000E+00  0.00000000E+00  0.00000000E+00  0.00000000E+00  0.00000000E+00
 0.00000000E+00  0.00000000E+00  0.00000000E+00  0.00000000E+00  0.00000000E+00
 0.00000000E+00  0.00000000E+00  0.00000000E+00  0.00000000E+00  0.00000000E+00
 0.00000000E+00  0.00000000E+00  0.00000000E+00  0.00000000E+00  0.00000000E+00
 0.00000000E+00  0.00000000E+00  0.00000000E+00  0.00000000E+00  0.00000000E+00
 0.00000000E+00  0.00000000E+00  0.00000000E+00  0.00000000E+00  0.00000000E+00
 0.00000000E+00  0.00000000E+00  0.00000000E+00  0.00000000E+00  0.00000000E+00
 0.00000000E+00  0.00000000E+00  0.00000000E+00  0.00000000E+00  0.00000000E+00
 0.00000000E+00  0.00000000E+00  0.00000000E+00  0.00000000E+00  0.00000000E+00
 0.00000000E+00  0.00000000E+00  0.00000000E+00  0.00000000E+00  0.00000000E+00
 0.00000000E+00  0.00000000E+00  0.00000000E+00  0.00000000E+00  0.00000000E+00
 0.00000000E+00  0.00000000E+00  0.00000000E+00  0.00000000E+00  0.00000000E+00
 0.00000000E+00  0.00000000E+00  0.00000000E+00  0.00000000E+00  0.00000000E+00
 0.00000000E+00  0.00000000E+00  0.00000000E+00  0.00000000E+00  0.00000000E+00
 0.00000000E+00  0.00000000E+00  0.00000000E+00  0.00000000E+00  0.00000000E+00
 0.00000000E+00
  J 
-2.62000000E+05 -2.62000000E+05 -2.62000000E+05 -2.62000000E+05 -2.62000000E+05
-2.62000000E+05 -2.62000000E+05 -2.62000000E+05 -2.62000000E+05 -2.62000000E+05
-2.62000000E+05 -2.62000000E+05 -2.62000000E+05 -2.62000000E+05 -2.62000000E+05
-2.62000000E+05 -2.62000000E+05 -2.62000000E+05 -2.62000000E+05 -2.62000000E+05
-2.62000000E+05 -2.62000000E+05 -2.62000000E+05 -2.62000000E+05 -2.62000000E+05
-2.62000000E+05 -2.62000000E+05 -2.62000000E+05 -2.62000000E+05 -2.62000000E+05
-2.62000000E+05 -2.62000000E+05 -2.62000000E+05 -2.62000000E+05 -2.62000000E+05
-2.62000000E+05 -2.62000000E+05 -2.62000000E+05 -2.62000000E+05 -2.62000000E+05
-2.62000000E+05 -2.62000000E+05 -2.62000000E+05 -2.62000000E+05 -2.62000000E+05
-2.62000000E+05 -2.62000000E+05 -2.62000000E+05 -2.62000000E+05 -2.62000000E+05
-2.62000000E+05 -2.62000000E+05 -2.62000000E+05 -2.62000000E+05 -2.62000000E+05
-2.62000000E+05 -2.62000000E+05 -2.62000000E+05 -2.62000000E+05 -2.62000000E+05
-2.62000000E+05 -2.62000000E+05 -2.62000000E+05 -2.62000000E+05 -2.62000000E+05
-2.62000000E+05 -2.62000000E+05 -2.62000000E+05 -2.62000000E+05 -2.62000000E+05
-2.62000000E+05 -2.62000000E+05 -2.62000000E+05 -2.62000000E+05 -2.62000000E+05
-2.62000000E+05 -2.62000000E+05 -2.62000000E+05 -2.62000000E+05 -2.62000000E+05
-2.62000000E+05
 0.00000000E+00  0.00000000E+00  0.00000000E+00  0.00000000E+00  0.00000000E+00
 0.00000000E+00  0.00000000E+00  0.00000000E+00  0.00000000E+00  0.00000000E+00
 0.00000000E+00  0.00000000E+00  0.00000000E+00  0.00000000E+00  0.00000000E+00
 0.00000000E+00  0.00000000E+00  0.00000000E+00  0.00000000E+00  0.00000000E+00
 0.00000000E+00  0.00000000E+00  0.00000000E+00  0.00000000E+00  0.00000000E+00
 0.00000000E+00  0.00000000E+00  0.00000000E+00  0.00000000E+00  0.00000000E+00
 0.00000000E+00  0.00000000E+00  0.00000000E+00  0.00000000E+00  0.00000000E+00
 0.00000000E+00  0.00000000E+00  0.00000000E+00  0.00000000E+00  0.00000000E+00
 0.00000000E+00  0.00000000E+00  0.00000000E+00  0.00000000E+00  0.00000000E+00
 0.00000000E+00  0.00000000E+00  0.00000000E+00  0.00000000E+00  0.00000000E+00
 0.00000000E+00  0.00000000E+00  0.00000000E+00  0.00000000E+00  0.00000000E+00
 0.00000000E+00  0.00000000E+00  0.00000000E+00  0.00000000E+00  0.00000000E+00
 0.00000000E+00  0.00000000E+00  0.00000000E+00  0.00000000E+00  0.00000000E+00
 0.00000000E+00  0.00000000E+00  0.00000000E+00  0.00000000E+00  0.00000000E+00
 0.00000000E+00  0.00000000E+00  0.00000000E+00  0.00000000E+00  0.00000000E+00
 0.00000000E+00  0.00000000E+00  0.00000000E+00  0.00000000E+00  0.00000000E+00
 0.00000000E+00
   G
 5.02969847E+02  5.02969847E+02  5.02969847E+02  5.02969847E+02  5.02969847E+02
 5.02969847E+02  5.02969847E+02  5.02969848E+02  5.02971062E+02  5.03238598E+02
 5.07026714E+02  5.12817348E+02  5.20161823E+02  5.29536636E+02  5.40936637E+02
 5.54217706E+02  5.69144573E+02  5.85451797E+02  6.02876700E+02  6.21176609E+02
 6.40130705E+02  6.59538563E+02  6.79228112E+02  6.99061817E+02  7.18903682E+02
 7.38598701E+02  7.57999981E+02  7.76863880E+02  7.94836738E+02  8.11731899E+02
 8.27522807E+02  8.42182285E+02  8.55678224E+02  8.67970540E+02  8.79005539E+02
 8.88683137E+02  8.97077530E+02  9.03815074E+02  9.08934841E+02  9.12543764E+02
 9.14442839E+02  9.14210985E+02  9.11576532E+02  9.06203127E+02  8.98692536E+02
 8.90150306E+02  8.80800385E+02  8.70768603E+02  8.60117494E+02  8.48874722E+02
 8.37046125E+02  8.24624019E+02  8.11591433E+02  7.97922081E+02  7.83600179E+02
 7.68705984E+02  7.53323447E+02  7.37425823E+02  7.20995338E+02  7.04150478E+02
 6.86987174E+02  6.69466893E+02  6.51559386E+02  6.33247984E+02  6.14525482E+02
 5.95348963E+02  5.75651966E+02  5.55410236E+02  5.33229908E+02  5.09669999E+02
 4.85615243E+02  4.71048842E+02  4.69554707E+02  4.69547463E+02  4.69547458E+02
 4.69547458E+02  4.69547458E+02  4.69547458E+02  4.69547458E+02  4.69547458E+02
 4.69547458E+02
-7.86790983E-20 -7.86790983E-20 -2.33263226E-17 -4.65739568E-17 -6.98020158E-17
 1.90424919E-17 -5.20899944E-17 -1.74379144E-16 -3.00807739E-16 -2.58104709E-15
-7.69574697E-15 -1.02413117E-14 -1.25133883E-14 -1.40432448E-14 -1.57188471E-14
-1.72474206E-14 -1.83020276E-14 -1.91520365E-14 -1.91921554E-14 -1.93085459E-14
-1.89256752E-14 -1.86411300E-14 -1.84499463E-14 -1.73556507E-14 -1.64228642E-14
-1.55480142E-14 -1.41429198E-14 -1.28402983E-14 -1.12569673E-14 -9.64842668E-15
-7.88004406E-15 -5.93284938E-15 -3.58909617E-15 -1.57812895E-15  5.28356114E-16
 3.04305996E-15  5.54545987E-15  7.93188948E-15  1.03760164E-14  1.07304269E-14
 1.13837562E-14  1.19882012E-14  1.28393244E-14  1.37503081E-14  1.43986892E-14
 1.50707119E-14  1.58852632E-14  1.66950128E-14  1.74190593E-14  1.79074764E-14
 1.84345044E-14  1.88335346E-14  1.93628133E-14  2.00554514E-14  2.04075413E-14
 2.08073519E-14  2.10332442E-14  2.17217774E-14  2.14728871E-14  2.20707844E-14
 2.22249010E-14  2.19814132E-14  2.22583769E-14  2.22166565E-14  2.18156873E-14
 2.13763511E-14  2.02494392E-14  1.89940395E-14  1.72233325E-14  1.36286346E-14
 8.26411421E-15  2.39057606E-15 -6.70398143E-17  8.57757775E-18  2.85258686E-17
 7.44001943E-17  3.54612504E-22 -1.71763432E-23 -6.33019286E-27 -1.40406493E-30
 0.00000000E+00
 v(m
 3.95689533E+01  3.49416307E+01  3.03143081E+01  2.56869855E+01  2.10596629E+01
 1.64323414E+01  1.18053683E+01  7.21102566E+00  3.18548388E+00  1.11807914E+00
 5.80891550E-01  4.78359953E-01  4.40853376E-01  4.23843905E-01  4.17302034E-01
 4.16693005E-01  4.19323003E-01  4.23386991E-01  4.27624534E-01  4.31141173E-01
 4.33292257E-01  4.33603731E-01  4.31716404E-01  4.27339240E-01  4.20219879E-01
 4.10140580E-01  3.96904844E-01  3.80422799E-01  3.60830061E-01  3.38267267E-01
 3.12736169E-01  2.84212647E-01  2.52648215E-01  2.17972870E-01  1.80111835E-01
 1.39151228E-01  9.42633061E-02  4.70666211E-02 -2.51201146E-03 -5.65562726E-02
-1.17002964E-01 -1.81212945E-01 -2.47275906E-01 -3.12863428E-01 -3.70101371E-01
-4.16813445E-01 -4.56585721E-01 -4.91140726E-01 -5.21443275E-01 -5.48070490E-01
-5.71379247E-01 -5.91584166E-01 -6.08801492E-01 -6.23077601E-01 -6.34390133E-01
-6.42638897E-01 -6.47784757E-01 -6.49858340E-01 -6.48871116E-01 -6.44872732E-01
-6.37998302E-01 -6.28377226E-01 -6.16135461E-01 -6.01416472E-01 -5.84406862E-01
-5.65353359E-01 -5.44703722E-01 -5.23538042E-01 -5.03665959E-01 -4.96812305E-01
-5.58002178E-01 -9.61232954E-01 -2.91366721E+00 -7.08079125E+00 -1.13979625E+01
-1.57177916E+01 -2.00376282E+01 -2.43574648E+01 -2.86773014E+01 -3.29971381E+01
-3.73169747E+01
 0.00000000E+00 -6.12949422E-18  2.26879563E-17  3.70765580E-18 -4.84407921E-18
 3.87257879E-18  1.06013660E-18 -4.78404807E-18 -8.69125824E-18 -1.03831266E-17
-1.90895117E-17 -2.48731816E-17 -3.01565508E-17 -3.30784408E-17 -3.58870685E-17
-3.77686501E-17 -3.95603128E-17 -3.98899038E-17 -3.91254549E-17 -3.86196449E-17
-3.68535273E-17 -3.50233786E-17 -3.23535306E-17 -3.07801341E-17 -2.80066709E-17
-2.41626740E-17 -2.18613430E-17 -1.92636382E-17 -1.59089142E-17 -1.30061493E-17
-9.56300069E-18 -6.39916149E-18 -3.33091153E-18 -4.10252562E-19  2.81847626E-18
 5.82202172E-18  8.92965568E-18  1.14898125E-17  6.44634269E-17  7.06313382E-17
 7.33968382E-17  7.43592176E-17  7.25644622E-17  6.89930530E-17  6.40804919E-17
 6.07488015E-17  5.60637255E-17  5.21305437E-17  4.84940845E-17  4.45560848E-17
 4.12331739E-17  3.73767763E-17  3.30928568E-17  2.85881241E-17  2.29114051E-17
 1.84224534E-17  1.35176764E-17  8.69539981E-18  4.59544378E-18 -9.89502910E-19
-5.02238087E-18 -9.65284530E-18 -1.37473014E-17 -1.73735658E-17 -2.00732334E-17
-2.25670165E-17 -2.48773133E-17 -2.50639443E-17 -2.28575543E-17 -1.70208385E-17
-4.49878345E-18  8.51005579E-18  1.85710753E-17  1.26246292E-17  2.42504105E-17
 3.22715518E-17  1.59615465E-17  1.59568623E-17  1.32860526E-17  3.82134985E-17
 2.75303074E-17
  T(
 2.98000000E+02  2.98000000E+02  2.98000000E+02  2.98000000E+02  2.98000000E+02
 2.98000000E+02  2.98000000E+02  2.98000001E+02  2.98001790E+02  2.98394851E+02
 3.05256501E+02  3.19584758E+02  3.38921782E+02  3.63858054E+02  3.94189590E+02
 4.29450927E+02  4.69007531E+02  5.12211527E+02  5.58483807E+02  6.07350510E+02
 6.58436692E+02  7.11451455E+02  7.66201334E+02  8.22605463E+02  8.80604375E+02
 9.40095834E+02  1.00100906E+03  1.06295413E+03  1.12507347E+03  1.18692369E+03
 1.24856838E+03  1.31006681E+03  1.37146045E+03  1.43275946E+03  1.49390725E+03
 1.55453639E+03  1.61547194E+03  1.67407770E+03  1.73007066E+03  1.78457736E+03
 1.83629189E+03  1.87691665E+03  1.89679950E+03  1.88782757E+03  1.85698421E+03
 1.81907115E+03  1.77868961E+03  1.73688647E+03  1.69368788E+03  1.64888759E+03
 1.60224637E+03  1.55354125E+03  1.50257250E+03  1.44915296E+03  1.39317859E+03
 1.33496011E+03  1.27486091E+03  1.21284772E+03  1.14895791E+03  1.08379064E+03
 1.01787664E+03  9.51240016E+02  8.83935756E+02  8.16058210E+02  7.47715982E+02
 6.78877561E+02  6.09456206E+02  5.39614473E+02  4.65331409E+02  3.90468788E+02
 3.23623059E+02  2.94278830E+02  2.92010804E+02  2.92000007E+02  2.92000000E+02
 2.92000000E+02  2.92000000E+02  2.92000000E+02  2.92000000E+02  2.92000000E+02
 2.92000000E+02
 0.00000000E+00 -7.28335289E-20 -4.48488781E-20 -4.48708830E-20 -7.47761080E-21
-4.97358831E-17  1.75339558E-17 -1.14307118E-16 -6.73944554E-18 -2.91817890E-15
-9.83271003E-15 -1.59728915E-14 -2.13448777E-14 -2.63302318E-14 -3.15112905E-14
-3.65739975E-14 -4.09999611E-14 -4.54786540E-14 -4.89827871E-14 -5.19718228E-14
-5.46282771E-14 -5.69203257E-14 -5.88744160E-14 -6.12249107E-14 -6.26503403E-14
-6.44350951E-14 -6.53065437E-14 -6.66043193E-14 -6.79986982E-14 -6.96286553E-14
-7.13866819E-14 -7.23536062E-14 -7.29162778E-14 -7.32208777E-14 -7.27237831E-14
-7.31910778E-14 -7.13450247E-14 -7.03391263E-14 -6.73981374E-14 -6.45229457E-14
-5.59393141E-14 -4.32404401E-14 -2.44244747E-14 -4.44931693E-15  7.42544053E-15
 1.46764366E-14  1.79777363E-14  2.19710728E-14  2.50938552E-14  2.93894015E-14
 3.23729540E-14  3.56991218E-14  3.93569974E-14  4.16621087E-14  4.54125075E-14
 4.82516217E-14  5.15570680E-14  5.39755728E-14  5.64859142E-14  5.90024990E-14
 5.97414054E-14  6.01137155E-14  6.03981117E-14  6.00122309E-14  5.85066420E-14
 5.70117127E-14  5.36531721E-14  4.90460634E-14  4.14482076E-14  2.99376428E-14
 1.43412698E-14  3.26134956E-15 -1.33017008E-17  6.12783683E-17  2.99011079E-16
-3.00134846E-17 -5.12661540E-20 -1.38864882E-22 -4.31842923E-26 -8.96017102E-30
 0.00000000E+00
  p(
 1.00000000E+05  1.00000000E+05  1.00000000E+05  1.00000000E+05  1.00000000E+05
 1.00000000E+05  1.00000000E+05  1.00000000E+05  1.00000000E+05  1.00000000E+05
 1.00000000E+05  1.00000000E+05  1.00000000E+05  1.00000000E+05  1.00000000E+05
 1.00000000E+05  1.00000000E+05  1.00000000E+05  1.00000000E+05  1.00000000E+05
 1.00000000E+05  1.00000000E+05  1.00000000E+05  1.00000000E+05  1.00000000E+05
 1.00000000E+05  1.00000000E+05  1.00000000E+05  1.00000000E+05  1.00000000E+05
 1.00000000E+05  1.00000000E+05  1.00000000E+05  1.00000000E+05  1.00000000E+05
 1.00000000E+05  1.00000000E+05  1.00000000E+05  1.00000000E+05  1.00000000E+05
 1.00000000E+05  1.00000000E+05  1.00000000E+05  1.00000000E+05  1.00000000E+05
 1.00000000E+05  1.00000000E+05  1.00000000E+05  1.00000000E+05  1.00000000E+05
 1.00000000E+05  1.00000000E+05  1.00000000E+05  1.00000000E+05  1.00000000E+05
 1.00000000E+05  1.00000000E+05  1.00000000E+05  1.00000000E+05  1.00000000E+05
 1.00000000E+05  1.00000000E+05  1.00000000E+05  1.00000000E+05  1.00000000E+05
 1.00000000E+05  1.00000000E+05  1.00000000E+05  1.00000000E+05  1.00000000E+05
 1.00000000E+05  1.00000000E+05  1.00000000E+05  1.00000000E+05  1.00000000E+05
 1.00000000E+05  1.00000000E+05  1.00000000E+05  1.00000000E+05  1.00000000E+05
 1.00000000E+05
 0.00000000E+00  0.00000000E+00  0.00000000E+00  0.00000000E+00  0.00000000E+00
 0.00000000E+00  0.00000000E+00  0.00000000E+00  0.00000000E+00  0.00000000E+00
 0.00000000E+00  0.00000000E+00  0.00000000E+00  0.00000000E+00  0.00000000E+00
 0.00000000E+00  0.00000000E+00  0.00000000E+00  0.00000000E+00  0.00000000E+00
 0.00000000E+00  0.00000000E+00  0.00000000E+00  0.00000000E+00  0.00000000E+00
 0.00000000E+00  0.00000000E+00  0.00000000E+00  0.00000000E+00  0.00000000E+00
 0.00000000E+00  0.00000000E+00  0.00000000E+00  0.00000000E+00  0.00000000E+00
 0.00000000E+00  0.00000000E+00  0.00000000E+00  0.00000000E+00  0.00000000E+00
 0.00000000E+00  0.00000000E+00  0.00000000E+00  0.00000000E+00  0.00000000E+00
 0.00000000E+00  0.00000000E+00  0.00000000E+00  0.00000000E+00  0.00000000E+00
 0.00000000E+00  0.00000000E+00  0.00000000E+00  0.00000000E+00  0.00000000E+00
 0.00000000E+00  0.00000000E+00  0.00000000E+00  0.00000000E+00  0.00000000E+00
 0.00000000E+00  0.00000000E+00  0.00000000E+00  0.00000000E+00  0.00000000E+00
 0.00000000E+00  0.00000000E+00  0.00000000E+00  0.00000000E+00  0.00000000E+00
 0.00000000E+00  0.00000000E+00  0.00000000E+00  0.00000000E+00  0.00000000E+00
 0.00000000E+00  0.00000000E+00  0.00000000E+00  0.00000000E+00  0.00000000E+00
 0.00000000E+00
N2  
 6.49046641E-01  6.49046641E-01  6.49046641E-01  6.49046641E-01  6.49046641E-01
 6.49046641E-01  6.49046641E-01  6.49046641E-01  6.49046705E-01  6.49060761E-01
 6.49306442E-01  6.49821450E-01  6.50520973E-01  6.51431158E-01  6.52551333E-01
 6.53872431E-01  6.55379209E-01  6.57054846E-01  6.58883213E-01  6.60849911E-01
 6.62942038E-01  6.65147879E-01  6.67457922E-01  6.69866080E-01  6.72366269E-01
 6.74949855E-01  6.77608942E-01  6.80319091E-01  6.83035528E-01  6.85734510E-01
 6.88415634E-01  6.91079562E-01  6.93727568E-01  6.96361231E-01  6.98981369E-01
 7.01578365E-01  7.04197955E-01  7.06744156E-01  7.09232626E-01  7.11772238E-01
 7.14451446E-01  7.17180306E-01  7.19968977E-01  7.22860933E-01  7.25584294E-01
 7.27983064E-01  7.30174648E-01  7.32218922E-01  7.34154141E-01  7.36006520E-01
 7.37795040E-01  7.39533836E-01  7.41233715E-01  7.42903410E-01  7.44548070E-01
 7.46161293E-01  7.47737396E-01  7.49282135E-01  7.50799215E-01  7.52279831E-01
 7.53718479E-01  7.55120558E-01  7.56488943E-01  7.57825048E-01  7.59130221E-01
 7.60408427E-01  7.61664368E-01  7.62898135E-01  7.64181635E-01  7.65449134E-01
 7.66561759E-01  7.67045072E-01  7.67082311E-01  7.67082488E-01  7.67082489E-01
 7.67082489E-01  7.67082489E-01  7.67082489E-01  7.67082489E-01  7.67082489E-01
 7.67082489E-01
 0.00000000E+00  2.08490714E-35  1.48142791E-31  9.13138082E-28  4.76951311E-24
 2.04254600E-20 -1.38919820E-19 -4.67946048E-20 -1.62523649E-19  9.32926328E-21
-2.32987569E-21 -2.06923263E-19 -2.45493453E-19 -4.44608589E-19 -4.80853169E-19
-4.29829181E-19 -6.52337796E-19 -9.69100429E-19 -6.21120602E-19 -7.31733463E-19
-9.11746736E-19 -8.77796733E-19 -4.28954865E-19 -8.07594055E-19 -7.01387116E-19
-2.79748021E-19 -1.55898730E-19 -3.69711852E-19  1.38018214E-19  2.27502761E-19
-2.17181668E-20  4.59117703E-19  6.03651422E-19  5.05344356E-19  5.81366364E-19
 7.54410527E-19  9.41874332E-19  1.12003745E-18  7.52437036E-16  1.80916984E-18
 1.55024608E-18  1.87310294E-18  9.25337428E-19  7.88976406E-19  9.19288795E-20
 2.58871254E-20  2.26953796E-19  1.76707883E-19  1.56280134E-19 -2.73897385E-19
-4.96716683E-20 -1.89185676E-19 -2.02558343E-19 -2.11532779E-19 -3.66499021E-19
-4.19404262E-19 -4.12761564E-19 -5.71032725E-19 -5.73028036E-19 -9.06650514E-19
-7.07168697E-19 -5.98297875E-19 -6.41490390E-19 -6.06047706E-19 -9.44561957E-19
-6.10915688E-19 -9.86121575E-19 -8.80233378E-19 -5.90358936E-19 -4.22487272E-19
-2.85003633E-19 -9.33237646E-20  5.51785245E-20  7.80223852E-20  7.65451575E-20
-4.41424699E-20 -1.01785435E-23 -1.93087183E-27 -3.11121871E-31 -4.35639286E-35
 0.00000000E+00
CO2 
 0.00000000E+00  8.91286540E-33  6.33301128E-29  3.90359911E-25  2.03892704E-21
 8.73172661E-18  2.91767208E-14  6.93166317E-11  8.30245820E-08  1.83163281E-05
 3.37017848E-04  1.00509594E-03  1.91253009E-03  3.09323738E-03  4.54634454E-03
 6.26008961E-03  8.21469740E-03  1.03883462E-02  1.27601124E-02  1.53113134E-02
 1.80252116E-02  2.08866054E-02  2.38831549E-02  2.70069551E-02  3.02501072E-02
 3.36013967E-02  3.70505572E-02  4.05658494E-02  4.40891311E-02  4.75894923E-02
 5.10662225E-02  5.45198459E-02  5.79514377E-02  6.13620386E-02  6.47509598E-02
 6.81027548E-02  7.14709718E-02  7.47231093E-02  7.78652783E-02  8.10085015E-02
 8.42072811E-02  8.72612351E-02  9.00251658E-02  9.21902675E-02  9.31273136E-02
 9.28357514E-02  9.16127906E-02  8.96763365E-02  8.71832883E-02  8.42474544E-02
 8.09536622E-02  7.73676532E-02  7.35422535E-02  6.95204155E-02  6.53428447E-02
 6.10729409E-02  5.67677771E-02  5.24463574E-02  4.81255556E-02  4.38523086E-02
 3.96599058E-02  3.55455562E-02  3.15100836E-02  2.75559403E-02  2.36838070E-02
 1.98851418E-02  1.61481463E-02  1.24740292E-02  8.64946587E-03  4.87092889E-03
 1.55307130E-03  1.11595950E-04  5.28975674E-07  3.63889733E-10  1.47609064E-13
 4.33871252E-17  1.00043779E-20  1.89782710E-24  3.05796601E-28  4.28181783E-32
 0.00000000E+00
 0.00000000E+00 -1.26135164E-46 -8.49751866E-43 -4.92315766E-39 -2.38844875E-35
-9.33231435E-32 -2.76577678E-28 -5.52692376E-25 -4.89156191E-22 -5.15344458E-20
-2.13881213E-19 -3.87961931E-19 -5.68543088E-19 -7.55521150E-19 -9.42532930E-19
-1.13507699E-18 -1.31917726E-18 -1.50095005E-18 -1.66404422E-18 -1.81365065E-18
-1.94898999E-18 -2.05687682E-18 -2.18044336E-18 -2.29468954E-18 -2.40146580E-18
-2.49070096E-18 -2.59748012E-18 -2.62930963E-18 -2.73510986E-18 -2.82263396E-18
-2.91800714E-18 -2.99073065E-18 -3.03106250E-18 -3.07607776E-18 -3.13554222E-18
-3.17850728E-18 -3.16058176E-18 -3.21083490E-18  7.93896434E-17 -2.95348867E-18
-2.81478565E-18 -2.56370376E-18 -2.31370129E-18 -1.74361490E-18 -1.01744849E-18
-3.02930847E-19  4.21216061E-19  9.77028767E-19  1.52387902E-18  1.95758212E-18
 2.35045454E-18  2.66910585E-18  2.93958274E-18  3.19837915E-18  3.41425387E-18
 3.52029284E-18  3.66553114E-18  3.72450696E-18  3.73236620E-18  3.77517748E-18
 3.72491922E-18  3.63623391E-18  3.53686678E-18  3.41192237E-18  3.24753550E-18
 3.05138176E-18  2.81514029E-18  2.50810055E-18  2.07975738E-18  1.47228681E-18
 6.92634772E-19  1.58213241E-19  1.90994125E-21  1.79681131E-24  8.79214430E-28
 2.95406415E-31  7.55761806E-35  1.56178157E-38  2.70484800E-42  4.03288350E-46
 0.00000000E+00
H2O 
 0.00000000E+00  1.21308553E-32  8.61954491E-29  5.31299351E-25  2.77508162E-21
 1.18843164E-17  3.97109754E-14  9.43434005E-11  1.13000606E-07  2.49294373E-05
 4.58697251E-04  1.36796929E-03  2.60299617E-03  4.20993088E-03  6.18757198E-03
 8.51989498E-03  1.11799658E-02  1.41380611E-02  1.73656748E-02  2.08373442E-02
 2.45302448E-02  2.84236310E-02  3.25006354E-02  3.67504018E-02  4.11620469E-02
 4.57201227E-02  5.04103812E-02  5.51892356E-02  5.99770207E-02  6.47308204E-02
 6.94482620E-02  7.41278206E-02  7.87673975E-02  8.33627543E-02  8.79040034E-02
 9.23563917E-02  9.67671368E-02  1.00925243E-01  1.04781535E-01  1.08355206E-01
 1.11440448E-01  1.13367083E-01  1.13465114E-01  1.11233069E-01  1.07308810E-01
 1.02927664E-01  9.84781303E-02  9.40828778E-02  8.97605560E-02  8.54958509E-02
 8.12646774E-02  7.70434280E-02  7.28119005E-02  6.85534218E-02  6.42606187E-02
 5.99585767E-02  5.56741680E-02  5.14050439E-02  4.71542618E-02  4.29596463E-02
 3.88490484E-02  3.48171589E-02  3.08635020E-02  2.69899045E-02  2.31968368E-02
 1.94759037E-02  1.58155589E-02  1.22169737E-02  8.47117709E-03  4.77053223E-03
 1.52107135E-03  1.09297053E-04  5.18078686E-07  3.56393543E-10  1.44568293E-13
 4.24933431E-17  9.79828608E-21  1.85873155E-24  2.99497140E-28  4.19361166E-32
 0.00000000E+00
 0.00000000E+00 -3.58749165E-46 -2.42766037E-42 -1.41285315E-38 -6.88449712E-35
-2.70308279E-31 -8.04742669E-28 -1.61511047E-24 -1.43266757E-21 -1.47632154E-19
-4.64834320E-19 -7.42081746E-19 -1.01690855E-18 -1.30333133E-18 -1.59641031E-18
-1.89062455E-18 -2.17571793E-18 -2.45026787E-18 -2.71266468E-18 -2.94881181E-18
-3.14615032E-18 -3.34943877E-18 -3.52633033E-18 -3.73235456E-18 -3.91938854E-18
-4.08261883E-18 -4.23726805E-18 -4.33586049E-18 -4.48475076E-18 -4.64551923E-18
-4.78538251E-18 -4.89903123E-18 -5.00267928E-18 -5.07542437E-18 -5.13337501E-18
-5.10658574E-18 -5.11256072E-18 -5.02929705E-18  1.06230306E-16 -4.29494202E-18
-3.52246743E-18 -2.25303393E-18 -7.79884938E-19  7.41661289E-19  1.75422569E-18
 2.26151635E-18  2.59916731E-18  2.79943069E-18  2.94265627E-18  3.04798286E-18
 3.21814551E-18  3.32401533E-18  3.39024582E-18  3.46997685E-18  3.58076422E-18
 3.64261327E-18  3.71210756E-18  3.77081301E-18  3.78709330E-18  3.76930061E-18
 3.71905388E-18  3.62922561E-18  3.50006689E-18  3.37962087E-18  3.20972143E-18
 3.02217763E-18  2.78708473E-18  2.48076082E-18  2.05232079E-18  1.45280837E-18
 6.78272330E-19  1.52774460E-19  1.82236024E-21  1.70986373E-24  8.35114722E-28
 2.80350025E-31  7.16735391E-35  1.47998629E-38  2.56255925E-42  3.81998416E-46
 0.00000000E+00
O2  
 1.95431437E-01  1.95431437E-01  1.95431437E-01  1.95431437E-01  1.95431437E-01
 1.95431437E-01  1.95431437E-01  1.95431437E-01  1.95431268E-01  1.95394126E-01
 1.94744924E-01  1.93384073E-01  1.91535708E-01  1.89130759E-01  1.86171028E-01
 1.82680502E-01  1.78699492E-01  1.74272483E-01  1.69442139E-01  1.64246576E-01
 1.58719971E-01  1.52893404E-01  1.46792165E-01  1.40432546E-01  1.33830856E-01
 1.27010198E-01  1.19991848E-01  1.12840964E-01  1.05676659E-01  9.85630034E-02
 9.15032901E-02  8.44993359E-02  7.75534732E-02  7.06706904E-02  6.38635646E-02
 5.71805524E-02  5.05442355E-02  4.42606240E-02  3.83834330E-02  3.28358978E-02
 2.78220615E-02  2.42252579E-02  2.30376870E-02  2.53432307E-02  3.08673745E-02
 3.78834799E-02  4.55971035E-02  5.36414361E-02  6.18593734E-02  7.01840082E-02
 7.85859412E-02  8.70497273E-02  9.55641908E-02  1.04119947E-01  1.12696843E-01
 1.21218549E-01  1.29615946E-01  1.37887176E-01  1.46027380E-01  1.53972566E-01
 1.61684407E-01  1.69189363E-01  1.76503910E-01  1.83637797E-01  1.90600037E-01
 1.97412856E-01  2.04102046E-01  2.10668888E-01  2.17496648E-01  2.24236257E-01
 2.30150249E-01  2.32718681E-01  2.32916569E-01  2.32917511E-01  2.32917511E-01
 2.32917511E-01  2.32917511E-01  2.32917511E-01  2.32917511E-01  2.32917511E-01
 2.32917511E-01
 0.00000000E+00 -5.50938826E-35 -3.91466021E-31 -2.41295481E-27 -1.26033457E-23
 3.02499359E-20 -2.84826643E-20  1.12689760E-20  3.97001388E-20  2.53862884E-19
 6.98291735E-19  1.21823990E-18  1.57827964E-18  2.03920283E-18  2.39090240E-18
 2.85501713E-18  3.20624918E-18  3.57796550E-18  3.91884924E-18  4.30234720E-18
 4.57518627E-18  4.70969975E-18  5.06136457E-18  5.29262650E-18  5.49185845E-18
 5.67292888E-18  5.81949163E-18  5.89110282E-18  6.07016911E-18  6.24294435E-18
 6.35907856E-18  6.45271082E-18  6.53597194E-18  6.56458435E-18  6.56272585E-18
 6.54502023E-18  6.46512367E-18  6.31830447E-18  4.66174671E-17  5.56570065E-18
 4.68934291E-18  3.26180699E-18  1.16224098E-18 -1.31190702E-18 -3.32085689E-18
-4.57849550E-18 -5.44325623E-18 -6.00834439E-18 -6.48802699E-18 -6.85706831E-18
-7.13764966E-18 -7.34977219E-18 -7.56576544E-18 -7.74228078E-18 -7.77214049E-18
-7.87012479E-18 -7.86792948E-18 -7.84256070E-18 -7.73298056E-18 -7.48842815E-18
-7.29362953E-18 -7.08211659E-18 -6.84518503E-18 -6.46863173E-18 -6.16521551E-18
-5.77854753E-18 -5.23603482E-18 -4.60649950E-18 -3.87190934E-18 -2.70061909E-18
-1.28018804E-18 -3.05656986E-19 -1.99905101E-20  8.56523598E-21 -3.13166696E-20
 1.80979205E-20 -5.40889651E-23 -1.02606539E-26 -1.65329701E-30 -2.31497474E-34
 0.00000000E+00
H   
 0.00000000E+00  2.86474710E-56  3.82814602E-52  4.75523541E-48  5.45953388E-44
 5.75512487E-40  5.75489128E-36  7.59816319E-31  8.93908215E-25  1.76097489E-19
 6.87434219E-16  1.64977718E-14  1.03070159E-13  4.21007788E-13  1.41834394E-12
 4.40311101E-12  1.33216605E-11  4.03910075E-11  1.24457643E-10  3.82973097E-10
 1.10813318E-09  2.82889421E-09  6.18531028E-09  1.16795722E-08  1.97014115E-08
 3.10367050E-08  4.75731075E-08  7.28237636E-08  1.12440732E-07  1.75634745E-07
 2.77787563E-07  4.44485172E-07  7.19163727E-07  1.17745405E-06  1.95486235E-06
 3.29742108E-06  5.73482688E-06  1.01599482E-05  1.84283426E-05  3.47729774E-05
 6.75411468E-05  1.23765623E-04  1.97105673E-04  2.57610561E-04  2.76092394E-04
 2.65492515E-04  2.42337406E-04  2.14621596E-04  1.86050276E-04  1.58393309E-04
 1.32528953E-04  1.08901129E-04  8.77251647E-05  6.90829817E-05  5.29937433E-05
 3.94899879E-05  2.84840121E-05  1.97418199E-05  1.30246079E-05  8.11299445E-06
 4.72326175E-06  2.53005013E-06  1.22551026E-06  5.27261284E-07  1.98362288E-07
 6.46639603E-08  1.82566631E-08  4.40141048E-09  7.59029208E-10  7.36076890E-11
 2.08363614E-12  6.43119030E-15  1.43183583E-19  8.60285877E-26  2.20580208E-32
 3.79212807E-39  5.39642407E-46  7.45782256E-53  2.18766420E-58  1.31265695E-62
 0.00000000E+00
 0.00000000E+00  4.15619767E-70  3.75065326E-66  3.10272654E-62  2.26618231E-58
 1.31518093E-54  1.31885129E-50  2.82044394E-44  2.36464284E-38 -2.65857393E-33
-2.78238438E-30 -3.38896244E-29 -1.54724918E-28 -5.31839857E-28 -1.65414032E-27
-5.09020534E-27 -1.56548651E-26 -4.88165813E-26 -1.53688748E-25 -4.65237082E-25
-1.23074204E-24 -2.67396800E-24 -4.96688131E-24 -7.70723008E-24 -1.10697016E-23
-1.57554033E-23 -2.35273913E-23 -3.69423820E-23 -5.92245229E-23 -9.66022544E-23
-1.57205514E-22 -2.58974418E-22 -4.24393746E-22 -6.96344991E-22 -1.17579735E-21
-1.99811501E-21 -3.51554639E-21 -6.34745981E-21  8.08095028E-21 -2.13773246E-20
-3.79022123E-20 -5.61261953E-20 -6.13142330E-20 -4.12971210E-20 -1.67410108E-20
-1.36984092E-21  7.36029411E-21  1.19092473E-20  1.41474249E-20  1.49213599E-20
 1.49056592E-20  1.41736955E-20  1.31809703E-20  1.18474593E-20  1.03008038E-20
 8.78262485E-21  7.32718572E-21  5.86559067E-21  4.48284287E-21  3.26544877E-21
 2.20710444E-21  1.37059865E-21  7.68523304E-22  3.78643438E-22  1.59391536E-22
 5.62731701E-23  1.66108280E-23  4.03102809E-24  6.95350123E-25  6.54412372E-26
 1.66036072E-27  4.99125607E-30  1.45449736E-34  1.00629298E-40  2.81922100E-47
 5.09423848E-54  7.40681240E-61  6.74125658E-68 -6.12448438E-72 -9.79011657E-76
 0.00000000E+00
O   
 0.00000000E+00  6.96775001E-41  4.96783469E-37  3.07418391E-33  1.61317307E-29
 6.94760921E-26  2.33838816E-22  5.61161552E-19  6.83180351E-16  1.55632448E-13
 3.13263288E-12  1.17190552E-11  2.55384869E-11  4.57318219E-11  7.31296359E-11
 1.09032168E-10  1.56874788E-10  2.26113560E-10  3.41033124E-10  5.61470175E-10
 1.02882775E-09  2.04853520E-09  4.18545665E-09  8.31404652E-09  1.56585473E-08
 2.80600775E-08  4.87224829E-08  8.32453489E-08  1.40735713E-07  2.36011325E-07
 3.93314764E-07  6.51309915E-07  1.07153773E-06  1.75295109E-06  2.85855516E-06
 4.66203765E-06  7.73501496E-06  1.30129471E-05  2.26353493E-05  4.25311460E-05
 9.04601958E-05  2.13489740E-04  5.17391435E-04  1.10127337E-03  1.73923217E-03
 2.18241355E-03  2.42901868E-03  2.52359413E-03  2.50716780E-03  2.40944072E-03
 2.25170268E-03  2.05022885E-03  1.81855347E-03  1.56877858E-03  1.31266331E-03
 1.06320029E-03  8.32079500E-04  6.27240828E-04  4.54355742E-04  3.16946355E-04
 2.13904935E-04  1.40264263E-04  8.98968471E-05  5.66313930E-05  3.51487244E-05
 2.14025553E-05  1.26281339E-05  7.05812034E-06  3.43313486E-06  1.29974399E-06
 2.75316792E-07  1.75912057E-08  8.33463640E-11  5.73351169E-14  2.32575481E-17
 6.83615301E-21  1.57630767E-24  2.99025031E-28  4.81818592E-32  6.74650872E-36
 0.00000000E+00
 0.00000000E+00  6.73779623E-54  4.67997015E-50  2.80563170E-46  1.41509804E-42
 5.78904050E-39  1.81475622E-35  3.90519544E-32  3.86942342E-29  4.98171987E-27
 7.28013650E-27  2.44853251E-27 -4.05427193E-27 -1.18324167E-26 -2.09387944E-26
-3.27913068E-26 -5.14946142E-26 -8.72740310E-26 -1.65249708E-25 -3.43567600E-25
-7.53594729E-25 -1.63494339E-24 -3.33894530E-24 -6.19337469E-24 -1.06730533E-23
-1.77542228E-23 -2.94827557E-23 -5.01787935E-23 -8.47862240E-23 -1.42296054E-22
-2.35896920E-22 -3.86528488E-22 -6.19324838E-22 -9.88336876E-22 -1.57077448E-21
-2.49090548E-21 -4.06302563E-21 -6.87248222E-21  1.18215443E-20 -2.45122821E-20
-5.59963819E-20 -1.35207619E-19 -2.98603492E-19 -4.57436262E-19 -4.43353687E-19
-3.35409880E-19 -2.21953692E-19 -1.27125775E-19 -4.65582593E-20  1.48781987E-20
 6.72646679E-20  1.08566013E-19  1.39735480E-19  1.61828047E-19  1.73358967E-19
 1.73744492E-19  1.64144925E-19  1.46224777E-19  1.22247734E-19  9.67903572E-20
 7.14806019E-20  4.95978138E-20  3.28514360E-20  2.08739556E-20  1.28956618E-20
 7.76697869E-21  4.53019190E-21  2.50188680E-21  1.19235659E-21  4.30227477E-22
 8.06153372E-23  2.74145780E-24 -2.48773927E-27 -7.03628331E-30 -4.13569567E-33
-1.49402446E-36 -3.91472297E-40 -8.14687126E-44 -1.40431885E-47 -2.05962562E-51
 0.00000000E+00
OH  
 0.00000000E+00  4.09225518E-44  2.91772255E-40  1.80577565E-36  9.48768492E-33
 4.14473360E-29  1.67767960E-25  1.72575860E-21  5.15827575E-17  5.48741984E-13
 1.35013090E-10  8.95785984E-10  2.26504779E-09  4.07995123E-09  6.13658954E-09
 8.32551819E-09  1.06670458E-08  1.32885754E-08  1.63892204E-08  2.02238950E-08
 2.51136133E-08  3.14993481E-08  4.00881893E-08  5.21497279E-08  7.00173682E-08
 9.79865998E-08  1.44061188E-07  2.22645030E-07  3.58402607E-07  5.94377590E-07
 1.00722592E-06  1.73234008E-06  3.01107849E-06  5.28220978E-06  9.36780211E-06
 1.68436473E-05  3.12719886E-05  5.93146497E-05  1.15955440E-04  2.38920480E-04
 5.17824857E-04  1.08838822E-03  2.04910406E-03  3.20736464E-03  3.97223822E-03
 4.22850270E-03  4.17106181E-03  3.93800167E-03  3.60942840E-03  3.23135099E-03
 2.83219541E-03  2.43138106E-03  2.04334715E-03  1.67924323E-03  1.34799162E-03
 1.05757411E-03  8.11846914E-04  6.09468946E-04  4.47175220E-04  3.21121960E-04
 2.25789833E-04  1.55030550E-04  1.03729270E-04  6.75833236E-05  4.28674259E-05
 2.63791117E-05  1.55783624E-05  8.62878346E-06  4.09319991E-06  1.46536123E-06
 2.79688289E-07  1.70952788E-08  8.09814773E-11  5.57082756E-14  2.25976324E-17
 6.64218225E-21  1.53158112E-24  2.90540418E-28  4.68147347E-32  6.55508155E-36
 0.00000000E+00
 0.00000000E+00  3.95715175E-57  2.74855271E-53  1.64772444E-49  8.30937219E-46
 3.39248616E-42  1.02664797E-38  3.02514368E-36 -7.73093715E-31 -7.33598571E-27
-3.00541598E-25 -8.78370378E-25 -1.38173801E-24 -1.76335349E-24 -1.99574142E-24
-2.21342952E-24 -2.54681209E-24 -3.09510068E-24 -3.90294214E-24 -5.03697116E-24
-6.58740432E-24 -8.77606789E-24 -1.20235161E-23 -1.72116276E-23 -2.56794175E-23
-4.04908917E-23 -6.70706302E-23 -1.14708095E-22 -2.00884835E-22 -3.54258338E-22
-6.24724178E-22 -1.10070070E-21 -1.92707529E-21 -3.38853128E-21 -6.02650022E-21
-1.08334644E-20 -2.03187577E-20 -3.92396163E-20  4.58111226E-20 -1.59986222E-19
-3.26595617E-19 -5.90412781E-19 -8.39087574E-19 -8.14872178E-19 -5.20744940E-19
-2.56485332E-19 -6.24242309E-20  6.48481260E-20  1.45531817E-19  2.05029470E-19
 2.38903124E-19  2.53438448E-19  2.54783714E-19  2.46992367E-19  2.29630880E-19
 2.03745360E-19  1.74266840E-19  1.43793150E-19  1.14435188E-19  8.89718284E-20
 6.69340078E-20  4.84647788E-20  3.40061563E-20  2.29685246E-20  1.47887657E-20
 9.15142409E-21  5.40250895E-21  2.99255933E-21  1.41361564E-21  4.88920573E-22
 7.61646338E-23 -1.92394525E-24 -6.78877124E-26 -6.99609247E-29 -3.52698733E-32
-1.20230180E-35 -3.09898028E-39 -6.43011208E-43 -1.11596512E-46 -1.66461726E-50
 0.00000000E+00
H2O2
 0.00000000E+00  3.24159619E-37  2.30330700E-33  1.41973332E-29  7.41554800E-26
 3.17571627E-22  1.06115309E-18  2.52103582E-15  3.01959195E-12  6.66148790E-10
 1.21829033E-08  3.50909939E-08  6.51235654E-08  1.03085065E-07  1.48594041E-07
 2.01002322E-07  2.59502424E-07  3.23298402E-07  3.91669164E-07  4.63981842E-07
 5.39656660E-07  6.18122613E-07  6.98802257E-07  7.81061192E-07  8.63927355E-07
 9.45738396E-07  1.02382577E-06  1.09349732E-06  1.14794081E-06  1.18000802E-06
 1.18350142E-06  1.15550647E-06  1.10015852E-06  1.03107913E-06  9.69602502E-07
 9.37642111E-07  9.47825679E-07  9.94482952E-07  1.04862884E-06  1.05765265E-06
 9.44315305E-07  7.04714909E-07  4.85301819E-07  4.16042530E-07  4.69379333E-07
 5.61088534E-07  6.64893220E-07  7.78479481E-07  9.06769100E-07  1.05790129E-06
 1.24335977E-06  1.48015332E-06  1.79543571E-06  2.23387504E-06  2.86032925E-06
 3.73238801E-06  4.84328339E-06  6.08708724E-06  7.27759985E-06  8.21972330E-06
 8.79603069E-06  8.98165567E-06  8.81065865E-06  8.34730762E-06  7.66017049E-06
 6.80368258E-06  5.81320084E-06  4.71209406E-06  3.43701440E-06  2.04393412E-06
 6.89251349E-07  5.03176366E-08  2.38524452E-10  1.64084295E-13  6.65595291E-17
 1.95640196E-20  4.51115037E-24  8.55763696E-28  1.37889078E-31  1.93074714E-35
 0.00000000E+00
 0.00000000E+00 -1.82470265E-49 -1.23455227E-45 -7.18102408E-42 -3.49569777E-38
-1.36978224E-34 -4.06506586E-31 -8.10879354E-28 -7.09078731E-25 -6.89670113E-23
-1.56581871E-22 -1.91060623E-22 -2.12456610E-22 -2.28562025E-22 -2.40888290E-22
-2.50133311E-22 -2.56870100E-22 -2.60933058E-22 -2.62974537E-22 -2.62656267E-22
-2.60255425E-22 -2.56804757E-22 -2.51303251E-22 -2.44314949E-22 -2.35431268E-22
-2.23414628E-22 -2.07372826E-22 -1.84697543E-22 -1.54638431E-22 -1.17201066E-22
-7.19165036E-23 -2.65748331E-23  8.32441312E-24  2.33316925E-23  8.48333611E-24
-2.67494119E-23 -5.13592004E-23 -5.73249409E-23  1.10393602E-21  5.05936301E-23
 1.73749600E-22  2.13909458E-22  1.21499942E-22  1.00894446E-23 -3.74853298E-23
-5.32591570E-23 -6.53145785E-23 -7.41366676E-23 -9.47164990E-23 -1.14141831E-22
-1.49219285E-22 -2.01402062E-22 -2.85696028E-22 -4.25018318E-22 -6.33577524E-22
-8.86296944E-22 -1.10312640E-21 -1.18417420E-21 -1.07992827E-21 -8.33966242E-22
-5.15331609E-22 -1.89447261E-22  9.67573153E-23  3.15571945E-22  4.75326369E-22
 5.81488719E-22  6.45158132E-22  6.68420830E-22  6.39176765E-22  5.17729547E-22
 2.79990443E-22  7.12323345E-23  8.39767732E-25  7.83745135E-28  3.81279994E-31
 1.27568208E-34  3.25188614E-38  6.69815057E-42  1.15723789E-45  1.72138432E-49
 0.00000000E+00
C   
 0.00000000E+00  5.44798130-112  7.06669447-104  9.16629589E-96  1.18896284E-87
 1.54219534E-79  2.00013012E-71  2.56655123E-63  2.69744304E-55  1.03064956E-47
 4.52682060E-41  4.40554005E-37  8.18058191E-35  4.02242201E-33  1.03465117E-31
 1.93755347E-30  3.16021244E-29  4.96471658E-28  7.95711466E-27  1.28012917E-25
 1.85691427E-24  2.15836674E-23  1.90693700E-22  1.31117758E-21  7.56750339E-21
 4.03298731E-20  2.16323419E-19  1.22515593E-18  7.36305353E-18  4.66705321E-17
 3.10790687E-16  2.16184608E-15  1.56608247E-14  1.18366544E-13  9.39501640E-13
 7.86779810E-12  7.17680933E-11  6.59515487E-10  5.83923487E-09  4.85541971E-08
 3.42980239E-07  1.52824846E-06  3.11225851E-06  2.25736245E-06  7.47813726E-07
 1.82100216E-07  3.93515012E-08  8.24850247E-09  1.74638465E-09  3.79375284E-10
 8.48101193E-11  1.94433618E-11  4.53889609E-12  1.06816395E-12  2.50574601E-13
 5.82187358E-14  1.32444892E-14  2.87157103E-15  5.74571207E-16  1.03483860E-16
 1.62759094E-17  2.13437618E-18  2.22571697E-19  1.76286983E-20  1.01933484E-21
 4.17906690E-23  1.19084006E-24  2.21706677E-26  1.64929249E-28  2.60132720E-31
 1.49758893E-35  5.20026175E-42  8.76087713E-50  4.99755086E-58  2.70312034E-66
 1.46073041E-74  7.89353319E-83  4.26550655E-91  2.30498229E-99  1.24555348-107
 0.00000000E+00
 0.00000000E+00 -6.31953424-126 -8.08500977-118 -1.03426952-109 -1.32265529-101
-1.69123014E-93 -2.16165929E-85 -2.73353486E-77 -2.83002479E-69 -1.06498962E-61
-4.57599536E-55 -2.34544899E-51 -3.16456424E-49 -1.29385891E-47 -3.01259198E-46
-5.48653250E-45 -9.00011810E-44 -1.45070232E-42 -2.38987118E-41 -3.82614908E-40
-5.24840473E-39 -5.47930987E-38 -4.40055147E-37 -2.72654513E-36 -1.47329934E-35
-7.65545031E-35 -4.17903776E-34 -2.46487227E-33 -1.54683524E-32 -1.02205438E-31
-7.01036332E-31 -4.97918448E-30 -3.64543098E-29 -2.77268859E-28 -2.21505155E-27
-1.85679133E-26 -1.68785093E-25 -1.51901479E-24 -6.40693150E-24 -9.47637864E-23
-5.43721838E-22 -1.59219375E-21 -1.05204319E-21  8.05033849E-22  5.96355001E-22
 1.91305155E-22  4.75115847E-23  1.07063032E-23  2.35993960E-24  5.28455961E-25
 1.20204935E-25  2.79197234E-26  6.57590207E-27  1.56935203E-27  3.73033121E-28
 8.85618005E-29  2.07480614E-29  4.68821531E-30  9.90041943E-31  1.90899003E-31
 3.22807450E-32  4.58766839E-33  5.22648614E-34  4.51053106E-35  2.81598914E-36
 1.22336480E-37  3.63162136E-39  6.88830293E-41  5.22890700E-43  8.41173338E-46
 5.17931548E-50  2.70422310E-56  4.55775077E-64  2.59942241E-72  1.40745705E-80
 7.60749305E-89  4.11038711E-97  2.22161080-105  1.20008394-113  6.48728177-122
 0.00000000E+00
CH  
 0.00000000E+00  1.16172953-106  1.11400860E-97  1.06972775E-88  1.02720603E-79
 9.86373182E-71  9.47053965E-62  8.99640507E-53  6.99057711E-44  1.83611522E-35
 5.72045340E-29  2.48764666E-26  7.72627385E-25  9.74166625E-24  7.78105580E-23
 4.88723133E-22  2.72333128E-21  1.44577320E-20  7.63758257E-20  4.02745014E-19
 2.02516430E-18  9.19285670E-18  3.67729831E-17  1.31543064E-16  4.38618509E-16
 1.43408601E-15  4.80883160E-15  1.69046812E-14  6.20176674E-14  2.35333200E-13
 9.19008659E-13  3.67188158E-12  1.49477482E-11  6.18954789E-11  2.60805109E-10
 1.11548291E-09  4.97141598E-09  2.19141852E-08  9.42687924E-08  3.95147663E-07
 1.47453361E-06  3.72863517E-06  4.94153894E-06  2.97315182E-06  1.02731107E-06
 2.93181065E-07  7.90446449E-08  2.13401015E-08  5.90780793E-09  1.69155139E-09
 5.01689692E-10  1.53812655E-10  4.85408917E-11  1.56707388E-11  5.13921243E-12
 1.70632114E-12  5.69169685E-13  1.87085381E-13  5.92468747E-14  1.77757810E-14
 4.95185289E-15  1.24227971E-15  2.72317267E-16  5.07040565E-17  7.82516394E-18
 9.80293504E-19  9.75983763E-20  7.33732981E-21  2.99963432E-22  4.45038743E-24
 7.66439814E-27  3.71233115E-31  3.22779470E-38  7.12313189E-47  1.24644525E-55
 2.15820158E-64  3.73588203E-73  6.46683169E-82  1.11941013E-90  1.93769850E-99
 0.00000000E+00
 0.00000000E+00  4.04970985-120 -3.32048745-111 -3.56319275-102 -3.43471228E-93
-3.29709314E-84 -3.16430339E-75 -3.00454225E-66 -2.32593801E-57 -5.23845299E-49
-3.62089683E-43 -8.25382458E-41 -1.86952960E-39 -1.94727470E-38 -1.39261217E-37
-8.39566335E-37 -4.65108330E-36 -2.51958577E-35 -1.36523714E-34 -7.20322350E-34
-3.49227875E-33 -1.46733471E-32 -5.52147407E-32 -1.85255535E-31 -5.98995942E-31
-1.95478601E-30 -6.74906601E-30 -2.46895132E-29 -9.43934608E-29 -3.71787582E-28
-1.48599346E-27 -6.02427226E-27 -2.45912695E-26 -1.01433102E-25 -4.25068454E-25
-1.79555182E-24 -7.85711415E-24 -3.38405678E-23 -3.64968270E-23 -5.17868528E-22
-1.50867540E-21 -2.15064585E-21 -1.40341761E-22  1.43511019E-21  8.28486535E-22
 2.87849505E-22  8.60030551E-23  2.45366627E-23  6.99526820E-24  2.04492446E-24
 6.13933761E-25  1.88950261E-25  5.96654565E-26  1.92850520E-26  6.33932724E-27
 2.12185040E-27  7.17551756E-28  2.41547725E-28  7.93091955E-29  2.50372530E-29
 7.37305234E-30  1.97106988E-30  4.64739598E-31  9.29651197E-32  1.53125893E-32
 2.02309223E-33  2.09890539E-34  1.62530901E-35  6.87181428E-37  1.06214225E-38
 2.07054224E-41  2.45084015E-45  9.30009053E-53  1.65010098E-61  2.82762550E-70
 4.89356820E-79  8.47838224E-88  1.46896081E-96  2.54459819-105  4.39398844-114
 0.00000000E+00
CH2 
 0.00000000E+00  8.20622213E-72  5.23186314E-65  3.24033324E-58  1.98344322E-51
 1.15524535E-44  5.77387943E-38  1.99328085E-31  2.74988222E-25  7.19083921E-20
 2.81732550E-16  6.20618281E-15  3.28200757E-14  1.04855787E-13  2.54495426E-13
 5.23414235E-13  9.73457950E-13  1.70916922E-12  2.91772720E-12  4.94529719E-12
 8.44848002E-12  1.46901232E-11  2.61568337E-11  4.80077394E-11  9.15170446E-11
 1.82290790E-10  3.80813440E-10  8.30987686E-10  1.86799520E-09  4.27543152E-09
 9.90205317E-09  2.30832089E-08  5.39422859E-08  1.26017867E-07  2.93744393E-07
 6.80205350E-07  1.58154374E-06  3.56236323E-06  7.65659980E-06  1.54964466E-05
 2.74931276E-05  3.58865157E-05  2.89606408E-05  1.31750172E-05  4.24557626E-06
 1.27316195E-06  3.84077871E-07  1.20523579E-07  3.98378656E-08  1.39217775E-08
 5.14253859E-09  2.00384670E-09  8.21150537E-10  3.52480064E-10  1.57849630E-10
 7.36368539E-11  3.56069110E-11  1.76246468E-11  8.80910047E-12  4.40466219E-12
 2.17990293E-12  1.05169186E-12  4.87984151E-13  2.15290055E-13  8.93818870E-14
 3.44511711E-14  1.20626099E-14  3.69690950E-15  8.49727902E-16  1.22421408E-16
 6.18316354E-18  2.67222402E-20  6.10054171E-25  3.59405669E-31  8.88017199E-38
 1.44130345E-44  1.89736066E-51  2.29113785E-58  2.69254032E-65  3.14405788E-72
 0.00000000E+00
 0.00000000E+00  5.26801140E-73  3.85518279E-69  2.43224737E-65  1.28798904E-61
-6.47576309E-58 -5.61215542E-51 -1.65741150E-44 -1.48930982E-38 -1.15375513E-33
-7.67977287E-31 -8.50892025E-30 -3.17997472E-29 -8.07674640E-29 -1.65181975E-28
-3.05197091E-28 -5.33691361E-28 -9.26295743E-28 -1.61612862E-27 -2.82529520E-27
-5.09067862E-27 -9.36240783E-27 -1.78509968E-26 -3.49288527E-26 -7.11710451E-26
-1.50580463E-25 -3.33416199E-25 -7.63104968E-25 -1.78244530E-24 -4.20385187E-24
-9.90054935E-24 -2.31731715E-23 -5.37844924E-23 -1.23951888E-22 -2.83015599E-22
-6.34908534E-22 -1.41561555E-21 -3.01627992E-21  2.30545383E-21 -9.91352070E-21
-1.16968291E-20 -3.82261545E-21  8.11951978E-21  8.33439713E-21  3.61384669E-21
 1.22524535E-21  3.94643067E-22  1.27576139E-22  4.26927499E-23  1.49636371E-23
 5.49626847E-24  2.11731925E-24  8.49502899E-25  3.57974093E-25  1.56740983E-25
 7.17764372E-26  3.41898989E-26  1.68181623E-26  8.41278304E-27  4.28096175E-27
 2.15913755E-27  1.07256643E-27  5.15342310E-28  2.36698034E-28  1.02244112E-28
 4.09826228E-29  1.50308101E-29  4.83935284E-30  1.18301375E-30  1.86421603E-31
 1.22404072E-32  1.73153901E-34  2.12221863E-39  3.05436984E-46 -1.02990204E-52
-3.60136757E-59 -6.75195706E-66 -1.45357583E-70 -2.64492682E-74 -4.14064306E-78
 0.00000000E+00
CH2(
 0.00000000E+00 -9.65604581E-75 -5.94853583E-71  2.29571253E-64  6.05996158E-57
 1.11966842E-49  1.53573795E-42  3.83834602E-35  1.31069962E-27  3.04929651E-21
 1.44311537E-17  3.35140392E-16  1.87522824E-15  6.36513510E-15  1.63918043E-14
 3.55506385E-14  6.90587708E-14  1.25199806E-13  2.17950374E-13  3.71675311E-13
 6.29268144E-13  1.06518996E-12  1.80988113E-12  3.11356949E-12  5.51216214E-12
 1.02228752E-11  2.01101113E-11  4.19422526E-11  9.14160494E-11  2.05250024E-10
 4.70517666E-10  1.09339096E-09  2.56294696E-09  6.04349976E-09  1.43189657E-08
 3.39790651E-08  8.19001726E-08  1.93783664E-07  4.45567153E-07  9.90544528E-07
 1.99459912E-06  3.03580741E-06  2.89781337E-06  1.52987453E-06  5.32306307E-07
 1.62957989E-07  4.88790811E-08  1.50603322E-08  4.85621335E-09  1.64875053E-09
 5.89721496E-10  2.21813703E-10  8.74917152E-11  3.60687360E-11  1.54946067E-11
 6.93711856E-12  3.22582197E-12  1.53982734E-12  7.44590226E-13  3.61411822E-13
 1.74157913E-13  8.19811274E-14  3.71418478E-14  1.59760568E-14  6.43177790E-15
 2.37282285E-15  7.73690601E-16  2.09389049E-16  3.78177424E-17  3.38671789E-18
 7.59809250E-20  2.20663348E-22  4.92480424E-27  2.33991060E-33  3.87897331E-40
 3.38719345E-47  1.82659448E-54  6.69129975E-62  1.77575677E-69  3.58468420E-77
 0.00000000E+00
 0.00000000E+00  2.27178874E-74  1.66253534E-70  1.04891119E-66  5.56366698E-63
 2.39422201E-59  1.64324485E-55 -8.56957330E-50 -2.28632922E-41 -4.52029739E-35
-3.94811442E-32 -4.74540511E-31 -1.92441886E-30 -5.30165668E-30 -1.16052877E-29
-2.26018144E-29 -4.10295291E-29 -7.23893318E-29 -1.24841273E-28 -2.14557597E-28
-3.71339526E-28 -6.39026014E-28 -1.12068781E-27 -1.99972241E-27 -3.78079002E-27
-7.59311375E-27 -1.61827600E-26 -3.62065517E-26 -8.37560839E-26 -1.96937197E-25
-4.64339948E-25 -1.09848157E-24 -2.57653474E-24 -6.04627593E-24 -1.41741408E-23
-3.30407641E-23 -7.75818136E-23 -1.77172155E-22  9.59946855E-23 -7.36212324E-22
-1.09426017E-21 -7.27569940E-22  4.46524449E-22  8.28024359E-22  4.25724973E-22
 1.53455270E-22  4.99938333E-23  1.60106041E-23  5.25133774E-24  1.79398934E-24
 6.40166266E-25  2.38813439E-25  9.25721397E-26  3.74670871E-26  1.58295733E-26
 6.97281482E-27  3.19329603E-27  1.51261169E-27  7.29975220E-28  3.60023784E-28
 1.76284248E-28  8.50298937E-29  3.97010800E-29  1.77257066E-29  7.36418957E-30
 2.82761463E-30  9.61754668E-31  2.72216306E-31  5.16107549E-32  4.77129040E-33
 1.02898669E-34  4.67584971E-37  1.89281366E-41  1.15329534E-47  2.26606029E-54
 2.26291230E-61 -1.64764011E-68 -6.62355355E-72 -1.21199356E-75 -1.89739041E-79
 0.00000000E+00
CH3 
 0.00000000E+00  1.38962165E-36  9.54194967E-33  5.88148949E-29  3.07201690E-25
 1.31559375E-21  4.39600154E-18  1.04437945E-14  1.25090790E-11  2.75934628E-09
 5.15633346E-08  1.71167335E-07  3.57666794E-07  6.38134796E-07  1.04519701E-06
 1.62213807E-06  2.42546291E-06  3.52981737E-06  5.03466569E-06  7.07394160E-06
 9.82951413E-06  1.35504689E-05  1.85823816E-05  2.54099197E-05  3.47035780E-05
 4.73799598E-05  6.47141356E-05  8.83251319E-05  1.20043002E-04  1.62217355E-04
 2.18046596E-04  2.91510162E-04  3.87379683E-04  5.11036787E-04  6.67792763E-04
 8.60482242E-04  1.09155955E-03  1.33867318E-03  1.56638566E-03  1.71066722E-03
 1.64168011E-03  1.24636789E-03  6.61019393E-04  2.27421035E-04  6.31694214E-05
 1.78282463E-05  5.36466742E-06  1.75145078E-06  6.21281163E-07  2.38395567E-07
 9.84085563E-08  4.34948065E-08  2.05099168E-08  1.02895459E-08  5.48032828E-09
 3.09697886E-09  1.84801943E-09  1.15090162E-09  7.38295458E-10  4.82687199E-10
 3.18071792E-10  2.08524637E-10  1.34414075E-10  8.42094438E-11  5.06148086E-11
 2.86841890E-11  1.49513277E-11  6.90690330E-12  2.50039074E-12  6.10148261E-13
 7.39915983E-14  3.67808409E-15  1.74058696E-17  1.19737343E-20  4.85705299E-24
 1.42764651E-27  3.29192479E-31  6.24477016E-35  1.00621890E-38  1.40892541E-42
 0.00000000E+00
 0.00000000E+00 -5.86037806E-51 -4.04997980E-47 -2.41195131E-43 -1.20725966E-39
-4.89055101E-36 -1.51270042E-32 -3.19986428E-29 -3.09458496E-26 -3.97360340E-24
-2.42280858E-23 -6.52975736E-23 -1.29166112E-22 -2.24979140E-22 -3.64130962E-22
-5.64972983E-22 -8.41211071E-22 -1.22251831E-21 -1.74517083E-21 -2.45336346E-21
-3.40601498E-21 -4.70198146E-21 -6.47964581E-21 -8.93102741E-21 -1.22893979E-20
-1.68515290E-20 -2.30267864E-20 -3.13937748E-20 -4.29628829E-20 -5.82398864E-20
-7.81206451E-20 -1.03372889E-19 -1.35047888E-19 -1.72244140E-19 -2.14892211E-19
-2.59467181E-19 -2.97362456E-19 -3.11180085E-19  1.38760111E-18 -1.46891122E-19
 9.69462804E-20  3.42931218E-19  3.62950932E-19  1.83254549E-19  6.05833099E-20
 1.83419797E-20  5.67818012E-21  1.85609476E-21  6.50263900E-22  2.45258611E-22
 9.89490050E-23  4.23418417E-23  1.92529432E-23  9.27319458E-24  4.73069725E-24
 2.55526660E-24  1.46612740E-24  8.84592936E-25  5.57062475E-25  3.63517360E-25
 2.40587625E-25  1.60163837E-25  1.05954872E-25  6.86443792E-26  4.29466920E-26
 2.55277628E-26  1.40226916E-26  6.84746332E-27  2.60926300E-27  6.56447683E-28
 7.90538506E-29  8.17855214E-30  8.15135911E-32  7.41026513E-35  3.60127599E-38
 1.21548371E-41  3.13926270E-45  6.56376572E-49  1.15224950E-52  1.74241778E-56
 0.00000000E+00
CH4 
 1.55521922E-01  1.55521922E-01  1.55521922E-01  1.55521922E-01  1.55521922E-01
 1.55521922E-01  1.55521922E-01  1.55521921E-01  1.55521772E-01  1.55488882E-01
 1.54914006E-01  1.53708933E-01  1.52072124E-01  1.49942406E-01  1.47321364E-01
 1.44230227E-01  1.40704678E-01  1.36784099E-01  1.32506252E-01  1.27904863E-01
 1.23010157E-01  1.17849592E-01  1.12445476E-01  1.06812135E-01  1.00963915E-01
 9.49211989E-02  8.87027429E-02  8.23661431E-02  7.60167547E-02  6.97110989E-02
 6.34517606E-02  5.72399570E-02  5.10773418E-02  4.49679738E-02  3.89228300E-02
 3.29852095E-02  2.70875122E-02  2.15047338E-02  1.62902056E-02  1.13814906E-02
 6.93671500E-03  3.54552144E-03  1.45340410E-03  4.75529282E-04  1.47889272E-04
 4.99202901E-05  1.82892139E-05  7.25942852E-06  3.11104761E-06  1.43490451E-06
 7.10622244E-07  3.77395136E-07  2.14846476E-07  1.31112467E-07  8.57756901E-08
 6.01479679E-08  4.49830373E-08  3.54946073E-08  2.91854072E-08  2.47183467E-08
 2.13239427E-08  1.85475904E-08  1.61369984E-08  1.39504981E-08  1.19070646E-08
 9.95611791E-09  8.06574668E-09  6.22213701E-09  4.31111877E-09  2.42681621E-09
 7.73632388E-10  5.55875350E-11  2.63490301E-13  1.81258647E-16  7.35261727E-20
 2.16117436E-23  4.98332283E-27  9.45334651E-31  1.52321633E-34  2.13283431E-38
 0.00000000E+00
 0.00000000E+00 -4.87858952E-35 -3.46645858E-31 -2.13668817E-27 -1.11603501E-23
 3.64295878E-20 -1.42699701E-20  5.11051626E-21 -1.87351636E-20  1.82572384E-19
 5.70402577E-19  9.69183366E-19  1.24880103E-18  1.56938560E-18  1.98234600E-18
 2.29620756E-18  2.56249979E-18  2.91379043E-18  3.18361583E-18  3.42191184E-18
 3.72692777E-18  3.90609318E-18  4.08036577E-18  4.25377122E-18  4.39257559E-18
 4.51499059E-18  4.58903945E-18  4.62649361E-18  4.77736150E-18  4.87764266E-18
 4.97638441E-18  5.01278227E-18  5.06783980E-18  5.06337406E-18  5.03726224E-18
 4.98092863E-18  4.85313195E-18  4.66618409E-18  2.15334162E-17  3.88718306E-18
 3.08895357E-18  2.05236373E-18  1.05385073E-18  4.02569100E-19  1.35649160E-19
 4.72799738E-20  1.75432617E-20  6.91741524E-21  2.90593820E-21  1.30590198E-21
 6.24399944E-22  3.16677070E-22  1.70763740E-22  9.78259015E-23  5.95036239E-23
 3.86338673E-23  2.68953495E-23  1.99199774E-23  1.55834944E-23  1.27965737E-23
 1.08795917E-23  9.45734879E-24  8.32987726E-24  7.37002961E-24  6.50295894E-24
 5.67532725E-24  4.85385174E-24  4.01312276E-24  3.07377952E-24  2.01803865E-24
 8.91352386E-25  1.73609652E-25  3.90400134E-28 -3.78680263E-32 -1.31492385E-34
-7.09981810E-38 -2.35207337E-41 -5.76825387E-45 -1.13355550E-48 -1.86491822E-52
 0.00000000E+00
CO  
 0.00000000E+00  5.26766350E-33  3.74292339E-29  2.30709717E-25  1.20504249E-21
 5.16060722E-18  1.72439659E-14  4.09673740E-11  4.90690188E-08  1.08252788E-05
 1.99183600E-04  5.94029670E-04  1.13033928E-03  1.82815790E-03  2.68696930E-03
 3.69982190E-03  4.85502817E-03  6.13969091E-03  7.54144330E-03  9.04924202E-03
 1.06531918E-02  1.23443028E-02  1.41152725E-02  1.59614129E-02  1.78780285E-02
 1.98584466E-02  2.18965238E-02  2.39733747E-02  2.60544319E-02  2.81210843E-02
 3.01723178E-02  3.22074201E-02  3.42252603E-02  3.62233906E-02  3.81960792E-02
 4.01251325E-02  4.20243892E-02  4.37900517E-02  4.53777175E-02  4.67415408E-02
 4.76535215E-02  4.75249785E-02  4.55299406E-02  4.10801139E-02  3.55778193E-02
 3.06626527E-02  2.65302253E-02  2.31030214E-02  2.02529803E-02  1.78658731E-02
 1.58500846E-02  1.41333492E-02  1.26579575E-02  1.13767933E-02  1.02522249E-02
 9.25868998E-03  8.37296216E-03  7.56971889E-03  6.82970252E-03  6.14330006E-03
 5.50198729E-03  4.89512317E-03  4.31556739E-03  3.75850961E-03  3.22041449E-03
 2.69759771E-03  2.18675098E-03  1.68689421E-03  1.16838166E-03  6.57384577E-04
 2.09471792E-04  1.50496139E-05  7.13366023E-08  4.90734422E-11  1.99062634E-14
 5.85110100E-18  1.34917042E-21  2.55937171E-25  4.12391186E-29  5.77437396E-33
 0.00000000E+00
 0.00000000E+00 -3.38202944E-46 -2.29253564E-42 -1.33648014E-38 -6.52421981E-35
-2.56561770E-31 -7.65078694E-28 -1.53747538E-24 -1.36354141E-21 -1.38773107E-19
-3.70510602E-19 -5.32085368E-19 -6.83132611E-19 -8.37813369E-19 -9.93110782E-19
-1.15239681E-18 -1.30694282E-18 -1.46197098E-18 -1.61352577E-18 -1.75123121E-18
-1.88669826E-18 -2.00421602E-18 -2.12970645E-18 -2.25414273E-18 -2.38044074E-18
-2.48864496E-18 -2.59305908E-18 -2.69306527E-18 -2.79905996E-18 -2.90424551E-18
-2.99992027E-18 -3.07921811E-18 -3.18160911E-18 -3.24611290E-18 -3.31327637E-18
-3.33046250E-18 -3.35276897E-18 -3.30969251E-18  4.49072786E-17 -2.84528175E-18
-2.24092501E-18 -1.10342270E-18  4.63999483E-19  2.04206026E-18  2.66667814E-18
 2.63666851E-18  2.43972285E-18  2.15352948E-18  1.88036934E-18  1.64906304E-18
 1.44928993E-18  1.27676879E-18  1.12439329E-18  1.00109252E-18  8.92622492E-19
 8.01182546E-19  7.38207070E-19  6.83965189E-19  6.38463663E-19  6.05189222E-19
 5.68050622E-19  5.38967632E-19  5.11268089E-19  4.83847413E-19  4.55351932E-19
 4.25252341E-19  3.89130223E-19  3.44892251E-19  2.83453721E-19  1.99830886E-19
 9.18193533E-20  1.94248552E-20  2.18636587E-22  2.02430351E-25  9.81284818E-29
 3.27834710E-32  8.34777600E-36  1.71777469E-39  2.96657400E-43  4.41108172E-47
 0.00000000E+00
HCO 
 0.00000000E+00  2.09911430E-62  3.70089209E-57  9.22024670E-52  2.31628297E-46
 5.79983430E-41  1.45615368E-35  4.08848667E-30  1.86465896E-24  9.95873448E-19
 4.25017417E-15  8.36592016E-14  4.03615360E-13  1.19166260E-12  2.71367730E-12
 5.35452153E-12  9.87403899E-12  1.79440188E-11  3.31079834E-11  6.24557549E-11
 1.19897044E-10  2.33191360E-10  4.57821297E-10  9.01884137E-10  1.77477906E-09
 3.49462835E-09  6.91440178E-09  1.36889212E-08  2.67434233E-08  5.10444876E-08
 9.48495973E-08  1.71295519E-07  3.00764458E-07  5.14700086E-07  8.62456182E-07
 1.42277283E-06  2.35406905E-06  3.89159903E-06  6.51918233E-06  1.12933770E-05
 1.98365227E-05  3.08520153E-05  3.47381569E-05  2.34442414E-05  1.03889504E-05
 3.91861287E-06  1.42355577E-06  5.36796298E-07  2.21787703E-07  1.04587574E-07
 5.71960671E-08  3.56060552E-08  2.42110160E-08  1.72257143E-08  1.24006276E-08
 8.83251737E-09  6.12415351E-09  4.06972937E-09  2.55445749E-09  1.49809532E-09
 8.11806189E-10  3.99924556E-10  1.75984109E-10  6.79005395E-11  2.25753537E-11
 6.38640924E-12  1.52745104E-12  3.02293952E-13  4.06938035E-14  3.10186672E-15
 8.95938750E-17  3.28662793E-19  7.33810630E-24  3.64646615E-30  7.91737498E-37
 5.06210542E-43  1.23467715E-48  3.38746564E-54  9.29672581E-60  2.54665996E-65
 0.00000000E+00
 0.00000000E+00 -1.02384897E-75 -1.09334793E-70 -2.22531092E-65 -4.47143082E-60
-8.39468892E-55 -1.39499852E-49 -1.75644624E-44 -1.96501936E-38 -2.86711066E-32
-1.96299943E-29 -1.74095147E-28 -5.36261413E-28 -1.16165124E-27 -2.08465976E-27
-3.59164894E-27 -6.30368838E-27 -1.17884958E-26 -2.31358627E-26 -4.59823246E-26
-9.16899090E-26 -1.80575710E-25 -3.59675542E-25 -7.03995093E-25 -1.36451900E-24
-2.66792314E-24 -5.27157881E-24 -1.03864248E-23 -2.00509378E-23 -3.74972845E-23
-6.73621541E-23 -1.16939454E-22 -1.96429005E-22 -3.18255137E-22 -5.06313773E-22
-7.95822016E-22 -1.26990821E-21 -2.06905178E-21  3.53933020E-21 -5.76132569E-21
-8.66544064E-21 -7.58330513E-21  2.33871308E-21  1.00800621E-20  7.20180531E-21
 3.29187733E-21  1.28537513E-21  4.83698258E-22  1.83868431E-22  7.34852657E-23
 3.18489537E-23  1.51838533E-23  8.23061565E-24  5.12713920E-24  3.48399241E-24
 2.57213147E-24  1.93865258E-24  1.44168386E-24  1.04697444E-24  7.12199880E-25
 4.44639623E-25  2.52246323E-25  1.28429660E-25  5.62606184E-26  2.09663767E-26
 6.46428909E-27  1.64339423E-27  3.35015042E-28  4.63799083E-29  3.43754158E-30
 6.17793266E-32 -1.91866512E-33 -1.87207966E-37 -1.35267740E-43 -3.09501942E-50
-7.38936215E-57 -1.12196181E-62 -2.90999791E-68 -7.66138086E-74 -2.02147304E-79
 0.00000000E+00
CH2O
 0.00000000E+00  1.00549668E-34  7.14452811E-31  4.40380916E-27  2.30019655E-23
 9.85061494E-20  3.29154306E-16  7.81987671E-13  9.36624682E-10  2.06614405E-07
 3.79757187E-06  1.12862466E-05  2.14160326E-05  3.45493947E-05  5.06548931E-05
 6.95771442E-05  9.10689282E-05  1.14856915E-04  1.40673452E-04  1.68270061E-04
 1.97410981E-04  2.27861053E-04  2.59387225E-04  2.91763082E-04  3.24720322E-04
 3.57922120E-04  3.91004410E-04  4.23349058E-04  4.54062967E-04  4.82475817E-04
 5.08099142E-04  5.30336329E-04  5.48468850E-04  5.61661554E-04  5.68998842E-04
 5.69590762E-04  5.62597936E-04  5.47969507E-04  5.26106897E-04  4.96075687E-04
 4.53768934E-04  3.87184093E-04  2.74772775E-04  1.39402994E-04  5.48834113E-05
 2.01694930E-05  7.40963419E-06  2.82670707E-06  1.13997982E-06  4.89508740E-07
 2.24250955E-07  1.09586597E-07  5.70784296E-08  3.16519917E-08  1.86682211E-08
 1.17093822E-08  7.78108669E-09  5.42847645E-09  3.93789074E-09  2.94826011E-09
 2.26074875E-09  1.76030372E-09  1.38166134E-09  1.08613223E-09  8.49820324E-10
 6.56755682E-10  4.95670325E-10  3.58797074E-10  2.34008118E-10  1.24461716E-10
 3.78007110E-11  2.68585509E-12  1.27319394E-14  8.75853661E-18  3.55283606E-21
 1.04429475E-24  2.40797698E-28  4.56792423E-32  7.36028960E-36  1.03060071E-39
 0.00000000E+00
 0.00000000E+00 -8.24032713E-48 -5.61507306E-44 -3.29173930E-40 -1.61656319E-36
-6.39908490E-33 -1.92269376E-29 -3.89878053E-26 -3.50149576E-23 -3.63955677E-21
-9.16014861E-21 -1.24352434E-20 -1.52669543E-20 -1.79878495E-20 -2.05657648E-20
-2.30866658E-20 -2.54806937E-20 -2.76461438E-20 -2.95655108E-20 -3.12979386E-20
-3.26754939E-20 -3.37623476E-20 -3.47316387E-20 -3.54050138E-20 -3.57643178E-20
-3.54944894E-20 -3.50357794E-20 -3.37042404E-20 -3.24336618E-20 -3.05620831E-20
-2.77779411E-20 -2.37075931E-20 -1.88122106E-20 -1.28036594E-20 -5.59925415E-21
 2.69027264E-21  1.14037288E-20  2.02567450E-20  5.84982242E-19  3.57642733E-20
 4.64156013E-20  7.06682178E-20  9.80132557E-20  8.25334724E-20  4.25450161E-20
 1.77641733E-20  6.94541234E-21  2.70951045E-21  1.09375124E-21  4.62733771E-22
 2.06909837E-22  9.77036270E-23  4.88594555E-23  2.58609455E-23  1.44818079E-23
 8.58915047E-24  5.42148732E-24  3.60350906E-24  2.51467243E-24  1.82839515E-24
 1.37183968E-24  1.05299810E-24  8.22945441E-25  6.47854941E-25  5.09493756E-25
 3.97131803E-25  3.03248435E-25  2.22564387E-25  1.46833143E-25  7.50149063E-26
 1.11566794E-26 -1.56795439E-26 -3.15997902E-28 -3.22416195E-31 -1.63930362E-34
-5.64597251E-38 -1.47097534E-41 -3.08211162E-45 -5.40068655E-49 -8.13051627E-53
 0.00000000E+00
CH2O
 0.00000000E+00  9.59567443E-77  2.10257658E-69  4.22666377E-62  7.28616565E-55
 9.95808491E-48  1.02459844E-40  8.96427261E-34  7.86113737E-27  1.29768403E-20
 5.73479566E-17  1.10213867E-15  5.15223473E-15  1.46890057E-14  3.22567213E-14
 6.11982576E-14  1.07811304E-13  1.86916944E-13  3.40020057E-13  6.98849691E-13
 1.66820799E-12  4.28701311E-12  1.06823483E-11  2.45972750E-11  5.27241585E-11
 1.08622110E-10  2.22161833E-10  4.58642810E-10  9.55197563E-10  2.00026240E-09
 4.20713717E-09  8.87185033E-09  1.87331436E-08  3.95941894E-08  8.38146787E-08
 1.77513742E-07  3.81463507E-07  8.09143755E-07  1.67807015E-06  3.37260036E-06
 6.15466619E-06  8.61399693E-06  7.76909021E-06  4.01346655E-06  1.41097894E-06
 4.42176877E-07  1.36070769E-07  4.30229767E-08  1.42346599E-08  4.95612110E-09
 1.81626888E-09  6.99587448E-10  2.82826601E-10  1.19893578E-10  5.32920348E-11
 2.49031695E-11  1.21972378E-11  6.16967011E-12  3.15870983E-12  1.60885922E-12
 8.03190431E-13  3.88028417E-13  1.80503231E-13  8.08690465E-14  3.49351284E-14
 1.44903291E-14  5.68768497E-15  2.05000607E-15  5.88926669E-16  1.11272926E-16
 7.03518010E-18  3.29002372E-20  7.46479195E-25  3.75762043E-31  6.93295014E-38
 7.11077179E-45  4.82290299E-52  2.42456325E-59  9.86271812E-67  3.48847925E-74
 0.00000000E+00
 0.00000000E+00 -6.87489630E-90 -1.48644115E-82 -2.90713259E-75 -4.79281203E-68
-6.20087520E-61 -6.26915740E-54 -6.34131190E-47 -6.27061370E-40 -6.45146991E-34
-3.93217910E-31 -3.24141617E-30 -9.29878461E-30 -1.87373845E-29 -3.14992255E-29
-4.93641681E-29 -7.81863744E-29 -1.33999129E-28 -2.68130090E-28 -6.50928918E-28
-1.75001332E-27 -4.51139823E-27 -1.05778202E-26 -2.22408590E-26 -4.45643353E-26
-8.86816600E-26 -1.81419833E-25 -3.82528715E-25 -8.11790961E-25 -1.74230597E-24
-3.71127848E-24 -7.82775412E-24 -1.64467993E-23 -3.44478389E-23 -7.13990591E-23
-1.48725514E-22 -3.07655137E-22 -6.50354838E-22  5.86018257E-22 -2.06308572E-21
-2.67513181E-21 -1.37785232E-21  1.52974594E-21  2.26551683E-21  1.18192371E-21
 4.26973797E-22  1.41375818E-22  4.65504783E-23  1.53647291E-23  5.38645580E-24
 1.97935550E-24  7.53610278E-25  2.98258462E-25  1.22905394E-25  5.35061041E-26
 2.43197340E-26  1.16087000E-26  5.76993269E-27  2.97663455E-27  1.54980840E-27
 7.94032176E-28  3.95434278E-28  1.89117116E-28  8.63972945E-29  3.76719291E-29
 1.57252966E-29  6.21835401E-30  2.23756524E-30  6.49537721E-31  1.27748039E-31
 9.30382080E-33  7.59306103E-35 -1.09042390E-39 -1.60029491E-45 -4.53123988E-52
-6.02221589E-59 -4.86460049E-66 -2.76113875E-73 -1.21887078E-80 -4.53505520E-88
 0.00000000E+00
CH3O
 0.00000000E+00  9.45947020E-43  1.26406387E-38  1.57019123E-34  1.80275205E-30
 1.90017806E-26  1.82392172E-22  1.56250176E-18  9.79408924E-15  1.99866628E-11
 3.33283092E-09  2.71718277E-08  7.63135333E-08  1.52951158E-07  2.54888531E-07
 3.75767800E-07  5.05865401E-07  6.33273904E-07  7.44532843E-07  8.24933952E-07
 8.59845818E-07  8.39397521E-07  7.66372180E-07  6.60568233E-07  5.51555021E-07
 4.63132902E-07  4.04359735E-07  3.73800089E-07  3.66739587E-07  3.79159790E-07
 4.09270431E-07  4.57228108E-07  5.24528097E-07  6.13476084E-07  7.26563976E-07
 8.64964000E-07  1.03050188E-06  1.20867394E-06  1.37378817E-06  1.47182319E-06
 1.39358243E-06  1.06783221E-06  6.18788821E-07  2.60142518E-07  9.03600144E-08
 3.06691926E-08  1.07217659E-08  3.97783215E-09  1.58730677E-09  6.84807977E-10
 3.20032895E-10  1.62223284E-10  8.93752642E-11  5.36875246E-11  3.53121004E-11
 2.55462947E-11  2.03066667E-11  1.75993186E-11  1.64503807E-11  1.63577201E-11
 1.69973672E-11  1.80388786E-11  1.89551207E-11  1.89766720E-11  1.74280565E-11
 1.42853810E-11  1.02663462E-11  6.32640803E-12  2.98670608E-12  8.43199283E-13
 5.92510517E-14  3.07233444E-16  1.02831068E-19  1.04834962E-23  9.29583018E-28
 7.60538396E-32  5.78031670E-36  4.10183006E-40  2.72969291E-44  1.71014091E-48
 0.00000000E+00
 0.00000000E+00  5.85610943E-57  6.62941695E-53  6.61153049E-49  5.55683343E-45
 3.50496718E-41  8.74250133E-38 -1.61152578E-33 -2.65481705E-29 -8.43801428E-26
-5.59170558E-24 -2.39282323E-23 -4.92575610E-23 -7.77561795E-23 -1.05125486E-22
-1.26887558E-22 -1.38920132E-22 -1.38030426E-22 -1.22143386E-22 -8.85860682E-23
-3.81209361E-23  1.91133508E-23  7.22467452E-23  9.32063401E-23  8.16424214E-23
 4.62173237E-23  1.88073660E-23  6.95443627E-24 -1.59261444E-23 -2.70495537E-23
-6.18438816E-23 -7.80534278E-23 -7.74396817E-23 -1.12832368E-22 -1.55831546E-22
-1.84970872E-22 -1.55264075E-22 -1.69105467E-22  1.31775156E-21  6.07907718E-23
 1.83714507E-22  3.32349601E-22  3.05445559E-22  1.75006459E-22  7.89114824E-23
 2.80736921E-23  1.02057035E-23  3.93445013E-24  1.51150118E-24  6.29249730E-25
 2.83343528E-25  1.40561140E-25  7.13571330E-26  3.84380857E-26  2.27356109E-26
 1.54483608E-26  1.09072355E-26  8.23605925E-27  6.29274587E-27  5.89422025E-27
 5.54082985E-27  5.99738161E-27  6.66704834E-27  7.93348088E-27  8.69903666E-27
 8.50525681E-27  7.03377628E-27  4.85632383E-27  2.55679859E-27  8.14672117E-28
 6.57627215E-29  4.67148099E-31  1.50197291E-34  1.41080021E-38  1.14836277E-42
 8.67089716E-47  6.04037603E-51  3.92695476E-55  2.37543008E-59  1.34149993E-63
 0.00000000E+00
CH3O
 0.00000000E+00  8.93553706E-36  6.34912056E-32  3.91352870E-28  2.04411346E-24
 8.75393750E-21  2.92509376E-17  6.94929524E-14  8.32357715E-11  1.83629192E-08
 3.37874684E-07  1.00754875E-06  1.91686471E-06  3.09945900E-06  4.55387800E-06
 6.26745234E-06  8.21887725E-06  1.03834940E-05  1.27350443E-05  1.52454252E-05
 1.78829058E-05  2.06113026E-05  2.33929243E-05  2.61936311E-05  2.89824033E-05
 3.17296872E-05  3.44084170E-05  3.69731117E-05  3.93579487E-05  4.15147830E-05
 4.34068083E-05  4.49838428E-05  4.61785494E-05  4.69025502E-05  4.70431857E-05
 4.64667596E-05  4.49917772E-05  4.25115776E-05  3.89067559E-05  3.38471712E-05
 2.68916466E-05  1.84458928E-05  1.00096775E-05  4.01290850E-06  1.38279967E-06
 4.83302340E-07  1.77695249E-07  7.01690416E-08  3.00209554E-08  1.39508898E-08
 7.04103079E-09  3.85735047E-09  2.29393608E-09  1.48218976E-09  1.04218852E-09
 7.98274968E-10  6.62466199E-10  5.87454391E-10  5.46078694E-10  5.20901094E-10
 5.00018537E-10  4.75991371E-10  4.45164064E-10  4.06694025E-10  3.61459945E-10
 3.10979983E-10  2.56799599E-10  2.00449842E-10  1.39731896E-10  7.87410186E-11
 2.50447169E-11  1.79827304E-12  8.52396699E-15  5.86375560E-18  2.37858725E-21
 6.99144481E-25  1.61211548E-28  3.05817760E-32  4.92763706E-36  6.89976413E-40
 0.00000000E+00
 0.00000000E+00 -1.62121493E-48 -1.10259675E-44 -6.45037180E-41 -3.16042993E-37
-1.24774824E-33 -3.73706257E-30 -7.54654550E-27 -6.73170716E-24 -6.87458864E-22
-1.60709066E-21 -2.05065244E-21 -2.39478921E-21 -2.71140288E-21 -3.00469474E-21
-3.28810925E-21 -3.54564573E-21 -3.78005820E-21 -3.98553619E-21 -4.15239479E-21
-4.27471660E-21 -4.34032898E-21 -4.36018963E-21 -4.33719170E-21 -4.26540063E-21
-4.17185776E-21 -3.98369766E-21 -3.78604204E-21 -3.52446469E-21 -3.21652600E-21
-2.87787701E-21 -2.41814932E-21 -1.82193895E-21 -1.13175671E-21 -3.12925488E-22
 7.01535962E-22  1.91418123E-21  3.19615226E-21  4.57036554E-20  5.98384810E-21
 7.06114514E-21  7.27970143E-21  5.76323333E-21  3.04497760E-21  1.22051067E-21
 4.54929585E-22  1.71575588E-22  6.75209948E-23  2.82512248E-23  1.26764147E-23
 6.11188735E-24  3.16579212E-24  1.75498153E-24  1.04361222E-24  6.67632825E-25
 4.59508734E-25  3.41227659E-25  2.73851930E-25  2.38150611E-25  2.21197440E-25
 2.14371473E-25  2.11203300E-25  2.07517780E-25  2.00127744E-25  1.88010112E-25
 1.71761539E-25  1.51155062E-25  1.26986308E-25  9.76433503E-26  6.34090067E-26
 2.69111212E-26  4.36497130E-27 -5.53925091E-30 -1.88542183E-32 -1.29938047E-35
-5.25844136E-39 -1.52323116E-42 -3.44850614E-46 -6.41822825E-50 -1.01477202E-53
 0.00000000E+00
HO2 
 0.00000000E+00  3.01912700E-36  2.07235311E-32  1.27736141E-28  6.67190085E-25
 2.85723659E-21  9.54721700E-18  2.26806105E-14  2.71574553E-11  5.97234010E-09
 1.06907608E-07  3.02982025E-07  5.52862616E-07  8.64982874E-07  1.24031786E-06
 1.67995778E-06  2.18517630E-06  2.75786473E-06  3.39990660E-06  4.11110038E-06
 4.88435454E-06  5.70030482E-06  6.52969792E-06  7.34933100E-06  8.16153278E-06
 9.00104021E-06  9.92339670E-06  1.09764535E-05  1.21773072E-05  1.35216430E-05
 1.49951850E-05  1.65726108E-05  1.82217861E-05  1.99075169E-05  2.15985126E-05
 2.32743094E-05  2.49768705E-05  2.66762600E-05  2.83123805E-05  2.95497753E-05
 2.93350093E-05  2.62907485E-05  2.08478777E-05  1.59882483E-05  1.42469060E-05
 1.48324488E-05  1.66492852E-05  1.91247467E-05  2.20005785E-05  2.51836353E-05
 2.86595055E-05  3.24502820E-05  3.65955545E-05  4.11424626E-05  4.61266681E-05
 5.15196192E-05  5.72284496E-05  6.30891978E-05  6.87180074E-05  7.33364497E-05
 7.58298277E-05  7.50134912E-05  7.01108669E-05  6.13291855E-05  4.99897817E-05
 3.79597649E-05  2.68350822E-05  1.75040208E-05  9.82899594E-06  4.25569648E-06
 9.98298852E-07  6.51483818E-08  3.08695796E-10  2.12356117E-13  8.61406214E-17
 2.53195421E-20  5.83828193E-24  1.10752010E-27  1.78454551E-31  2.49875203E-35
 0.00000000E+00
 0.00000000E+00 -1.77428980E-49 -1.21690911E-45 -7.18516665E-42 -3.55704070E-38
-1.42126424E-34 -4.31932497E-31 -8.89140556E-28 -8.17981301E-25 -8.97806845E-23
-2.22752085E-22 -3.00675852E-22 -3.67135866E-22 -4.33361076E-22 -5.01173365E-22
-5.77896532E-22 -6.58745316E-22 -7.49101775E-22 -8.43923533E-22 -9.41348806E-22
-1.02326917E-21 -1.07413486E-21 -1.10000898E-21 -1.10442116E-21 -1.13040561E-21
-1.20292070E-21 -1.33017521E-21 -1.48858152E-21 -1.67490422E-21 -1.86241294E-21
-2.00949709E-21 -2.10869306E-21 -2.12434913E-21 -2.06834658E-21 -1.86655536E-21
-1.59797420E-21 -1.23671149E-21 -8.91334119E-22  2.97681613E-20  1.04834758E-21
 3.28937455E-21  5.64440466E-21  5.82129148E-21  3.66798733E-21  1.31359702E-21
-2.41884797E-22 -1.20657549E-21 -1.76689499E-21 -2.18014089E-21 -2.54745266E-21
-2.88398967E-21 -3.33905916E-21 -3.72579912E-21 -4.02206993E-21 -4.63743384E-21
-5.16926073E-21 -5.51401616E-21 -5.70952579E-21 -5.44109600E-21 -4.35264524E-21
-2.12803593E-21  1.13519485E-21  4.63304948E-21  7.49575659E-21  8.74015868E-21
 8.33728177E-21  6.83179441E-21  4.96745529E-21  3.08213329E-21  1.46319540E-21
 3.82590710E-22  4.37054519E-23  4.01898838E-25  3.57635870E-28  1.70776169E-31
 5.65026658E-35  1.43180984E-38  2.93620417E-42  5.06134595E-46  7.51860068E-50
 0.00000000E+00
C2H 
 0.00000000E+00  2.18498752E-88  1.03583092E-80  3.74227278E-73  9.84634340E-66
 1.80532243E-58  2.59881349E-51  6.76725201E-44  2.06895127E-36  4.84837574E-30
 4.02801223E-26  2.61861024E-24  5.38757339E-23  8.22500654E-22  1.04244069E-20
 1.10564789E-19  9.72986719E-19  7.10677715E-18  4.35376067E-17  2.27411998E-16
 1.03144385E-15  4.13851288E-15  1.49906729E-14  5.01598656E-14  1.58605973E-13
 4.83208970E-13  1.44014925E-12  4.21077022E-12  1.19520967E-11  3.27239133E-11
 8.64613221E-11  2.20660528E-10  5.45337196E-10  1.31102352E-09  3.08549716E-09
 7.14703417E-09  1.66802062E-08  3.84245506E-08  8.77206359E-08  2.00703161E-07
 4.40747520E-07  7.82888513E-07  9.04900926E-07  5.55484025E-07  2.06109667E-07
 6.25208422E-08  1.74530775E-08  4.72982549E-09  1.27405006E-09  3.44651927E-10
 9.40262778E-11  2.59048767E-11  7.20736088E-12  2.02352258E-12  5.73501379E-13
 1.65174825E-13  4.85590799E-14  1.44810393E-14  4.33748780E-15  1.29467717E-15
 3.78370349E-16  1.04768481E-16  2.65080327E-17  5.89634862E-18  1.10314664E-18
 1.63210204E-19  1.73973842E-20  1.16177845E-21  3.05158549E-23  1.96723328E-25
 1.57416318E-28  5.72251471E-32  1.03940594E-36  4.94573850E-43  8.23740193E-50
 7.24201813E-57  3.94099248E-64  1.46040452E-71  3.92984383E-79  8.04207587E-87
 0.00000000E+00
 0.00000000E+00 -6.80590638-101 -3.07885684E-93 -1.05132053E-85 -2.58182878E-78
-4.36405467E-71 -5.99605848E-64 -1.60490799E-56 -4.05131291E-49 -4.78019288E-43
-5.44587962E-40 -1.71579166E-38 -2.53698092E-37 -3.14090750E-36 -3.43077980E-35
-3.26384303E-34 -2.59187754E-33 -1.72542355E-32 -9.57813589E-32 -4.61231841E-31
-1.90963970E-30 -7.10357618E-30 -2.40941799E-29 -7.61752513E-29 -2.31165207E-28
-6.77436053E-28 -1.96308755E-27 -5.61918866E-27 -1.55816177E-26 -4.20221031E-26
-1.08077822E-25 -2.67540381E-25 -6.38779602E-25 -1.47825426E-24 -3.36533164E-24
-7.53790536E-24 -1.71298010E-23 -3.86417770E-23  9.29202500E-24 -1.79508478E-22
-3.29043510E-22 -3.72656279E-22 -6.47533360E-23  2.02109217E-22  1.39544737E-22
 5.38644492E-23  1.72983246E-23  5.09626347E-24  1.44987566E-24  4.08138335E-25
 1.14358884E-25  3.22500783E-26  9.10100379E-27  2.57545388E-27  7.36950687E-28
 2.14311745E-28  6.32211094E-29  1.91534904E-29  5.96111327E-30  1.95161092E-30
 6.55179030E-31  2.20953014E-31  7.07571836E-32  2.05375539E-32  5.04499703E-33
 9.96688565E-34  1.44351338E-34  1.34626906E-35  5.35624570E-37  6.11283531E-39
 1.34741726E-41  3.88980201E-44  7.41966868E-49  2.88482857E-55  3.45146290E-62
 1.75580884E-69  2.40149436E-77 -1.78694337E-84 -1.20156260E-91 -3.92571012E-99
 0.00000000E+00
C2H2
 0.00000000E+00  9.91437120E-35  7.04462839E-31  4.34223214E-27  2.26803375E-23
 9.71287850E-20  3.24552013E-16  7.71054858E-13  9.23537479E-10  2.03744663E-07
 3.74887302E-06  1.11803512E-05  2.12743532E-05  3.44081691E-05  5.05720965E-05
 6.96353141E-05  9.13778668E-05  1.15557039E-04  1.41940119E-04  1.70319352E-04
 2.00508706E-04  2.32339442E-04  2.65675065E-04  3.00429034E-04  3.36515692E-04
 3.73813581E-04  4.12213530E-04  4.51370298E-04  4.90649118E-04  5.29725663E-04
 5.68624321E-04  6.07400769E-04  6.46134685E-04  6.84902830E-04  7.23678354E-04
 7.61951460E-04  7.99122131E-04  8.30492399E-04  8.49237034E-04  8.41152270E-04
 7.74385900E-04  6.11107559E-04  3.63108203E-04  1.44126818E-04  4.50692166E-05
 1.35879385E-05  4.12052063E-06  1.28384629E-06  4.15285964E-07  1.40293479E-07
 4.97122770E-08  1.85532628E-08  7.32672122E-09  3.07812234E-09  1.38589394E-09
 6.76174762E-10  3.60437329E-10  2.10213372E-10  1.33932787E-10  9.27841327E-11
 6.90046654E-11  5.40794909E-11  4.38572814E-11  3.62117582E-11  3.00128738E-11
 2.46362213E-11  1.97317941E-11  1.51162625E-11  1.04294337E-11  5.85706869E-12
 1.86513383E-12  1.33992296E-13  6.35136088E-16  4.36918960E-19  1.77232807E-22
 5.20945108E-26  1.20121620E-29  2.27870305E-33  3.67167087E-37  5.14113817E-41
 0.00000000E+00
 0.00000000E+00 -4.08629815E-47 -2.77975051E-43 -1.62655467E-39 -7.97098078E-36
-3.14757242E-32 -9.42852403E-29 -1.90404721E-25 -1.69807693E-22 -1.73010886E-20
-3.92502846E-20 -4.87577350E-20 -5.56907622E-20 -6.19767862E-20 -6.78692119E-20
-7.35455708E-20 -7.90355166E-20 -8.42200460E-20 -8.92191502E-20 -9.39768399E-20
-9.84890466E-20 -1.02592177E-19 -1.06643733E-19 -1.10769757E-19 -1.14733463E-19
-1.18490947E-19 -1.21959811E-19 -1.25124414E-19 -1.28776834E-19 -1.32321776E-19
-1.35859056E-19 -1.39038092E-19 -1.42504999E-19 -1.45343146E-19 -1.48255676E-19
-1.50436556E-19 -1.50544559E-19 -1.45175793E-19  7.71067479E-19 -8.91773960E-20
-1.57797287E-20  8.33193850E-20  1.35548014E-19  9.02073785E-20  3.60373100E-20
 1.22695173E-20  4.01118077E-21  1.30163218E-21  4.29602925E-22  1.46429078E-22
 5.15633986E-23  1.89271084E-23  7.26830710E-24  2.93658423E-24  1.25402626E-24
 5.72658489E-25  2.83352160E-25  1.53924330E-25  9.46130894E-26  6.91376950E-26
 6.09515248E-26  6.29012367E-26  7.12159750E-26  8.36774717E-26  9.87310724E-26
 1.15251046E-25  1.32211318E-25  1.48461538E-25  1.63089509E-25  1.70975255E-25
 1.57423630E-25  9.10799850E-26  4.53790922E-28  2.54806394E-31  7.38502318E-35
 1.23341240E-38  6.07987236E-43 -3.15933899E-46 -1.20964534E-49 -2.67797676E-53
 0.00000000E+00
C2H3
 0.00000000E+00  2.67116916E-77  6.55044272E-70  1.43976003E-62  2.62875575E-55
 3.65218642E-48  3.52722441E-41  2.36926246E-34  1.46761326E-27  2.32166367E-21
 1.19471941E-17  3.10615465E-16  2.10464633E-15  9.18258653E-15  3.16911037E-14
 9.47413755E-14  2.59076614E-13  6.77118058E-13  1.76388703E-12  4.72921499E-12
 1.29446745E-11  3.42933200E-11  8.37446727E-11  1.87589192E-10  3.98546691E-10
 8.39793057E-10  1.81232210E-09  4.03338347E-09  9.13136564E-09  2.07208739E-08
 4.66390074E-08  1.03037153E-07  2.21396600E-07  4.59846705E-07  9.21080617E-07
 1.77737989E-06  3.34819736E-06  6.02717496E-06  1.03069250E-05  1.65498699E-05
 2.32770472E-05  2.43784550E-05  1.59741958E-05  6.11647976E-06  1.74900272E-06
 4.78756058E-07  1.32799802E-07  3.81693437E-08  1.14348904E-08  3.56713673E-09
 1.15416591E-09  3.85380077E-10  1.32098379E-10  4.62537941E-11  1.64989147E-11
 6.02061661E-12  2.25804432E-12  8.69220922E-13  3.42692323E-13  1.38389049E-13
 5.67802593E-14  2.31939058E-14  9.22198753E-15  3.49024591E-15  1.23104442E-15
 3.95115913E-16  1.11553871E-16  2.61796935E-17  4.08618059E-18  3.27583250E-19
 6.95228474E-21  1.73502691E-23  3.72933408E-28  1.85840564E-34  3.36754413E-41
 3.35906012E-48  2.18659918E-55  1.03660859E-62  3.88894681E-70  1.23664546E-77
 0.00000000E+00
 0.00000000E+00 -2.67691522E-90 -6.46658429E-83 -1.38391180E-75 -2.42037789E-68
-3.15011402E-61 -2.75772068E-54 -1.60973726E-47 -8.69425367E-41 -8.68159194E-35
-6.74590236E-32 -8.48948363E-31 -4.01917593E-30 -1.40308652E-29 -4.16066281E-29
-1.12981780E-28 -2.94156335E-28 -7.68580063E-28 -2.08398799E-27 -5.90246376E-27
-1.63595390E-26 -4.09736903E-26 -9.25152324E-26 -1.88958095E-25 -3.79686792E-25
-7.88640288E-25 -1.72261158E-24 -3.92620449E-24 -9.03528780E-24 -2.07534789E-23
-4.63075262E-23 -9.95993335E-23 -2.06643758E-22 -4.11467922E-22 -7.79007792E-22
-1.38998549E-21 -2.48019384E-21 -4.03630473E-21  4.94715904E-21 -8.03192103E-21
-6.41623882E-21  6.61323578E-22  6.91331362E-21  4.70613001E-21  1.68557691E-21
 5.20678879E-22  1.51342150E-22  4.52238554E-23  1.36221556E-23  4.27645978E-24
 1.39582878E-24  4.72408404E-25  1.62418192E-25  5.63894068E-26  2.01235857E-26
 7.27819507E-27  2.70741393E-27  1.03240845E-27  4.02216957E-28  1.62988149E-28
 6.77607968E-29  2.86331822E-29  1.21344415E-29  4.98114879E-30  1.90442435E-30
 6.54702233E-31  1.94025173E-31  4.69445606E-32  7.50848938E-33  6.05789102E-34
 1.28996030E-35  3.97135260E-38 -4.56802301E-42 -4.13588665E-48 -1.01947659E-54
-1.24441405E-61 -9.35713779E-69 -4.93046881E-76 -1.99607764E-83 -6.68368037E-91
 0.00000000E+00
C2H4
 0.00000000E+00  2.12583795E-34  1.51050814E-30  9.31060747E-27  4.86311447E-23
 2.08263391E-19  6.95903926E-16  1.65329464E-12  1.98024763E-09  4.36868965E-07
 8.03832053E-06  2.39727814E-05  4.56160390E-05  7.37769464E-05  1.08434493E-04
 1.49307858E-04  1.95924947E-04  2.47764608E-04  3.04326694E-04  3.65163769E-04
 4.29873531E-04  4.98088221E-04  5.69504677E-04  6.43918517E-04  7.21112696E-04
 8.00770309E-04  8.82565658E-04  9.65617906E-04  1.04835831E-03  1.12975431E-03
 1.20926185E-03  1.28594427E-03  1.35813464E-03  1.42291267E-03  1.47530055E-03
 1.50711846E-03  1.50608611E-03  1.45532910E-03  1.33804704E-03  1.13226101E-03
 8.24028538E-04  4.72931874E-04  1.93443146E-04  5.56493040E-05  1.43895698E-05
 3.99311118E-06  1.19912340E-06  3.89287092E-07  1.35996554E-07  5.08871168E-08
 2.03191505E-08  8.63752259E-09  3.90481513E-09  1.87759879E-09  9.62195104E-10
 5.28387771E-10  3.11972930E-10  1.97655593E-10  1.33905690E-10  9.65681223E-11
 7.34250691E-11  5.80574721E-11  4.71004276E-11  3.87171197E-11  3.18741544E-11
 2.59687916E-11  2.06456937E-11  1.57082218E-11  1.07682132E-11  6.01272942E-12
 1.90621347E-12  1.36813338E-13  6.48505917E-16  4.46116253E-19  1.80963618E-22
 5.31911180E-26  1.22650221E-29  2.32667053E-33  3.74896079E-37  5.24936087E-41
 0.00000000E+00
 0.00000000E+00 -2.41452921E-47 -1.64458298E-43 -9.63635059E-40 -4.72968419E-36
-1.87107566E-32 -5.61737597E-29 -1.13789350E-25 -1.02009011E-22 -1.05486086E-20
-2.59321662E-20 -3.48521314E-20 -4.26103413E-20 -5.03664553E-20 -5.81986945E-20
-6.61668990E-20 -7.39255995E-20 -8.15741617E-20 -8.91006150E-20 -9.62785109E-20
-1.02889520E-19 -1.09327618E-19 -1.15944747E-19 -1.22414381E-19 -1.28688318E-19
-1.34748733E-19 -1.40095596E-19 -1.45045320E-19 -1.50256055E-19 -1.54773750E-19
-1.58122497E-19 -1.59735132E-19 -1.58793638E-19 -1.52604942E-19 -1.39810962E-19
-1.15616965E-19 -7.55490038E-20 -1.43012306E-20  1.48340929E-18  1.63135831E-19
 2.36349136E-19  2.37080048E-19  1.44439016E-19  5.22098335E-20  1.50002251E-20
 4.35787197E-21  1.33580975E-21  4.34993787E-22  1.50790251E-22  5.57345470E-23
 2.18154398E-23  9.02663750E-24  3.94454210E-24  1.82067894E-24  8.89247064E-25
 4.60862222E-25  2.55998648E-25  1.51500179E-25  9.54864958E-26  6.44257455E-26
 4.61236613E-26  3.49116406E-26  2.76317539E-26  2.25365597E-26  1.87751532E-26
 1.56859604E-26  1.30251434E-26  1.05442280E-26  7.94171204E-27  5.14644877E-27
 2.20464530E-27  3.07418943E-28 -7.44874106E-30 -9.64298774E-33 -5.44668130E-36
-2.00341720E-39 -5.47285656E-43 -1.18974898E-46 -2.14824081E-50 -3.31698312E-54
 0.00000000E+00
C2H5
 0.00000000E+00  6.69482625E-46  9.54441520E-42  1.27086361E-37  1.57264108E-33
 1.79814442E-29  1.88662585E-25  1.78298072E-21  1.24669253E-17  2.87508458E-14
 5.99046959E-12  6.09957412E-11  1.92111005E-10  4.23944290E-10  7.88950797E-10
 1.35119497E-09  2.25229148E-09  3.79883334E-09  6.62906466E-09  1.20156107E-08
 2.23450584E-08  4.17876723E-08  7.73112011E-08  1.40503443E-07  2.50390854E-07
 4.36435583E-07  7.40250646E-07  1.21073656E-06  1.89186913E-06  2.82433236E-06
 4.06188706E-06  5.68844842E-06  7.83763515E-06  1.06989381E-05  1.44947364E-05
 1.93823466E-05  2.54068622E-05  3.16636848E-05  3.63528798E-05  3.63624646E-05
 2.79845184E-05  1.40529196E-05  4.01484358E-06  6.65677430E-07  9.13999439E-08
 1.35407874E-08  2.28387338E-09  4.56021652E-10  1.10698749E-10  3.28781096E-11
 1.17346643E-11  4.87741395E-12  2.29142082E-12  1.19135460E-12  6.77184720E-13
 4.18561028E-13  2.79457167E-13  1.99043240E-13  1.48621077E-13  1.13717641E-13
 8.65779337E-14  6.34186893E-14  4.32564444E-14  2.66583050E-14  1.44525915E-14
 6.73325878E-15  2.64085269E-15  8.46634844E-16  1.93763280E-16  2.67228437E-17
 1.40713422E-18  8.70602041E-21  2.86581276E-24  2.84525648E-28  2.46214014E-32
 1.96949896E-36  1.46583288E-40  1.02001487E-44  6.66442608E-49  4.10359627E-53
 0.00000000E+00
 0.00000000E+00 -4.55405938E-60 -6.25878201E-56 -8.00797366E-52 -9.47967617E-48
-1.03149991E-43 -1.02259643E-39 -9.06327812E-36 -5.88363114E-32 -1.19605828E-28
-9.43334474E-27 -5.78315781E-26 -1.37166409E-25 -2.49394193E-25 -4.07340101E-25
-6.69440312E-25 -1.15927335E-24 -2.13346913E-24 -4.12797953E-24 -8.09355899E-24
-1.56988951E-23 -2.94941721E-23 -5.37044288E-23 -9.51748158E-23 -1.63729947E-22
-2.73313061E-22 -4.37242989E-22 -6.64151881E-22 -9.53629954E-22 -1.30506665E-21
-1.73765903E-21 -2.25377979E-21 -3.07176032E-21 -4.15061057E-21 -4.95237627E-21
-6.00848280E-21 -6.27618684E-21 -5.77142241E-21  3.49569065E-20  2.34509007E-21
 1.04318580E-20  9.64441833E-21  4.43146967E-21  9.33364212E-22  1.43874681E-22
 2.20626132E-23  3.70851336E-24  7.10853051E-25  1.59424484E-25  4.29801534E-26
 1.38595107E-26  5.25126339E-27  2.24984287E-27  1.09281797E-27  5.69967446E-28
 3.23991336E-28  1.99591005E-28  1.32972490E-28  9.46094480E-29  7.17281647E-29
 5.65215104E-29  4.44560937E-29  3.37760297E-29  2.35157794E-29  1.45288712E-29
 7.73351380E-30  3.52106044E-30  1.38213059E-30  4.62747482E-31  1.42407524E-31
 3.32633103E-32  3.45732755E-33  2.15832274E-36  3.09300385E-40  3.44199539E-44
 3.32664372E-48  2.87750864E-52  2.26646447E-56  1.64451864E-60  1.10850388E-64
 0.00000000E+00
C2H6
 0.00000000E+00  2.86290590E-34  2.03422968E-30  1.25387700E-26  6.54924762E-23
 2.80472222E-19  9.37186891E-16  2.22652295E-12  2.66683670E-09  5.88339521E-07
 1.08244791E-05  3.22649884E-05  6.13642271E-05  9.91913949E-05  1.45688063E-04
 2.00434123E-04  2.62737838E-04  3.31823498E-04  4.06919955E-04  4.87294727E-04
 5.72231838E-04  6.61000597E-04  7.52869635E-04  8.47112062E-04  9.42807445E-04
 1.03866393E-03  1.13303574E-03  1.22320246E-03  1.30532848E-03  1.37586385E-03
 1.43125003E-03  1.46695765E-03  1.47732868E-03  1.45557591E-03  1.39417384E-03
 1.28650129E-03  1.12549240E-03  9.19933125E-04  6.84683607E-04  4.37620103E-04
 2.15834280E-04  7.46480526E-05  1.65666090E-05  2.42216997E-06  3.17135572E-07
 4.58582550E-08  7.42298487E-09  1.35105957E-09  2.76573180E-10  6.37405663E-11
 1.66122560E-11  4.94544160E-12  1.71016149E-12  7.02370361E-13  3.50050237E-13
 2.13409217E-13  1.55646636E-13  1.29336679E-13  1.15793397E-13  1.06460590E-13
 9.73048561E-14  8.69870669E-14  7.57979261E-14  6.46193114E-14  5.41293045E-14
 4.45091172E-14  3.56127302E-14  2.72415937E-14  1.87681750E-14  1.05276994E-14
 3.34995970E-15  2.40628017E-16  1.14059885E-18  7.84633830E-22  3.18280663E-25
 9.35530825E-29  2.15718463E-32  4.09217193E-36  6.59371059E-40  9.23262961E-44
 0.00000000E+00
 0.00000000E+00 -1.64463895E-47 -1.11945432E-43 -6.55535582E-40 -3.21559302E-36
-1.27139550E-32 -3.81518084E-29 -7.72681493E-26 -6.93095574E-23 -7.21474328E-21
-1.93275922E-20 -2.78392085E-20 -3.57928086E-20 -4.39302849E-20 -5.20292014E-20
-6.04358613E-20 -6.85066990E-20 -7.65049296E-20 -8.40030500E-20 -9.05888554E-20
-9.69352259E-20 -1.02010068E-19 -1.06733113E-19 -1.11010199E-19 -1.14268042E-19
-1.15468259E-19 -1.15138709E-19 -1.11710041E-19 -1.06082281E-19 -9.61500842E-20
-8.00371338E-20 -5.87651006E-20 -2.79507739E-20  1.00698878E-20  5.71426797E-20
 1.10924699E-19  1.65478210E-19  2.10360008E-19  9.53497079E-19  2.16823888E-19
 1.55577414E-19  7.45117502E-20  2.13322022E-20  3.66371493E-21  5.19506518E-22
 7.75957487E-23  1.27571821E-23  2.31592603E-24  4.66922037E-25  1.05109701E-25
 2.63213817E-26  7.39349627E-27  2.34313293E-27  8.50365175E-28  3.58075043E-28
 1.77766939E-28  1.06153132E-28  7.68412417E-29  6.71017635E-29  6.77894657E-29
 7.42172144E-29  8.37162820E-29  9.51365040E-29  1.08139858E-28  1.22655880E-28
 1.38451730E-28  1.54845348E-28  1.70550725E-28  1.84376035E-28  1.90582665E-28
 1.72727521E-28  9.77728733E-29  3.64275113E-31  1.28817747E-34  4.07818294E-40
-1.51854995E-41 -7.00735146E-45 -1.98769927E-48 -4.25209414E-52 -7.40668110E-56
 0.00000000E+00
HCCO
 0.00000000E+00  1.50139152E-70  6.72954804E-64  3.01421473E-57  1.34435768E-50
 5.85298958E-44  2.30903583E-37  6.75612816E-31  8.25213951E-25  1.60085940E-19
 5.99238617E-16  1.28921686E-14  6.93954033E-14  2.30449243E-13  5.86723007E-13
 1.26660187E-12  2.45835453E-12  4.46242878E-12  7.80829040E-12  1.35758724E-11
 2.44104574E-11  4.74776313E-11  1.01361016E-10  2.29247958E-10  5.23910364E-10
 1.18349167E-09  2.64713068E-09  5.88868225E-09  1.29881092E-08  2.83443712E-08
 6.12352868E-08  1.30806745E-07  2.75650219E-07  5.71001161E-07  1.15614910E-06
 2.26423660E-06  4.28626681E-06  7.56563082E-06  1.23048829E-05  1.84183626E-05
 2.48204561E-05  2.85401510E-05  2.57912259E-05  1.55691552E-05  6.55152098E-06
 2.37300210E-06  8.12426207E-07  2.76504049E-07  9.60572424E-08  3.45586798E-08
 1.29793445E-08  5.10864126E-09  2.10869271E-09  9.10806514E-10  4.10080436E-10
 1.92021790E-10  9.29903859E-11  4.60077096E-11  2.29728179E-11  1.15004228E-11
 5.73748805E-12  2.82844930E-12  1.36967856E-12  6.48052940E-13  2.97150018E-13
 1.29863660E-13  5.24870876E-14  1.86545601E-14  4.88788288E-15  7.39594713E-16
 3.19394737E-17  1.15743608E-19  2.60991534E-24  1.64338672E-30  4.58731728E-37
 8.96691279E-44  1.50828291E-50  2.41600112E-57  3.82537030E-64  6.04417526E-71
 0.00000000E+00
 0.00000000E+00 -2.89792353E-83 -1.29234307E-76 -5.75751668E-70 -2.54904391E-63
-1.09123977E-56 -4.10702015E-50 -1.06688544E-43 -9.52397928E-38 -8.11475926E-33
-4.28193867E-30 -4.09404355E-29 -1.40930210E-28 -3.42057938E-28 -6.86190609E-28
-1.23689144E-27 -2.10068176E-27 -3.49660510E-27 -5.87342365E-27 -1.03448399E-26
-2.00342494E-26 -4.39776529E-26 -1.03533445E-25 -2.42016184E-25 -5.48590261E-25
-1.21233426E-24 -2.67309818E-24 -5.93316009E-24 -1.30852601E-23 -2.85802131E-23
-6.12833150E-23 -1.28580393E-22 -2.63606159E-22 -5.24963256E-22 -1.00628896E-21
-1.82926178E-21 -3.13053549E-21 -4.84888947E-21  6.53177306E-21 -7.56036321E-21
-6.69504363E-21 -3.19789778E-21  2.74793696E-21  6.25903862E-21  4.23644435E-21
 1.89209013E-21  7.29454940E-22  2.64440978E-22  9.47938870E-23  3.46455625E-23
 1.30130224E-23  5.06730275E-24  2.05457379E-24  8.71064037E-25  3.84374022E-25
 1.76534849E-25  8.44965107E-26  4.16885662E-26  2.09105370E-26  1.07235531E-26
 5.48177010E-27  2.81234129E-27  1.42141568E-27  7.05381295E-28  3.39221144E-28
 1.56753980E-28  6.75746462E-29  2.57543106E-29  7.44898846E-30  1.30888346E-30
 8.32889835E-32  1.26428770E-33  1.75328710E-38  4.67902953E-45  1.80746497E-53
-1.43941725E-58 -3.47950451E-65 -6.05694147E-72 -9.68624690E-79 -1.52351934E-85
 0.00000000E+00
CH2C
 0.00000000E+00  3.42753413E-35  2.43542468E-31  1.50116922E-27  7.84090380E-24
 3.35787534E-20  1.12202083E-16  2.66564242E-13  3.19279576E-10  7.04373249E-08
 1.29603685E-06  3.86520620E-06  7.35486417E-06  1.18954685E-05  1.74837066E-05
 2.40744171E-05  3.15916583E-05  3.99516802E-05  4.90743174E-05  5.88883208E-05
 6.93305963E-05  8.03452473E-05  9.18892220E-05  1.03938231E-04  1.16468406E-04
 1.29440912E-04  1.42814837E-04  1.56456625E-04  1.70118859E-04  1.83646567E-04
 1.96977297E-04  2.10002307E-04  2.22520337E-04  2.34169849E-04  2.44332069E-04
 2.51991173E-04  2.55738031E-04  2.53400579E-04  2.42841195E-04  2.20977839E-04
 1.84379185E-04  1.35768538E-04  8.34468349E-05  4.02951191E-05  1.69726477E-05
 7.09696080E-06  3.01584230E-06  1.32049802E-06  5.99738275E-07  2.83440747E-07
 1.39610030E-07  7.17388383E-08  3.84918134E-08  2.15859614E-08  1.26723819E-08
 7.81775649E-09  5.07636023E-09  3.45951596E-09  2.46541019E-09  1.83203863E-09
 1.41179392E-09  1.11880407E-09  9.04100517E-10  7.38524457E-10  6.04121826E-10
 4.89488979E-10  3.87452063E-10  2.93832491E-10  2.00969703E-10  1.12086962E-10
 3.55345777E-11  2.55065463E-12  1.20903063E-14  8.31709010E-18  3.37376347E-21
 9.91659277E-25  2.28660787E-28  4.33768738E-32  6.98930928E-36  9.78655386E-40
 0.00000000E+00
 0.00000000E+00 -6.15117667E-48 -4.18963846E-44 -2.45486236E-40 -1.20481831E-36
-4.76569559E-33 -1.43043593E-29 -2.89627801E-26 -2.59351982E-23 -2.66932028E-21
-6.27554731E-21 -8.08069819E-21 -9.52532195E-21 -1.09102365E-20 -1.22535313E-20
-1.35790606E-20 -1.48646484E-20 -1.60941941E-20 -1.72628758E-20 -1.83887963E-20
-1.94253195E-20 -2.04069820E-20 -2.13395702E-20 -2.23433852E-20 -2.32770021E-20
-2.41977604E-20 -2.51004703E-20 -2.58156618E-20 -2.65948623E-20 -2.74139928E-20
-2.79569570E-20 -2.84302451E-20 -2.84172283E-20 -2.77388432E-20 -2.59504346E-20
-2.27536118E-20 -1.75027990E-20 -9.61730112E-21  2.58346565E-19  1.45843285E-20
 2.77903450E-20  3.58217868E-20  3.41816804E-20  2.28247279E-20  1.16258634E-20
 5.38326052E-21  2.42932594E-21  1.09572718E-21  5.02525054E-22  2.37227526E-22
 1.15693594E-22  5.82381819E-23  3.04318359E-23  1.64993355E-23  9.28008836E-24
 5.46115418E-24  3.37433833E-24  2.17801490E-24  1.47019958E-24  1.03829531E-24
 7.63359140E-25  5.81647666E-25  4.57459299E-25  3.68177205E-25  3.01107063E-25
 2.47102075E-25  2.00784264E-25  1.58591094E-25  1.14878254E-25  6.89369900E-26
 2.30241690E-26 -1.17017278E-27 -5.49884569E-29 -5.97748427E-32 -3.12310414E-35
-1.09294747E-38 -2.87969715E-42 -6.08347142E-46 -1.07265431E-49 -1.62313935E-53
 0.00000000E+00
HCCO
 0.00000000E+00  2.40612265E-37  1.70966364E-33  1.05381803E-29  5.50430002E-26
 2.35722230E-22  7.87656556E-19  1.87127607E-15  2.24133674E-12  4.94468723E-10
 9.09815466E-09  2.71336382E-08  5.16308115E-08  8.35053243E-08  1.22733640E-07
 1.68998295E-07  2.21765558E-07  2.80446590E-07  3.44477189E-07  4.13354761E-07
 4.86632369E-07  5.63912367E-07  6.44890182E-07  7.29406339E-07  8.17335264E-07
 9.08503778E-07  1.00282382E-06  1.09971175E-06  1.19798288E-06  1.29739251E-06
 1.39887851E-06  1.50397893E-06  1.61512277E-06  1.73604544E-06  1.87227479E-06
 2.03099804E-06  2.22568328E-06  2.45951208E-06  2.73513048E-06  3.04262401E-06
 3.28897710E-06  3.17906884E-06  2.39104849E-06  1.20539520E-06  4.56400462E-07
 1.58837948E-07  5.40880433E-08  1.86367840E-08  6.61569704E-09  2.44589218E-09
 9.49116227E-10  3.89118880E-10  1.69609645E-10  7.90913743E-11  3.97330486E-11
 2.17026446E-11  1.29587783E-11  8.44551599E-12  5.97567965E-12  4.54820162E-12
 3.66460709E-12  3.06522292E-12  2.61492206E-12  2.24190704E-12  1.90851518E-12
 1.59535130E-12  1.29294503E-12  9.97836350E-13  6.91578129E-13  3.89368056E-13
 1.24132847E-13  8.91935979E-15  4.22786308E-17  2.90840589E-20  1.17977243E-23
 3.46773649E-27  7.99604637E-31  1.51684729E-34  2.44409379E-38  3.42226314E-42
 0.00000000E+00
 0.00000000E+00 -2.66979129E-50 -1.81777385E-46 -1.06472927E-42 -5.22405922E-39
-2.06588251E-35 -6.20017587E-32 -1.25552177E-28 -1.12537566E-25 -1.16559449E-23
-2.94973926E-23 -4.07771843E-23 -5.11621606E-23 -6.19916054E-23 -7.32327608E-23
-8.50318655E-23 -9.71369206E-23 -1.09506143E-22 -1.21903933E-22 -1.33938127E-22
-1.45924115E-22 -1.58016747E-22 -1.70352959E-22 -1.83016860E-22 -1.95416637E-22
-2.07958637E-22 -2.20601515E-22 -2.32949043E-22 -2.47552595E-22 -2.62924457E-22
-2.79286928E-22 -2.98043182E-22 -3.21108323E-22 -3.49361403E-22 -3.86574419E-22
-4.35168063E-22 -5.00216993E-22 -5.78675542E-22  2.24685995E-21 -6.84514310E-22
-5.57574828E-22 -1.15762362E-22  4.70130977E-22  5.63084037E-22  3.05587220E-22
 1.25813216E-22  4.72682213E-23  1.71871986E-23  6.26484949E-24  2.33758055E-24
 9.00925260E-25  3.61807240E-25  1.52290067E-25  6.75996985E-26  3.18902280E-26
 1.61212256E-26  8.81358767E-27  5.19436041E-27  3.31944220E-27  2.30763183E-27
 1.73200395E-27  1.38726638E-27  1.16631046E-27  1.01148036E-27  8.89401175E-28
 7.78955971E-28  6.72251976E-28  5.60771418E-28  4.35332154E-28  2.92370210E-28
 1.36807500E-28  3.36061359E-29  2.44693472E-31  1.90191565E-34  8.15563585E-38
 2.46481924E-41  5.75122894E-45  1.09354657E-48  1.75395445E-52  2.43070468E-56
 0.00000000E+00
AR  
 0.00000000E+00  0.00000000E+00  0.00000000E+00  0.00000000E+00  0.00000000E+00
 0.00000000E+00  0.00000000E+00  0.00000000E+00  0.00000000E+00  0.00000000E+00
 0.00000000E+00  0.00000000E+00  0.00000000E+00  0.00000000E+00  0.00000000E+00
 0.00000000E+00  0.00000000E+00  0.00000000E+00  0.00000000E+00  0.00000000E+00
 0.00000000E+00  0.00000000E+00  0.00000000E+00  0.00000000E+00  0.00000000E+00
 0.00000000E+00  0.00000000E+00  0.00000000E+00  0.00000000E+00  0.00000000E+00
 0.00000000E+00  0.00000000E+00  0.00000000E+00  0.00000000E+00  0.00000000E+00
 0.00000000E+00  0.00000000E+00  0.00000000E+00  0.00000000E+00  0.00000000E+00
 0.00000000E+00  0.00000000E+00  0.00000000E+00  0.00000000E+00  0.00000000E+00
 0.00000000E+00  0.00000000E+00  0.00000000E+00  0.00000000E+00  0.00000000E+00
 0.00000000E+00  0.00000000E+00  0.00000000E+00  0.00000000E+00  0.00000000E+00
 0.00000000E+00  0.00000000E+00  0.00000000E+00  0.00000000E+00  0.00000000E+00
 0.00000000E+00  0.00000000E+00  0.00000000E+00  0.00000000E+00  0.00000000E+00
 0.00000000E+00  0.00000000E+00  0.00000000E+00  0.00000000E+00  0.00000000E+00
 0.00000000E+00  0.00000000E+00  0.00000000E+00  0.00000000E+00  0.00000000E+00
 0.00000000E+00  0.00000000E+00  0.00000000E+00  0.00000000E+00  0.00000000E+00
 0.00000000E+00
 0.00000000E+00  0.00000000E+00  0.00000000E+00  0.00000000E+00  0.00000000E+00
 0.00000000E+00  0.00000000E+00  0.00000000E+00  0.00000000E+00  0.00000000E+00
 0.00000000E+00  0.00000000E+00  0.00000000E+00  0.00000000E+00  0.00000000E+00
 0.00000000E+00  0.00000000E+00  0.00000000E+00  0.00000000E+00  0.00000000E+00
 0.00000000E+00  0.00000000E+00  0.00000000E+00  0.00000000E+00  0.00000000E+00
 0.00000000E+00  0.00000000E+00  0.00000000E+00  0.00000000E+00  0.00000000E+00
 0.00000000E+00  0.00000000E+00  0.00000000E+00  0.00000000E+00  0.00000000E+00
 0.00000000E+00  0.00000000E+00  0.00000000E+00  0.00000000E+00  0.00000000E+00
 0.00000000E+00  0.00000000E+00  0.00000000E+00  0.00000000E+00  0.00000000E+00
 0.00000000E+00  0.00000000E+00  0.00000000E+00  0.00000000E+00  0.00000000E+00
 0.00000000E+00  0.00000000E+00  0.00000000E+00  0.00000000E+00  0.00000000E+00
 0.00000000E+00  0.00000000E+00  0.00000000E+00  0.00000000E+00  0.00000000E+00
 0.00000000E+00  0.00000000E+00  0.00000000E+00  0.00000000E+00  0.00000000E+00
 0.00000000E+00  0.00000000E+00  0.00000000E+00  0.00000000E+00  0.00000000E+00
 0.00000000E+00  0.00000000E+00  0.00000000E+00  0.00000000E+00  0.00000000E+00
 0.00000000E+00  0.00000000E+00  0.00000000E+00  0.00000000E+00  0.00000000E+00
 0.00000000E+00
H2  
 0.00000000E+00  3.01965600E-34  2.14560803E-30  1.32252940E-26  6.90783266E-23
 2.95828664E-19  9.88499839E-16  2.34842975E-12  2.81285160E-09  6.20552511E-07
 1.14180785E-05  3.40524015E-05  6.47960716E-05  1.04798220E-04  1.54029312E-04
 2.12090935E-04  2.78313252E-04  3.51957189E-04  4.32314290E-04  5.18752310E-04
 6.10705318E-04  7.07659832E-04  8.09199415E-04  9.15057040E-04  1.02496365E-03
 1.13853434E-03  1.25541197E-03  1.37450618E-03  1.49382403E-03  1.61228080E-03
 1.72978380E-03  1.84622019E-03  1.96137711E-03  2.07481824E-03  2.18563829E-03
 2.29171533E-03  2.39164458E-03  2.47607283E-03  2.53642199E-03  2.55772649E-03
 2.50470869E-03  2.32720418E-03  1.99265186E-03  1.54613354E-03  1.15958347E-03
 8.92767134E-04  7.04545473E-04  5.65260646E-04  4.57634708E-04  3.72040996E-04
 3.02932045E-04  2.46886294E-04  2.01592664E-04  1.65311722E-04  1.36623665E-04
 1.14340200E-04  9.72012957E-05  8.38903127E-05  7.32939723E-05  6.45784402E-05
 5.71017357E-05  5.03979747E-05  4.42008174E-05  3.83653363E-05  3.28056842E-05
 2.74521432E-05  2.22473239E-05  1.71648555E-05  1.18939031E-05  6.69557686E-06
 2.13448083E-06  1.53368417E-07  7.26981159E-10  5.00100464E-13  2.02861897E-16
 5.96277374E-20  1.37492037E-23  2.60821927E-27  4.20261987E-31  5.88458230E-35
 0.00000000E+00
 0.00000000E+00 -3.56379859E-47 -2.41984199E-43 -1.41319256E-39 -6.91113783E-36
-2.72314344E-32 -8.13786939E-29 -1.63906851E-25 -1.45738836E-22 -1.48323527E-20
-3.65480862E-20 -4.92028134E-20 -6.02477175E-20 -7.13270275E-20 -8.24553461E-20
-9.37922590E-20 -1.04847619E-19 -1.15765577E-19 -1.26487762E-19 -1.36916252E-19
-1.46273998E-19 -1.56092339E-19 -1.64808131E-19 -1.74748644E-19 -1.83729803E-19
-1.92495266E-19 -2.00758408E-19 -2.08198458E-19 -2.16334661E-19 -2.24952645E-19
-2.31943721E-19 -2.39667889E-19 -2.46009465E-19 -2.49885390E-19 -2.53548037E-19
-2.54570097E-19 -2.51327261E-19 -2.39659559E-19  2.47370962E-18 -1.64657427E-19
-8.17193403E-20  3.96748204E-20  1.53939013E-19  1.96534461E-19  1.63885377E-19
 1.22435854E-19  9.32550887E-20  7.44130170E-20  6.04581299E-20  5.06921760E-20
 4.24657569E-20  3.52100245E-20  2.88911218E-20  2.31750258E-20  1.82508481E-20
 1.40663636E-20  1.08458762E-20  8.46927081E-21  6.72949093E-21  5.65517644E-21
 5.00936192E-21  4.56667397E-21  4.27225458E-21  4.04865520E-21  3.83734735E-21
 3.63503143E-21  3.38951475E-21  3.07100622E-21  2.59197707E-21  1.87627354E-21
 9.11759631E-22  2.24171235E-22  2.54550085E-24  2.35173108E-27  1.13757212E-30
 3.78938097E-34  9.62837001E-38  1.97800379E-41  3.40839661E-45  5.05973367E-49
 0.00000000E+00
C3H7
 0.00000000E+00  5.87889777E-39  4.17723418E-35  2.57480161E-31  1.34486982E-27
 5.75941924E-24  1.92448728E-20  4.57210312E-17  5.47627530E-14  1.20817489E-11
 2.24289258E-10  7.05777385E-10  1.40073457E-09  2.35864322E-09  3.61155395E-09
 5.18515683E-09  7.09284239E-09  9.32618092E-09  1.18303670E-08  1.44569129E-08
 1.68889743E-08  1.85683182E-08  1.87466315E-08  1.68818405E-08  1.33465060E-08
 9.53393406E-09  6.65788417E-09  4.89644272E-09  3.88147329E-09  3.28340766E-09
 2.92531844E-09  2.72351621E-09  2.64255232E-09  2.68215012E-09  2.88407760E-09
 3.35208340E-09  4.29251049E-09  5.87124411E-09  7.91979062E-09  9.32130932E-09
 7.69337688E-09  3.30710232E-09  5.87464802E-10  4.61725860E-11  2.74802306E-12
 1.78943205E-13  1.41074614E-14  1.42470451E-15  1.83960073E-16  2.92403849E-17
 5.51478688E-18  1.20918272E-18  3.06208216E-19  8.97198268E-20  3.06540067E-20
 1.23751696E-20  5.95029514E-21  3.40188934E-21  2.29839182E-21  1.80921386E-21
 1.60361505E-21  1.50584641E-21  1.37701208E-21  1.13270141E-21  8.04737349E-22
 4.91485272E-22  2.59173377E-22  1.17332596E-22  4.16867508E-23  1.04390415E-23
 1.39672858E-24  7.42235326E-26  3.51375086E-28  2.41715724E-31  9.80501195E-35
 2.88201326E-38  6.64546217E-42  1.26064192E-45  2.03127047E-49  2.84422066E-53
 0.00000000E+00
 0.00000000E+00  9.00894622E-54  6.25442173E-50  3.74440479E-46  1.88470307E-42
 7.68162517E-39  2.39261354E-35  5.08747643E-32  4.92623312E-29  5.84582013E-27
-2.83396708E-26 -1.82107101E-25 -4.12867703E-25 -7.24560062E-25 -1.11492667E-24
-1.59592610E-24 -2.14193558E-24 -2.71922388E-24 -3.24776574E-24 -3.56579623E-24
-3.40339450E-24 -2.45107994E-24 -5.85290820E-25  1.58190048E-24  2.96560549E-24
 3.33474523E-24  2.12557933E-24  9.24011434E-25  7.03475331E-25  2.39860496E-25
-1.40844691E-26  5.76623713E-26 -1.50351893E-25 -3.50955917E-25 -5.70317436E-25
-9.07383044E-25 -9.90899139E-25 -2.48510848E-24  5.39913403E-24 -1.58279356E-24
 2.63916487E-24  2.53963078E-24  8.34204649E-25  8.49808593E-26  5.61220740E-27
 3.70591666E-28  2.91375936E-29  2.90115669E-30  3.52385002E-31  5.36481855E-32
 9.90596177E-33  2.13185974E-33  4.96854724E-34  1.42744807E-34  4.52239283E-35
 1.66011498E-35  7.33822383E-36  3.87808692E-36  2.39765303E-36  1.73922560E-36
 1.56429495E-36  1.61859816E-36  1.77496094E-36  1.83613446E-36  1.65786802E-36
 1.31668213E-36  9.49255959E-37  6.38137305E-37  3.88262650E-37  2.07532711E-37
 1.11532633E-37  1.40102537E-37  2.32305038E-39  2.32678722E-42  1.18073722E-45
 4.07971347E-49  1.06860240E-52  2.25298262E-56  3.97376669E-60  6.02244881E-64
 0.00000000E+00
C3H8
 0.00000000E+00  9.60829733E-40  6.82714840E-36  4.20817980E-32  2.19801553E-28
 9.41302461E-25  3.14532506E-21  7.47250983E-18  8.95026145E-15  1.97453940E-12
 3.62908791E-11  1.07507242E-10  2.03492404E-10  3.27480268E-10  4.78919765E-10
 6.56106793E-10  8.56523038E-10  1.07745501E-09  1.31623554E-09  1.57020188E-09
 1.83625203E-09  2.11007063E-09  2.38548732E-09  2.65466522E-09  2.90929633E-09
 3.14280046E-09  3.35156442E-09  3.53212622E-09  3.67991659E-09  3.79151328E-09
 3.86381713E-09  3.89273765E-09  3.87349756E-09  3.80107889E-09  3.67078879E-09
 3.47914896E-09  3.21547240E-09  2.87435386E-09  2.42429890E-09  1.80191660E-09
 1.00941837E-09  3.48265196E-10  6.54013885E-11  7.60304520E-12  8.05203421E-13
 9.69489004E-14  1.33932084E-14  2.12140927E-15  3.83329198E-16  7.86110590E-17
 1.82235694E-17  4.76405801E-18  1.40312312E-18  4.65697271E-19  1.74593125E-19
 7.43630771E-20  3.60379246E-20  1.97552957E-20  1.21459542E-20  8.27852226E-21
 6.13259200E-21  4.81582585E-21  3.91711742E-21  3.23738629E-21  2.67904445E-21
 2.19247330E-21  1.75017771E-21  1.33678423E-21  9.19959271E-22  5.15627633E-22
 1.63999115E-22  1.17791033E-23  5.58340123E-26  3.84089946E-29  1.55803125E-32
 4.57956273E-36  1.05597400E-39  2.00317911E-43  3.22771954E-47  4.51950971E-51
 0.00000000E+00
 0.00000000E+00 -5.13499326E-52 -3.49895224E-48 -2.05102051E-44 -1.00705443E-40
-3.98515010E-37 -1.19669274E-33 -2.42398748E-30 -2.17117343E-27 -2.23047995E-25
-5.01868832E-25 -6.14902169E-25 -6.91518606E-25 -7.56897580E-25 -8.14066833E-25
-8.66421711E-25 -9.13348480E-25 -9.54622229E-25 -9.91210095E-25 -1.02153084E-24
-1.04569764E-24 -1.06207393E-24 -1.06709626E-24 -1.06242593E-24 -1.04200736E-24
-1.01278485E-24 -9.74763771E-25 -9.33217092E-25 -8.84102027E-25 -8.27189836E-25
-7.62979565E-25 -6.84523022E-25 -5.99543520E-25 -5.01507045E-25 -3.96138955E-25
-2.83149222E-25 -1.57285677E-25 -4.46662221E-26  2.68153255E-24  3.55449100E-25
 5.11615039E-25  3.07795253E-25  8.28068677E-26  1.14099972E-26  1.30260582E-27
 1.61290168E-28  2.24591523E-29  3.53257713E-30  6.25898645E-31  1.25182759E-31
 2.80698416E-32  7.02536806E-33  1.96534939E-33  6.14391643E-34  2.14882168E-34
 8.46850471E-35  3.82204614E-35  2.03221062E-35  1.36505061E-35  1.22347291E-35
 1.37645397E-35  1.72705328E-35  2.22288461E-35  2.82628890E-35  3.50379216E-35
 4.22632589E-35  4.96310845E-35  5.67225052E-35  6.32104160E-35  6.69386655E-35
 6.16514416E-35  3.47421848E-35  8.02127689E-38 -1.23353829E-41 -3.15708258E-44
-1.68392121E-47 -5.57626397E-51 -1.37100185E-54 -2.70255095E-58 -4.46127640E-62
 0.00000000E+00
CH2C
 0.00000000E+00  3.09875473E-60  7.84525361E-55  1.97883702E-49  4.97267788E-44
 1.24491947E-38  3.10441006E-33  7.60756905E-28  1.41653078E-22  4.49275798E-18
 2.71782483E-15  6.44404341E-14  5.10379180E-13  2.75758896E-12  1.27829397E-11
 5.50198448E-11  2.16098840E-10  7.46517844E-10  2.22675750E-09  5.71557107E-09
 1.26451528E-08  2.41953414E-08  4.02752848E-08  5.88058767E-08  7.59368828E-08
 8.74910243E-08  9.14682519E-08  9.00964687E-08  8.88958308E-08  9.27986154E-08
 1.04417741E-07  1.25200839E-07  1.56700347E-07  2.01045393E-07  2.61102879E-07
 3.40462976E-07  4.45846270E-07  5.79006099E-07  7.39336265E-07  9.15276299E-07
 1.05053433E-06  1.02292002E-06  7.55690323E-07  3.85282522E-07  1.49993455E-07
 5.38605020E-08  1.92626526E-08  7.11882622E-09  2.76326674E-09  1.13536993E-09
 4.96153552E-10  2.31592604E-10  1.16040020E-10  6.27761961E-11  3.69181622E-11
 2.37736681E-11  1.67777301E-11  1.28590880E-11  1.05187139E-11  8.94605999E-12
 7.64235046E-12  6.31212864E-12  4.85882626E-12  3.36939169E-12  2.03847253E-12
 1.04027474E-12  4.29450491E-13  1.34262671E-13  2.58197125E-14  2.34301988E-15
 5.39913335E-17  1.29365855E-19  3.74570672E-24  1.22306626E-29  3.41503204E-35
 9.44715915E-41  2.60619034E-46  7.17118761E-52  1.96816036E-57  5.38787081E-63
 0.00000000E+00
 0.00000000E+00 -1.04433865E-73 -2.26858855E-68 -4.77287285E-63 -9.59905679E-58
-1.80193730E-52 -2.99008268E-47 -3.63327007E-42  5.93551849E-39  1.86584665E-32
-8.45014056E-30 -1.68538107E-28 -1.04847225E-27 -4.79689602E-27 -2.03476238E-26
-8.32738690E-26 -3.07867036E-25 -9.79050573E-25 -2.63059149E-24 -5.95800749E-24
-1.13282956E-23 -1.80722782E-23 -2.44665127E-23 -2.78438722E-23 -2.62177607E-23
-2.03789573E-23 -1.33795067E-23 -1.12591244E-23 -1.08172878E-23 -1.67285601E-23
-2.62376948E-23 -3.90052173E-23 -4.53508071E-23 -6.62698900E-23 -7.95446787E-23
-1.27130993E-22 -1.30856111E-22 -1.70021437E-22  5.72060069E-22 -1.91875121E-22
-1.07073012E-23  1.23414187E-22  2.79398746E-22  2.62772837E-22  1.23850950E-22
 5.03785049E-23  1.80597577E-23  7.15101518E-24  2.73511584E-24  1.14532230E-24
 4.74393687E-25  2.18630408E-25  1.03273297E-25  5.13679582E-26  2.88077184E-26
 1.57385261E-26  9.76499522E-27  6.75416552E-27  5.02774711E-27  4.06323053E-27
 3.53826255E-27  3.19453299E-27  2.80641046E-27  2.26496210E-27  1.59701220E-27
 9.41511827E-28  4.43038278E-28  1.55390061E-28  3.29818698E-29  3.17442557E-30
 7.74829332E-32  2.29618405E-34 -3.21475079E-38 -1.20402906E-43 -3.29006523E-49
-8.77215693E-55 -2.32869624E-60 -6.15888737E-66 -1.62162660E-71 -4.25156544E-77
 0.00000000E+00
CH3C
 0.00000000E+00  2.25249705E-36  1.60050540E-32  9.86534079E-29  5.15286266E-25
 2.20671888E-21  7.37366430E-18  1.75179924E-14  2.09823235E-11  4.62897991E-09
 8.51726249E-08  2.54024021E-07  4.83398109E-07  7.81892619E-07  1.14931656E-06
 1.58272456E-06  2.07714059E-06  2.62706685E-06  3.22723107E-06  3.87293009E-06
 4.55996129E-06  5.28453026E-06  6.04360757E-06  6.83536082E-06  7.65807892E-06
 8.50939318E-06  9.38746515E-06  1.02854360E-05  1.11902541E-05  1.20964515E-05
 1.30071775E-05  1.39269507E-05  1.48613156E-05  1.58155939E-05  1.67909322E-05
 1.77715624E-05  1.87293503E-05  1.95110240E-05  1.98837370E-05  1.93964242E-05
 1.71830795E-05  1.26481916E-05  6.88710053E-06  2.58871337E-06  8.04547525E-07
 2.50104363E-07  8.08649430E-08  2.76597732E-08  1.00578600E-08  3.88851152E-09
 1.59628062E-09  6.94947315E-10  3.20685829E-10  1.56898850E-10  8.15363754E-11
 4.52231736E-11  2.68265874E-11  1.69535345E-11  1.13438432E-11  7.98139833E-12
 5.84286926E-12  4.39272796E-12  3.35420410E-12  2.57759102E-12  1.97708932E-12
 1.49946640E-12  1.11016885E-12  7.87016751E-13  5.00331666E-13  2.57510346E-13
 7.51127678E-14  5.26961348E-15  2.49762672E-17  1.71815216E-20  6.96955176E-24
 2.04857890E-27  4.72369567E-31  8.96083468E-35  1.44385797E-38  2.02171534E-42
 0.00000000E+00
 0.00000000E+00 -1.01204283E-49 -6.90052192E-46 -4.04816298E-42 -1.98956443E-38
-7.88305910E-35 -2.37130611E-31 -4.81620307E-28 -4.33670980E-25 -4.54380401E-23
-1.19293604E-22 -1.66879819E-22 -2.07399711E-22 -2.44881414E-22 -2.77457273E-22
-3.06462577E-22 -3.30696549E-22 -3.50771991E-22 -3.63545463E-22 -3.68502022E-22
-3.70918945E-22 -3.67746502E-22 -3.60578545E-22 -3.53817619E-22 -3.42020507E-22
-3.26161894E-22 -3.07168651E-22 -2.82145676E-22 -2.69789187E-22 -2.60612538E-22
-2.45141638E-22 -2.42072725E-22 -2.35634547E-22 -2.13144496E-22 -1.98872862E-22
-1.36332222E-22  1.56661006E-23  3.19903289E-22  2.19962222E-20  2.08180850E-21
 3.82039176E-21  4.98061530E-21  4.38770532E-21  2.25120135E-21  8.20557935E-22
 2.74111157E-22  9.17950691E-23  3.17110878E-23  1.14755434E-23  4.38355610E-24
 1.76441195E-24  7.47754852E-25  3.33831648E-25  1.57048233E-25  7.79154311E-26
 4.09642455E-26  2.29798413E-26  1.36945017E-26  8.65403232E-27  5.78815007E-27
 4.06413826E-27  2.95934013E-27  2.20882411E-27  1.67310141E-27  1.26570645E-27
 9.45622832E-28  6.82702664E-28  4.58685019E-28  2.49041861E-28  5.29139952E-29
-1.17425296E-28 -1.55634832E-28 -2.68382991E-30 -2.67941009E-33 -1.34780550E-36
-4.60979291E-40 -1.19492417E-43 -2.49362449E-47 -4.35490897E-51 -6.53777897E-55
 0.00000000E+00
<    
