>DATA
> TIME (S)  1.000E+03     1.000000000000000000E+03
> GRIDS:           81> NPDE             42
> PSI      
 0.000000000000000000E+00   4.599999999999922727E-03   9.199999999999724024E-03
 1.379999999999748615E-02   1.839999999886472726E-02   2.299999933216719319E-02
 2.759977317186935661E-02   3.217139162370807187E-02   3.612574459244663472E-02
 3.796166985762322588E-02   3.851492060195858130E-02   3.869709744373082266E-02
 3.879093048572016672E-02   3.886058682898534816E-02   3.891915284376769313E-02
 3.897142721388974218E-02   3.901973239056000936E-02   3.906538063155332724E-02
 3.910919492810787518E-02   3.915173235496999249E-02   3.919339308071381062E-02
 3.923447670453053537E-02   3.927525211161529695E-02   3.931598519950890019E-02
 3.935686996167234858E-02   3.939803650863722001E-02   3.943963106716921047E-02
 3.948133589914943481E-02   3.952273388184451841E-02   3.956391430456466379E-02
 3.960506961248813629E-02   3.964637889978710888E-02   3.968802198352944233E-02
 3.973018800815571877E-02   3.977311633843184924E-02   3.981705344120609058E-02
 3.986205999626538099E-02   3.990758718874598543E-02   3.995486841382100279E-02
 4.000393479168785904E-02   4.005562978388892137E-02   4.011089192078211990E-02
 4.016863623124965199E-02   4.022937564569863816E-02   4.028971979850028834E-02
 4.034313295718008202E-02   4.039085562044783528E-02   4.043498862654199000E-02
 4.047665725883661109E-02   4.051661127537029700E-02   4.055538857357659371E-02
 4.059339653611244991E-02   4.063095875840219001E-02   4.066834645766242984E-02
 4.070578745195451570E-02   4.074329393023722046E-02   4.078075900069754595E-02
 4.081831316757970896E-02   4.085619049630492827E-02   4.089434139250912315E-02
 4.093273670281123711E-02   4.097163579717334053E-02   4.101137616717281248E-02
 4.105235294402114626E-02   4.109501813713133112E-02   4.113997671221013980E-02
 4.118820359775889062E-02   4.124146151559348467E-02   4.130360739250067692E-02
 4.138408159795765873E-02   4.151017347467418628E-02   4.183592558325197747E-02
 4.345390215769433934E-02   4.780141870066498266E-02   5.240000233065738450E-02
 5.700000000257435945E-02   6.160000000000303427E-02   6.620000000000106355E-02
 7.080000000000034877E-02   7.540000000000003644E-02   8.000000000000000167E-02
  r(
 0.00000000E+00  4.60000000E-03  9.20000000E-03  1.38000000E-02  1.84000000E-02
 2.29999993E-02  2.75997732E-02  3.21713916E-02  3.61257446E-02  3.79616699E-02
 3.85149206E-02  3.86970974E-02  3.87909305E-02  3.88605868E-02  3.89191528E-02
 3.89714272E-02  3.90197324E-02  3.90653806E-02  3.91091949E-02  3.91517324E-02
 3.91933931E-02  3.92344767E-02  3.92752521E-02  3.93159852E-02  3.93568700E-02
 3.93980365E-02  3.94396311E-02  3.94813359E-02  3.95227339E-02  3.95639143E-02
 3.96050696E-02  3.96463789E-02  3.96880220E-02  3.97301880E-02  3.97731163E-02
 3.98170534E-02  3.98620600E-02  3.99075872E-02  3.99548684E-02  4.00039348E-02
 4.00556298E-02  4.01108919E-02  4.01686362E-02  4.02293756E-02  4.02897198E-02
 4.03431330E-02  4.03908556E-02  4.04349886E-02  4.04766573E-02  4.05166113E-02
 4.05553886E-02  4.05933965E-02  4.06309588E-02  4.06683465E-02  4.07057875E-02
 4.07432939E-02  4.07807590E-02  4.08183132E-02  4.08561905E-02  4.08943414E-02
 4.09327367E-02  4.09716358E-02  4.10113762E-02  4.10523529E-02  4.10950181E-02
 4.11399767E-02  4.11882036E-02  4.12414615E-02  4.13036074E-02  4.13840816E-02
 4.15101735E-02  4.18359256E-02  4.34539022E-02  4.78014187E-02  5.24000023E-02
 5.70000000E-02  6.16000000E-02  6.62000000E-02  7.08000000E-02  7.54000000E-02
 8.00000000E-02
 0.00000000E+00  0.00000000E+00  0.00000000E+00  0.00000000E+00  0.00000000E+00
 0.00000000E+00  0.00000000E+00  0.00000000E+00  0.00000000E+00  0.00000000E+00
 0.00000000E+00  0.00000000E+00  0.00000000E+00  0.00000000E+00  0.00000000E+00
 0.00000000E+00  0.00000000E+00  0.00000000E+00  0.00000000E+00  0.00000000E+00
 0.00000000E+00  0.00000000E+00  0.00000000E+00  0.00000000E+00  0.00000000E+00
 0.00000000E+00  0.00000000E+00  0.00000000E+00  0.00000000E+00  0.00000000E+00
 0.00000000E+00  0.00000000E+00  0.00000000E+00  0.00000000E+00  0.00000000E+00
 0.00000000E+00  0.00000000E+00  0.00000000E+00  0.00000000E+00  0.00000000E+00
 0.00000000E+00  0.00000000E+00  0.00000000E+00  0.00000000E+00  0.00000000E+00
 0.00000000E+00  0.00000000E+00  0.00000000E+00  0.00000000E+00  0.00000000E+00
 0.00000000E+00  0.00000000E+00  0.00000000E+00  0.00000000E+00  0.00000000E+00
 0.00000000E+00  0.00000000E+00  0.00000000E+00  0.00000000E+00  0.00000000E+00
 0.00000000E+00  0.00000000E+00  0.00000000E+00  0.00000000E+00  0.00000000E+00
 0.00000000E+00  0.00000000E+00  0.00000000E+00  0.00000000E+00  0.00000000E+00
 0.00000000E+00  0.00000000E+00  0.00000000E+00  0.00000000E+00  0.00000000E+00
 0.00000000E+00  0.00000000E+00  0.00000000E+00  0.00000000E+00  0.00000000E+00
 0.00000000E+00
  J 
-4.20000000E+04 -4.20000000E+04 -4.20000000E+04 -4.20000000E+04 -4.20000000E+04
-4.20000000E+04 -4.20000000E+04 -4.20000000E+04 -4.20000000E+04 -4.20000000E+04
-4.20000000E+04 -4.20000000E+04 -4.20000000E+04 -4.20000000E+04 -4.20000000E+04
-4.20000000E+04 -4.20000000E+04 -4.20000000E+04 -4.20000000E+04 -4.20000000E+04
-4.20000000E+04 -4.20000000E+04 -4.20000000E+04 -4.20000000E+04 -4.20000000E+04
-4.20000000E+04 -4.20000000E+04 -4.20000000E+04 -4.20000000E+04 -4.20000000E+04
-4.20000000E+04 -4.20000000E+04 -4.20000000E+04 -4.20000000E+04 -4.20000000E+04
-4.20000000E+04 -4.20000000E+04 -4.20000000E+04 -4.20000000E+04 -4.20000000E+04
-4.20000000E+04 -4.20000000E+04 -4.20000000E+04 -4.20000000E+04 -4.20000000E+04
-4.20000000E+04 -4.20000000E+04 -4.20000000E+04 -4.20000000E+04 -4.20000000E+04
-4.20000000E+04 -4.20000000E+04 -4.20000000E+04 -4.20000000E+04 -4.20000000E+04
-4.20000000E+04 -4.20000000E+04 -4.20000000E+04 -4.20000000E+04 -4.20000000E+04
-4.20000000E+04 -4.20000000E+04 -4.20000000E+04 -4.20000000E+04 -4.20000000E+04
-4.20000000E+04 -4.20000000E+04 -4.20000000E+04 -4.20000000E+04 -4.20000000E+04
-4.20000000E+04 -4.20000000E+04 -4.20000000E+04 -4.20000000E+04 -4.20000000E+04
-4.20000000E+04 -4.20000000E+04 -4.20000000E+04 -4.20000000E+04 -4.20000000E+04
-4.20000000E+04
 0.00000000E+00  0.00000000E+00  0.00000000E+00  0.00000000E+00  0.00000000E+00
 0.00000000E+00  0.00000000E+00  0.00000000E+00  0.00000000E+00  0.00000000E+00
 0.00000000E+00  0.00000000E+00  0.00000000E+00  0.00000000E+00  0.00000000E+00
 0.00000000E+00  0.00000000E+00  0.00000000E+00  0.00000000E+00  0.00000000E+00
 0.00000000E+00  0.00000000E+00  0.00000000E+00  0.00000000E+00  0.00000000E+00
 0.00000000E+00  0.00000000E+00  0.00000000E+00  0.00000000E+00  0.00000000E+00
 0.00000000E+00  0.00000000E+00  0.00000000E+00  0.00000000E+00  0.00000000E+00
 0.00000000E+00  0.00000000E+00  0.00000000E+00  0.00000000E+00  0.00000000E+00
 0.00000000E+00  0.00000000E+00  0.00000000E+00  0.00000000E+00  0.00000000E+00
 0.00000000E+00  0.00000000E+00  0.00000000E+00  0.00000000E+00  0.00000000E+00
 0.00000000E+00  0.00000000E+00  0.00000000E+00  0.00000000E+00  0.00000000E+00
 0.00000000E+00  0.00000000E+00  0.00000000E+00  0.00000000E+00  0.00000000E+00
 0.00000000E+00  0.00000000E+00  0.00000000E+00  0.00000000E+00  0.00000000E+00
 0.00000000E+00  0.00000000E+00  0.00000000E+00  0.00000000E+00  0.00000000E+00
 0.00000000E+00  0.00000000E+00  0.00000000E+00  0.00000000E+00  0.00000000E+00
 0.00000000E+00  0.00000000E+00  0.00000000E+00  0.00000000E+00  0.00000000E+00
 0.00000000E+00
   G
 2.01379820E+02  2.01379820E+02  2.01379820E+02  2.01379820E+02  2.01379820E+02
 2.01379820E+02  2.01379820E+02  2.01379829E+02  2.01384281E+02  2.01708974E+02
 2.03973155E+02  2.07546148E+02  2.11604133E+02  2.16402856E+02  2.21930162E+02
 2.28103006E+02  2.34820025E+02  2.41979843E+02  2.49488275E+02  2.57260218E+02
 2.65219173E+02  2.73295484E+02  2.81432085E+02  2.89584511E+02  2.97702299E+02
 3.05727468E+02  3.13608486E+02  3.21212126E+02  3.28405178E+02  3.35160137E+02
 3.41470753E+02  3.47328315E+02  3.52722137E+02  3.57638849E+02  3.62064404E+02
 3.65975822E+02  3.69326543E+02  3.72037557E+02  3.74132542E+02  3.75537144E+02
 3.76185291E+02  3.75959291E+02  3.74739373E+02  3.72406353E+02  3.69061913E+02
 3.65282756E+02  3.61281005E+02  3.57074430E+02  3.52672745E+02  3.48074277E+02
 3.43270959E+02  3.38251066E+02  3.33000658E+02  3.27504052E+02  3.21745928E+02
 3.15742416E+02  3.09532320E+02  3.03118714E+02  2.96487771E+02  2.89678640E+02
 2.82733743E+02  2.75649932E+02  2.68418142E+02  2.61032594E+02  2.53499179E+02
 2.45830934E+02  2.38034020E+02  2.30090805E+02  2.21897837E+02  2.13221797E+02
 2.03836383E+02  1.93411803E+02  1.88118933E+02  1.87998328E+02  1.87998115E+02
 1.87998115E+02  1.87998115E+02  1.87998115E+02  1.87998115E+02  1.87998115E+02
 1.87998115E+02
-2.16995565E-20 -2.16995565E-20 -1.62172547E-20  8.84821025E-18  1.70800268E-17
 2.78753714E-17 -2.10323926E-17 -1.39374630E-16 -2.04040551E-16 -4.26518417E-16
-6.13884375E-16 -6.77617113E-16 -7.79159135E-16 -7.86823598E-16 -8.30711569E-16
-9.03186721E-16 -9.47255056E-16 -8.55203086E-16 -8.50244763E-16 -9.21259662E-16
-9.06781406E-16 -7.56880820E-16 -8.74113928E-16 -7.29546516E-16 -7.03867227E-16
-4.35187422E-16 -3.15357680E-16 -1.96047307E-17  1.00185382E-16  2.06859544E-16
 6.22567268E-16  9.87464644E-16  1.24337052E-15  1.41407409E-15  1.85618492E-15
 2.22631423E-15  2.70453834E-15  3.01352041E-15  3.56990448E-15  3.96937226E-15
 4.42927958E-15  4.93751859E-15  5.51144729E-15  6.05749953E-15  6.44223145E-15
 6.78747698E-15  7.24879882E-15  7.65231507E-15  7.82433102E-15  7.97814200E-15
 8.34160137E-15  8.65102229E-15  8.70876050E-15  9.16897200E-15  9.18277449E-15
 9.43851606E-15  9.74912089E-15  9.98082957E-15  1.00418836E-14  1.01530307E-14
 1.06359401E-14  1.06108948E-14  1.09901211E-14  1.12165441E-14  1.15952324E-14
 1.20531875E-14  1.25738986E-14  1.31195918E-14  1.37723324E-14  1.45318462E-14
 1.50094642E-14  1.32119709E-14  1.21559090E-15  2.33338531E-17 -1.41993792E-17
 3.04738956E-17  2.33605207E-17  3.54319669E-21 -1.29261374E-23 -1.12232368E-26
 0.00000000E+00
 v(m
 1.58353059E+01  1.39826115E+01  1.21299172E+01  1.02772228E+01  8.42452847E+00
 6.57183439E+00  4.71923113E+00  2.87796821E+00  1.28544101E+00  5.50338109E-01
 3.45512524E-01  2.94776383E-01  2.79015356E-01  2.73968165E-01  2.74072994E-01
 2.76833441E-01  2.80794818E-01  2.85018002E-01  2.88868186E-01  2.91903399E-01
 2.93806925E-01  2.94344048E-01  2.93333198E-01  2.90619752E-01  2.86063883E-01
 2.79541813E-01  2.70933941E-01  2.60242250E-01  2.47587460E-01  2.33005385E-01
 2.16486593E-01  1.98004226E-01  1.77510643E-01  1.54934989E-01  1.30161639E-01
 1.03053914E-01  7.35901644E-02  4.22025375E-02  8.14532178E-03 -2.84818109E-02
-6.80050493E-02 -1.10382892E-01 -1.53258203E-01 -1.95696709E-01 -2.35318740E-01
-2.68272169E-01 -2.95825632E-01 -3.19507952E-01 -3.40097910E-01 -3.58071525E-01
-3.73729420E-01 -3.87259708E-01 -3.98773732E-01 -4.08328575E-01 -4.15938990E-01
-4.21565590E-01 -4.25181563E-01 -4.26816250E-01 -4.26499981E-01 -4.24272510E-01
-4.20220711E-01 -4.14432765E-01 -4.06987212E-01 -3.97959005E-01 -3.87443667E-01
-3.75579857E-01 -3.62577481E-01 -3.48790653E-01 -3.34895180E-01 -3.22890045E-01
-3.21511654E-01 -3.89740863E-01 -9.70637453E-01 -2.60377750E+00 -4.33281977E+00
-6.06240154E+00 -7.79198419E+00 -9.52156684E+00 -1.12511495E+01 -1.29807321E+01
-1.47103148E+01
 0.00000000E+00 -1.97545949E-22 -2.43512216E-18 -1.16488269E-18  3.21424713E-18
 4.64462445E-19 -5.61488914E-18 -1.13995521E-17 -7.00491410E-18 -6.71682042E-18
-6.99802611E-18 -7.52634571E-18 -7.60764253E-18 -7.42711123E-18 -7.96102943E-18
-7.53334998E-18 -7.48443758E-18 -5.66363802E-18 -5.72612469E-18 -4.68168736E-18
-3.82659762E-18 -1.74855298E-18 -2.86544005E-20  2.14092004E-18  4.46447257E-18
 7.14570723E-18  8.74623108E-18  1.27513443E-17  1.53295852E-17  1.80764074E-17
 2.10962449E-17  2.43155030E-17  2.73526240E-17  3.05959118E-17  3.36797124E-17
 3.70688140E-17  4.02769729E-17  4.33275864E-17  4.58737918E-17  4.81821038E-17
 4.96876538E-17  4.94983982E-17  4.73244010E-17  4.38198067E-17  3.83729558E-17
 3.29167667E-17  2.78171472E-17  2.12866235E-17  1.47341717E-17  7.71403883E-18
 5.79973302E-19 -7.15185317E-18 -1.55501805E-17 -2.37840496E-17 -3.21661267E-17
-4.02111608E-17 -4.90910124E-17 -5.83082782E-17 -6.50883594E-17 -7.32697421E-17
-8.03031912E-17 -8.52468437E-17 -9.26325921E-17 -9.71756089E-17 -1.00611622E-16
-1.03202635E-16 -1.04220240E-16 -1.04501848E-16 -1.02205569E-16 -9.89606393E-17
-9.53578925E-17 -9.37181390E-17 -4.66915335E-17 -3.28082206E-17 -3.54944368E-17
-3.40556021E-17 -3.74997817E-17 -4.44884154E-17 -3.57643445E-17 -3.85944919E-17
-4.61415188E-17
  T(
 2.98000000E+02  2.98000000E+02  2.98000000E+02  2.98000000E+02  2.98000000E+02
 2.98000000E+02  2.98000000E+02  2.98000036E+02  2.98016821E+02  2.99303695E+02
 3.10672363E+02  3.33085254E+02  3.60197928E+02  3.92668159E+02  4.30161705E+02
 4.72030533E+02  5.17597032E+02  5.66259119E+02  6.17524656E+02  6.71009774E+02
 7.26422566E+02  7.83540493E+02  8.42244984E+02  9.02523965E+02  9.64338670E+02
 1.02760519E+03  1.09229533E+03  1.15765958E+03  1.22278779E+03  1.28757573E+03
 1.35208709E+03  1.41635137E+03  1.48036762E+03  1.54410067E+03  1.60752664E+03
 1.67054984E+03  1.73271409E+03  1.79264369E+03  1.85097425E+03  1.90571874E+03
 1.95350012E+03  1.98623090E+03  1.99210892E+03  1.97198864E+03  1.93881127E+03
 1.90261820E+03  1.86498964E+03  1.82544705E+03  1.78371865E+03  1.73960572E+03
 1.69295218E+03  1.64362973E+03  1.59153138E+03  1.53656619E+03  1.47867606E+03
 1.41814877E+03  1.35552819E+03  1.29101579E+03  1.22465681E+03  1.15703455E+03
 1.08875270E+03  1.01994692E+03  9.50678325E+02  8.81009250E+02  8.11079364E+02
 7.41064440E+02  6.71070487E+02  6.01033617E+02  5.30295878E+02  4.57581816E+02
 3.83316135E+02  3.14828741E+02  2.92453909E+02  2.92000875E+02  2.92000001E+02
 2.92000000E+02  2.92000000E+02  2.92000000E+02  2.92000000E+02  2.92000000E+02
 2.92000000E+02
 0.00000000E+00 -6.42520453E-20  9.74394119E-21 -1.97713101E-19 -7.83412177E-18
 1.19044133E-17 -1.89796346E-16 -3.78537091E-16 -2.57298910E-16 -8.09899607E-16
-1.82945244E-15 -2.06606410E-15 -2.77370189E-15 -3.82663438E-15 -4.51894515E-15
-5.36021945E-15 -6.04339709E-15 -6.61915724E-15 -7.66300122E-15 -8.29089140E-15
-8.30045103E-15 -8.65755786E-15 -8.43858308E-15 -8.19729197E-15 -8.29865118E-15
-8.23728183E-15 -7.69054613E-15 -5.88920162E-15 -4.66501838E-15 -3.33975838E-15
-2.94129455E-15 -1.20143542E-15 -5.59156400E-16  8.82017864E-16  2.96156866E-15
 3.73993685E-15  6.60137435E-15  9.08807372E-15  1.16452555E-14  1.60369851E-14
 2.17823302E-14  2.95356587E-14  4.07752374E-14  4.95164207E-14  5.66444364E-14
 6.26850795E-14  6.86773927E-14  7.41351102E-14  7.96245642E-14  8.44486920E-14
 8.88469585E-14  9.24343137E-14  9.59187945E-14  9.92773866E-14  1.01973353E-13
 1.04180014E-13  1.05482065E-13  1.06536883E-13  1.05788806E-13  1.03933842E-13
 1.02335465E-13  9.97090590E-14  9.64217658E-14  9.28482328E-14  8.89316426E-14
 8.46090693E-14  7.95434576E-14  7.48613103E-14  6.94050457E-14  6.46008339E-14
 5.90241467E-14  4.54049992E-14  4.12246380E-15  1.06507267E-16  1.19658388E-17
 2.92757890E-17  2.19821502E-16 -4.95198857E-20 -3.15042679E-22 -2.16914096E-25
 0.00000000E+00
  p(
 1.00000000E+05  1.00000000E+05  1.00000000E+05  1.00000000E+05  1.00000000E+05
 1.00000000E+05  1.00000000E+05  1.00000000E+05  1.00000000E+05  1.00000000E+05
 1.00000000E+05  1.00000000E+05  1.00000000E+05  1.00000000E+05  1.00000000E+05
 1.00000000E+05  1.00000000E+05  1.00000000E+05  1.00000000E+05  1.00000000E+05
 1.00000000E+05  1.00000000E+05  1.00000000E+05  1.00000000E+05  1.00000000E+05
 1.00000000E+05  1.00000000E+05  1.00000000E+05  1.00000000E+05  1.00000000E+05
 1.00000000E+05  1.00000000E+05  1.00000000E+05  1.00000000E+05  1.00000000E+05
 1.00000000E+05  1.00000000E+05  1.00000000E+05  1.00000000E+05  1.00000000E+05
 1.00000000E+05  1.00000000E+05  1.00000000E+05  1.00000000E+05  1.00000000E+05
 1.00000000E+05  1.00000000E+05  1.00000000E+05  1.00000000E+05  1.00000000E+05
 1.00000000E+05  1.00000000E+05  1.00000000E+05  1.00000000E+05  1.00000000E+05
 1.00000000E+05  1.00000000E+05  1.00000000E+05  1.00000000E+05  1.00000000E+05
 1.00000000E+05  1.00000000E+05  1.00000000E+05  1.00000000E+05  1.00000000E+05
 1.00000000E+05  1.00000000E+05  1.00000000E+05  1.00000000E+05  1.00000000E+05
 1.00000000E+05  1.00000000E+05  1.00000000E+05  1.00000000E+05  1.00000000E+05
 1.00000000E+05  1.00000000E+05  1.00000000E+05  1.00000000E+05  1.00000000E+05
 1.00000000E+05
 0.00000000E+00  0.00000000E+00  0.00000000E+00  0.00000000E+00  0.00000000E+00
 0.00000000E+00  0.00000000E+00  0.00000000E+00  0.00000000E+00  0.00000000E+00
 0.00000000E+00  0.00000000E+00  0.00000000E+00  0.00000000E+00  0.00000000E+00
 0.00000000E+00  0.00000000E+00  0.00000000E+00  0.00000000E+00  0.00000000E+00
 0.00000000E+00  0.00000000E+00  0.00000000E+00  0.00000000E+00  0.00000000E+00
 0.00000000E+00  0.00000000E+00  0.00000000E+00  0.00000000E+00  0.00000000E+00
 0.00000000E+00  0.00000000E+00  0.00000000E+00  0.00000000E+00  0.00000000E+00
 0.00000000E+00  0.00000000E+00  0.00000000E+00  0.00000000E+00  0.00000000E+00
 0.00000000E+00  0.00000000E+00  0.00000000E+00  0.00000000E+00  0.00000000E+00
 0.00000000E+00  0.00000000E+00  0.00000000E+00  0.00000000E+00  0.00000000E+00
 0.00000000E+00  0.00000000E+00  0.00000000E+00  0.00000000E+00  0.00000000E+00
 0.00000000E+00  0.00000000E+00  0.00000000E+00  0.00000000E+00  0.00000000E+00
 0.00000000E+00  0.00000000E+00  0.00000000E+00  0.00000000E+00  0.00000000E+00
 0.00000000E+00  0.00000000E+00  0.00000000E+00  0.00000000E+00  0.00000000E+00
 0.00000000E+00  0.00000000E+00  0.00000000E+00  0.00000000E+00  0.00000000E+00
 0.00000000E+00  0.00000000E+00  0.00000000E+00  0.00000000E+00  0.00000000E+00
 0.00000000E+00
N2  
 6.49046641E-01  6.49046641E-01  6.49046641E-01  6.49046641E-01  6.49046641E-01
 6.49046641E-01  6.49046641E-01  6.49046643E-01  6.49047177E-01  6.49088192E-01
 6.49451378E-01  6.50172139E-01  6.51053026E-01  6.52121859E-01  6.53375869E-01
 6.54802075E-01  6.56385335E-01  6.58111039E-01  6.59965950E-01  6.61938220E-01
 6.64017145E-01  6.66192812E-01  6.68457955E-01  6.70808591E-01  6.73239296E-01
 6.75741326E-01  6.78306158E-01  6.80898046E-01  6.83476956E-01  6.86036014E-01
 6.88576565E-01  6.91100385E-01  6.93610126E-01  6.96109491E-01  6.98605306E-01
 7.01104617E-01  7.03603977E-01  7.06068196E-01  7.08559501E-01  7.11074233E-01
 7.13652141E-01  7.16340304E-01  7.19098906E-01  7.21974764E-01  7.24821472E-01
 7.27332919E-01  7.29567165E-01  7.31622176E-01  7.33549755E-01  7.35383826E-01
 7.37148077E-01  7.38859737E-01  7.40531701E-01  7.42173926E-01  7.43793778E-01
 7.45388724E-01  7.46951044E-01  7.48482745E-01  7.49989128E-01  7.51463244E-01
 7.52898612E-01  7.54298559E-01  7.55666364E-01  7.57003133E-01  7.58307777E-01
 7.59579063E-01  7.60817516E-01  7.62026953E-01  7.63221213E-01  7.64423526E-01
 7.65628409E-01  7.66721573E-01  7.67075327E-01  7.67082475E-01  7.67082489E-01
 7.67082489E-01  7.67082489E-01  7.67082489E-01  7.67082489E-01  7.67082489E-01
 7.67082489E-01
 0.00000000E+00  1.14496717E-31  3.25698846E-28  8.03532081E-25  1.67976544E-21
 2.29086366E-20 -1.23591706E-20 -7.87059233E-20 -1.21063945E-19 -1.74345703E-19
-1.45257122E-19 -2.88543019E-19  5.02628189E-20 -1.00994346E-19 -1.81457280E-19
-7.43096419E-19 -4.29717250E-19 -6.57260574E-19 -7.50610610E-19 -9.98475499E-19
-9.62655870E-19 -1.28097624E-18 -1.31217744E-18 -1.27455892E-18 -1.06391227E-18
-1.14152446E-18 -1.26222387E-18 -1.61076096E-18 -1.61025954E-18 -1.74100798E-18
-1.76281337E-18 -1.49318426E-18 -1.84801070E-18 -1.84117173E-18 -1.39742989E-18
-1.61157750E-18 -1.48711801E-18 -1.58097913E-18 -3.85075088E-18 -3.70340832E-18
-2.44631256E-18 -2.60647030E-18 -2.63899488E-18 -2.09174554E-18 -8.71249418E-19
-7.49716727E-19 -6.99017607E-19 -9.64935422E-19 -6.49111891E-19 -6.43943077E-19
-8.57066591E-19 -8.38492129E-19 -8.02424162E-19 -6.89080420E-19 -7.76948204E-19
-6.53559284E-19 -4.53299789E-19 -3.69117909E-19 -3.01708299E-19 -3.00855201E-19
-2.23970911E-19 -8.84948919E-20 -8.80053812E-20  5.11330143E-20 -3.69046448E-19
 1.48568931E-19  7.12795359E-20 -4.29329530E-19 -4.03257728E-19 -1.45864796E-19
-6.70266525E-19 -6.74155041E-19 -1.25439952E-19  5.32036532E-20  1.24107978E-19
 4.63493934E-20 -2.13434637E-20 -1.03539818E-23 -4.25112877E-27 -1.51248652E-30
 0.00000000E+00
CO2 
 0.00000000E+00  5.25630912E-29  1.49520978E-25  3.68881520E-22  7.71133730E-19
 1.32160561E-15  1.76717826E-12  1.68207538E-09  7.91186041E-07  6.13347497E-05
 5.97453306E-04  1.66140802E-03  2.96173131E-03  4.53948972E-03  6.39059513E-03
 8.49588206E-03  1.08329982E-02  1.33803757E-02  1.61184728E-02  1.90297955E-02
 2.20985417E-02  2.53100729E-02  2.86536544E-02  3.21233971E-02  3.57112709E-02
 3.94043322E-02  4.31899276E-02  4.70151634E-02  5.08207265E-02  5.45960823E-02
 5.83425430E-02  6.20615815E-02  6.57551836E-02  6.94256275E-02  7.30778075E-02
 7.67140357E-02  8.03177645E-02  8.38244989E-02  8.73075265E-02  9.07492377E-02
 9.42118437E-02  9.78041727E-02  1.01395593E-01  1.04398300E-01  1.05881937E-01
 1.05738124E-01  1.04462220E-01  1.02373403E-01  9.96642858E-02  9.64622489E-02
 9.28582547E-02  8.89219273E-02  8.47096855E-02  8.02689079E-02  7.56416212E-02
 7.08897967E-02  6.60856445E-02  6.12645323E-02  5.64423286E-02  5.16665906E-02
 4.69777326E-02  4.23787823E-02  3.78684094E-02  3.34492625E-02  2.91290937E-02
 2.49146940E-02  2.08060732E-02  1.67916827E-02  1.28262848E-02  8.83317468E-03
 4.83083094E-03  1.19911307E-03  2.37923763E-05  4.58411146E-08  4.88521574E-11
 3.72073259E-14  2.20530962E-17  1.06982185E-20  4.39244011E-24  1.56275525E-27
 0.00000000E+00
 0.00000000E+00 -7.21623610E-43 -1.90202165E-39 -4.29226888E-36 -8.06489363E-33
-1.21024616E-29 -1.35894562E-26 -1.00255783E-23 -2.97109145E-21 -6.41258613E-20
-1.40189580E-19 -2.03328534E-19 -2.67993351E-19 -3.42609136E-19 -4.28306265E-19
-5.32191910E-19 -6.46177617E-19 -7.74027664E-19 -9.15472392E-19 -1.05736717E-18
-1.20123153E-18 -1.34167117E-18 -1.47003046E-18 -1.59770733E-18 -1.74343728E-18
-1.90510496E-18 -2.04339700E-18 -2.13075779E-18 -2.24467353E-18 -2.34662877E-18
-2.47526909E-18 -2.60661486E-18 -2.72868843E-18 -2.82562696E-18 -2.93782512E-18
-3.02683761E-18 -3.12086744E-18 -3.18199006E-18 -3.54606947E-18 -3.60253594E-18
-3.48936985E-18 -3.45924198E-18 -3.29300649E-18 -2.72450177E-18 -1.82704188E-18
-1.16069585E-18 -5.06195600E-19  9.10932722E-20  5.80427718E-19  9.70912655E-19
 1.32380796E-18  1.59911486E-18  1.82188230E-18  1.94596397E-18  2.04305938E-18
 2.07063595E-18  1.98749773E-18  1.96342422E-18  1.88011278E-18  1.74985716E-18
 1.62877030E-18  1.51068852E-18  1.45172191E-18  1.39444548E-18  1.38475053E-18
 1.38513884E-18  1.42846042E-18  1.54399146E-18  1.71716033E-18  1.99649395E-18
 2.31104587E-18  2.18726113E-18  2.10177471E-19  5.85469132E-22  7.62911241E-25
 6.66817660E-28  4.38698786E-31  2.31410097E-34  1.01892878E-37  3.84907664E-41
 0.00000000E+00
H2O 
 0.00000000E+00  7.07818371E-29  2.01346025E-25  4.96738511E-22  1.03841423E-18
 1.77968363E-15  2.37969497E-12  2.26509482E-09  1.06541682E-06  8.25938108E-05
 8.04532479E-04  2.23723706E-03  3.98820615E-03  6.11272798E-03  8.60528049E-03
 1.14400346E-02  1.45868651E-02  1.80166974E-02  2.17031772E-02  2.56226964E-02
 2.97539105E-02  3.40770213E-02  3.85774558E-02  4.32471152E-02  4.80749379E-02
 5.30431111E-02  5.81339650E-02  6.32753128E-02  6.83857826E-02  7.34486233E-02
 7.84613802E-02  8.34192634E-02  8.83142786E-02  9.31330209E-02  9.78570076E-02
 1.02452100E-01  1.06843877E-01  1.10882553E-01  1.14541497E-01  1.17598783E-01
 1.19730633E-01  1.20369200E-01  1.18902285E-01  1.15257058E-01  1.10377353E-01
 1.05540317E-01  1.00968673E-01  9.65778577E-02  9.23052822E-02  8.81020100E-02
 8.39308228E-02  7.97634085E-02  7.55782197E-02  7.13588718E-02  6.70946199E-02
 6.28014905E-02  5.85121769E-02  5.42348146E-02  4.99684520E-02  4.57465757E-02
 4.16008599E-02  3.75326768E-02  3.35408701E-02  2.96282942E-02  2.58023884E-02
 2.20696239E-02  1.84303027E-02  1.48743514E-02  1.13617654E-02  7.82461765E-03
 4.27927239E-03  1.06220926E-03  2.10759866E-05  4.06074073E-08  4.32746775E-11
 3.29593434E-14  1.95352811E-17  9.47679653E-21  3.89095261E-24  1.38433455E-27
 0.00000000E+00
 0.00000000E+00 -4.58822304E-43 -1.23677289E-39 -2.85935715E-36 -5.51692960E-33
-8.52927369E-30 -9.92288535E-27 -7.66018626E-24 -2.43144882E-21 -6.23018642E-20
-1.20239901E-19 -1.38021339E-19 -1.51519796E-19 -1.65753284E-19 -1.88366240E-19
-2.10510641E-19 -2.45645117E-19 -2.92606610E-19 -3.44577571E-19 -3.99205472E-19
-4.24425305E-19 -4.36611248E-19 -4.39722909E-19 -4.36693603E-19 -4.88211177E-19
-4.95886508E-19 -4.65510477E-19 -4.17923024E-19 -2.94995210E-19 -2.99118274E-19
-3.00938198E-19 -2.73503541E-19 -2.15630874E-19 -1.72460099E-19 -1.32945554E-19
-5.76256444E-20 -3.08038540E-20  8.35484334E-20 -2.91918757E-19 -1.58449628E-19
 2.50871203E-19  6.25643875E-19  1.13121178E-18  1.57775889E-18  1.98142875E-18
 2.06479955E-18  2.08969290E-18  2.11925092E-18  2.11874903E-18  2.15998548E-18
 2.14149260E-18  2.14650426E-18  2.13725103E-18  2.04996897E-18  2.06110531E-18
 2.00563017E-18  1.92050940E-18  1.86942928E-18  1.77742892E-18  1.67010599E-18
 1.57842705E-18  1.46451903E-18  1.40310291E-18  1.34301755E-18  1.32190854E-18
 1.31151256E-18  1.32842552E-18  1.40030324E-18  1.54414399E-18  1.77243456E-18
 2.03962762E-18  1.93109766E-18  1.86023273E-19  5.18410749E-22  6.75788170E-25
 5.90719564E-28  3.88761894E-31  2.05092538E-34  9.03243425E-38  3.41205362E-41
 0.00000000E+00
O2  
 1.95431437E-01  1.95431437E-01  1.95431437E-01  1.95431437E-01  1.95431437E-01
 1.95431437E-01  1.95431437E-01  1.95431434E-01  1.95429808E-01  1.95305184E-01
 1.94201627E-01  1.92011604E-01  1.89335104E-01  1.86087616E-01  1.82277586E-01
 1.77944500E-01  1.73134411E-01  1.67891768E-01  1.62256868E-01  1.56265818E-01
 1.49951283E-01  1.43343578E-01  1.36465024E-01  1.29328016E-01  1.21949436E-01
 1.14356453E-01  1.06575983E-01  9.87182007E-02  9.09071864E-02  8.31680062E-02
 7.55034447E-02  6.79191993E-02  6.04249295E-02  5.30372966E-02  4.57790775E-02
 3.86950129E-02  3.18894344E-02  2.55802250E-02  1.97802477E-02  1.47685707E-02
 1.09048481E-02  8.88041626E-03  9.73045459E-03  1.41413908E-02  2.13595337E-02
 2.93996619E-02  3.75905311E-02  4.58696410E-02  5.42159877E-02  6.26258104E-02
 7.10978741E-02  7.96291721E-02  8.82140060E-02  9.68446475E-02  1.05509337E-01
 1.14149996E-01  1.22685454E-01  1.31094319E-01  1.39381380E-01  1.47491894E-01
 1.55381143E-01  1.63064472E-01  1.70560682E-01  1.77878181E-01  1.85013394E-01
 1.91961419E-01  1.98726445E-01  2.05330318E-01  2.11849329E-01  2.18410749E-01
 2.24984981E-01  2.30948716E-01  2.32878447E-01  2.32917436E-01  2.32917511E-01
 2.32917511E-01  2.32917511E-01  2.32917511E-01  2.32917511E-01  2.32917511E-01
 2.32917511E-01
 0.00000000E+00 -3.47910174E-31 -9.89666025E-28 -2.44159579E-24 -5.10407383E-21
-1.24765850E-21  9.17492426E-21  1.00272505E-20 -1.40464327E-20  1.16599005E-19
 1.78950251E-19  2.71710170E-19  2.28152101E-19  2.99647480E-19  3.59063983E-19
 3.36041627E-19  4.07570588E-19  5.61205497E-19  6.37718860E-19  6.73368155E-19
 7.24053304E-19  7.41951292E-19  7.90774404E-19  7.05726943E-19  8.13495726E-19
 8.51835664E-19  7.17127138E-19  6.46674665E-19  5.90116477E-19  4.83981811E-19
 4.59326043E-19  4.20782737E-19  3.45498650E-19  2.56665838E-19  1.87687990E-19
 1.39832008E-19  4.73176858E-20 -6.00678378E-20 -2.24639581E-19 -3.38473289E-19
-5.72448115E-19 -1.03727310E-18 -1.83172208E-18 -2.77361973E-18 -3.50866663E-18
-4.02781490E-18 -4.40668314E-18 -4.72393683E-18 -4.94157590E-18 -5.09954254E-18
-5.17219173E-18 -5.15674281E-18 -5.14924831E-18 -5.00381757E-18 -4.84465140E-18
-4.62843125E-18 -4.37411005E-18 -4.17725831E-18 -3.86999145E-18 -3.44449174E-18
-3.23052841E-18 -3.02867719E-18 -2.79971548E-18 -2.67443211E-18 -2.66903960E-18
-2.53132147E-18 -2.64031520E-18 -2.79333981E-18 -2.99235531E-18 -3.37922992E-18
-3.87392855E-18 -3.58442042E-18 -3.64737947E-19 -4.24468734E-20  3.60231993E-20
 1.33302686E-21 -2.71799630E-20 -5.64808440E-23 -2.31897040E-26 -8.25049491E-30
 0.00000000E+00
H   
 0.00000000E+00  4.41583671E-55  4.01932734E-51  3.50692741E-47  2.92789314E-43
 2.36109593E-39  5.87269415E-35  3.49252236E-29  1.26314052E-23  1.37807182E-18
 1.08474113E-15  2.19617058E-14  1.25536255E-13  5.05280889E-13  1.79034043E-12
 6.03854089E-12  1.98367004E-11  6.42055330E-11  2.03964565E-10  6.07511382E-10
 1.59048907E-09  3.53865183E-09  6.78804535E-09  1.17489831E-08  1.92728044E-08
 3.10838154E-08  5.04157656E-08  8.27383205E-08  1.36901023E-07  2.27865661E-07
 3.80855952E-07  6.38295399E-07  1.07133178E-06  1.79828624E-06  3.01553844E-06
 5.05140143E-06  8.46947802E-06  1.42825426E-05  2.51059963E-05  4.68736073E-05
 9.11102312E-05  1.67408930E-04  2.50304050E-04  2.88038781E-04  2.74929519E-04
 2.42344512E-04  2.06922244E-04  1.73280986E-04  1.42865716E-04  1.16043204E-04
 9.27838768E-05  7.29029661E-05  5.61533442E-05  4.22626756E-05  3.09533752E-05
 2.19864767E-05  1.51014459E-05  9.96957918E-06  6.27096340E-06  3.73221488E-06
 2.08496772E-06  1.07902580E-06  5.09576995E-07  2.16591297E-07  8.22714230E-08
 2.80345152E-08  8.64653037E-09  2.39326039E-09  5.58967675E-10  9.37422424E-11
 7.75865848E-12  1.05677408E-13  3.14473996E-17  1.20324683E-22  1.47163726E-28
 9.53459354E-35  3.91278552E-41  1.13619391E-47  2.53039752E-54  4.62368896E-61
 0.00000000E+00
 0.00000000E+00  7.10772875E-66  1.85849734E-62  4.15458216E-59  7.71041543E-56
 1.13421377E-52  1.70548546E-49  2.51875309E-44 -4.82562686E-39 -6.96301597E-34
 3.00903741E-32  2.20775822E-30  1.34757331E-29  5.59077093E-29  1.77304355E-28
 5.54630188E-28  1.39868998E-27  3.34970421E-27  7.29444956E-27  7.55287097E-27
 1.21872773E-26  1.41679083E-25  3.61060705E-25  6.59126699E-25  1.26097282E-24
 2.06610130E-24  3.57207040E-24  6.53720730E-24  1.15801781E-23  1.90986060E-23
 3.44288011E-23  5.63140308E-23  9.49516112E-23  1.57816344E-22  2.44881200E-22
 3.80644521E-22  5.23079135E-22  5.55020965E-22 -2.92892985E-23 -1.98950207E-21
-5.86485655E-21 -7.30512226E-21  3.79969957E-21  2.31984062E-20  3.39559029E-20
 3.69562855E-20  3.66169910E-20  3.48095291E-20  3.18671972E-20  2.87032792E-20
 2.57891227E-20  2.26016415E-20  1.91172000E-20  1.60534595E-20  1.30875113E-20
 1.03460067E-20  7.98850471E-21  5.93064341E-21  4.21803554E-21  2.82874456E-21
 1.77979048E-21  1.03361553E-21  5.44533752E-22  2.54750201E-22  1.03627684E-22
 3.65191578E-23  1.12449337E-23  3.08000711E-24  7.14637130E-25  1.23671055E-25
 1.13192250E-26  2.05261018E-28  2.38434887E-31  1.29906789E-36  1.90989770E-42
 1.39414479E-48  6.22510054E-55  2.02057001E-61  4.41674927E-66  1.68349194E-69
 0.00000000E+00
O   
 0.00000000E+00  7.24430242E-38  2.07830558E-34  5.17784663E-31  1.09498801E-27
 1.90324213E-24  2.59114398E-21  2.52873145E-18  1.23837368E-15  1.03805219E-13
 1.27761556E-12  4.99374575E-12  1.08812422E-11  1.91930364E-11  3.02976626E-11
 4.54360429E-11  6.86966121E-11  1.11965033E-10  2.08032706E-10  4.42252179E-10
 1.00932018E-09  2.27020584E-09  4.77811690E-09  9.36133061E-09  1.74178716E-08
 3.14954942E-08  5.62943631E-08  9.97690379E-08  1.74512828E-07  3.00687644E-07
 5.09402255E-07  8.46684262E-07  1.37769046E-06  2.18998343E-06  3.39665639E-06
 5.14342221E-06  7.64093194E-06  1.12919520E-05  1.74870620E-05  3.06462290E-05
 6.79970868E-05  1.99328145E-04  5.83094030E-04  1.20832104E-03  1.74494585E-03
 2.04587689E-03  2.17547286E-03  2.19018206E-03  2.12355221E-03  1.99833954E-03
 1.83159719E-03  1.63707106E-03  1.42638585E-03  1.20964280E-03  9.95800672E-04
 7.93788312E-04  6.11528215E-04  4.53797008E-04  3.23129723E-04  2.20856950E-04
 1.45444919E-04  9.27252327E-05  5.76520282E-05  3.52677496E-05  2.13779456E-05
 1.28597390E-05  7.62861376E-06  4.39316610E-06  2.37525001E-06  1.12035170E-06
 3.85397476E-07  5.59204814E-08  1.08616724E-09  2.09269901E-12  2.23015652E-15
 1.69855672E-18  1.00674891E-21  4.88385835E-25  2.00519884E-28  7.13415535E-32
 0.00000000E+00
 0.00000000E+00  5.38206226E-53  1.70249415E-50 -2.80770638E-46 -1.22592028E-42
-3.08893145E-39 -5.22615318E-36 -5.61090727E-33 -2.51005617E-30 -9.45885770E-29
-5.77534531E-29  1.64865306E-28  6.13519229E-28  1.40900588E-27  2.62895262E-27
 4.46803246E-27  7.22286317E-27  1.14716506E-26  1.68082328E-26  2.10701350E-26
 2.46567151E-26  5.39685658E-26  1.25675297E-25  2.85608015E-25  5.03654938E-25
 1.05948547E-24  2.10293427E-24  4.53688233E-24  9.13120138E-24  1.65134660E-23
 2.74264513E-23  4.45142365E-23  7.08628614E-23  1.03510931E-22  1.29240287E-22
 1.14294827E-22  7.64930510E-23 -2.58289996E-22 -1.49355219E-21 -4.98359328E-21
-1.70010710E-20 -5.71744210E-20 -1.26030143E-19 -1.10502384E-19 -1.15850193E-20
 9.54704641E-20  1.84980044E-19  2.56067424E-19  3.13154721E-19  3.55303231E-19
 3.82407747E-19  3.96866186E-19  3.98470556E-19  3.85217394E-19  3.60565252E-19
 3.26145920E-19  2.82901631E-19  2.35868249E-19  1.86518152E-19  1.38785856E-19
 9.73508342E-20  6.45887345E-20  4.06215959E-20  2.44940763E-20  1.43784650E-20
 8.26045450E-21  4.67986083E-21  2.57429738E-21  1.33257339E-21  6.06181449E-22
 2.00727714E-22  2.11166592E-23  2.52497837E-24  7.70264907E-27  1.05816543E-29
 9.61529318E-33  6.52283531E-36  3.53104064E-39  1.58923693E-42  6.12050309E-46
 0.00000000E+00
OH  
 0.00000000E+00  4.25474765E-41  1.22063757E-37  3.04109871E-34  6.43252656E-31
 1.12427473E-27  1.81441079E-24  1.44517850E-20  4.18131682E-16  1.64614441E-12
 1.18040076E-10  6.32862142E-10  1.38903003E-09  2.27044227E-09  3.21672941E-09
 4.23471297E-09  5.38460154E-09  6.76463052E-09  8.50842250E-09  1.07940286E-08
 1.38738332E-08  1.81613349E-08  2.44324011E-08  3.42232319E-08  5.05753418E-08
 7.94285457E-08  1.32334758E-07  2.30397462E-07  4.10601168E-07  7.39197247E-07
 1.33333110E-06  2.39802094E-06  4.29056026E-06  7.63177348E-06  1.35101066E-05
 2.38821224E-05  4.24309582E-05  7.64961863E-05  1.46110549E-04  3.03150498E-04
 6.76483637E-04  1.49703391E-03  2.80532669E-03  4.03018215E-03  4.62793392E-03
 4.71862136E-03  4.55297521E-03  4.25057833E-03  3.87060139E-03  3.44828305E-03
 3.00776936E-03  2.56728468E-03  2.14138842E-03  1.74193907E-03  1.37854999E-03
 1.05998182E-03  7.91979508E-04  5.74485900E-04  4.04040599E-04  2.76073358E-04
 1.83831364E-04  1.19458098E-04  7.59184986E-05  4.73526894E-05  2.90935161E-05
 1.76157897E-05  1.04462545E-05  5.96870733E-06  3.16866028E-06  1.44023802E-06
 4.57229700E-07  5.68149459E-08  1.09315992E-09  2.10615575E-12  2.24449714E-15
 1.70947899E-18  1.01322263E-21  4.91526314E-25  2.01809292E-28  7.18003027E-32
 0.00000000E+00
 0.00000000E+00  3.15573500E-56  1.00215318E-53 -1.64966651E-49 -7.20029557E-46
-1.82201968E-42 -3.27822000E-39 -1.24572196E-35 -3.03610653E-31 -6.67214572E-28
 2.91119791E-27  4.81612681E-26  1.19236524E-25  2.25700194E-25  3.19876171E-25
 4.36740745E-25  5.25346044E-25  6.65513367E-25  8.22175098E-25  9.62142706E-25
 1.18439966E-24  1.53248429E-24  1.96154804E-24  2.31678472E-24  2.80901788E-24
 3.49044599E-24  4.89024853E-24  9.72110420E-24  1.89878922E-23  3.25029294E-23
 5.37892578E-23  9.76303583E-23  1.66427046E-22  2.47851637E-22  3.62114302E-22
 3.82723299E-22  1.18249837E-22 -1.60615336E-21 -9.86558729E-21 -3.29474433E-20
-8.92740343E-20 -1.81334940E-19 -1.78523383E-19  5.90397245E-20  3.34791367E-19
 5.17382329E-19  6.39878376E-19  7.07965719E-19  7.55861633E-19  7.72466495E-19
 7.60170214E-19  7.29498065E-19  6.83719336E-19  6.16246110E-19  5.40280222E-19
 4.57895141E-19  3.72506919E-19  2.93517414E-19  2.21570663E-19  1.60159604E-19
 1.11539265E-19  7.49901703E-20  4.86797127E-20  3.04752505E-20  1.85408919E-20
 1.09938113E-20  6.37691465E-21  3.56801460E-21  1.86219075E-21  8.41389199E-22
 2.60817212E-22  1.55064829E-23  1.61859288E-24  5.15706848E-27  7.25517939E-30
 6.69595192E-33  4.60158030E-36  2.51506986E-39  1.14228211E-42  4.43090416E-46
 0.00000000E+00
H2O2
 0.00000000E+00  2.25381146E-33  6.41119245E-30  1.58169807E-26  3.30648370E-23
 5.66680880E-20  7.57734473E-17  7.21243878E-14  3.39246359E-11  2.62934152E-09
 2.51943825E-08  6.68061250E-08  1.14495339E-07  1.69494096E-07  2.31196012E-07
 2.98611251E-07  3.70786791E-07  4.46888767E-07  5.26187842E-07  6.08002285E-07
 6.91612344E-07  7.76127761E-07  8.60351986E-07  9.42422794E-07  1.01900388E-06
 1.08433491E-06  1.12941600E-06  1.14197350E-06  1.11134282E-06  1.03477450E-06
 9.22677071E-07  7.99133901E-07  6.92496865E-07  6.21024225E-07  5.85583450E-07
 5.74172375E-07  5.70636748E-07  5.60572704E-07  5.30419888E-07  4.61917647E-07
 3.43032038E-07  2.28797450E-07  2.10480248E-07  2.69838823E-07  3.44699223E-07
 4.10044351E-07  4.69536213E-07  5.29169948E-07  5.93495976E-07  6.66933712E-07
 7.54660827E-07  8.63557115E-07  1.00358188E-06  1.19028653E-06  1.44987361E-06
 1.82575619E-06  2.37633271E-06  3.13503504E-06  4.03180321E-06  4.87591548E-06
 5.47753181E-06  5.75432697E-06  5.72431210E-06  5.45643077E-06  5.02693565E-06
 4.49582179E-06  3.90090131E-06  3.26139165E-06  2.57978205E-06  1.84451885E-06
 1.05441327E-06  2.75963346E-07  5.48633880E-09  1.05706243E-11  1.12649487E-14
 8.57973606E-18  5.08528201E-21  2.46693060E-24  1.01286443E-27  3.60359881E-31
 0.00000000E+00
 0.00000000E+00  5.03264823E-46  1.29679307E-42  2.85285060E-39  5.20389096E-36
 7.53750618E-33  8.08637143E-30  5.59022997E-27  1.46675105E-24  1.89221731E-23
 3.64124418E-23  4.80763179E-23  5.68899321E-23  6.48517411E-23  7.22234967E-23
 7.92958107E-23  8.56532201E-23  9.16305860E-23  9.67251686E-23  1.01543486E-22
 1.06358265E-22  1.11049805E-22  1.15502412E-22  1.19318486E-22  1.22337011E-22
 1.24512496E-22  1.24653533E-22  1.21713001E-22  1.13339633E-22  1.00960617E-22
 7.98735460E-23  5.96465864E-23  5.54123728E-23  3.76529503E-23  4.17079146E-23
 2.44847909E-23  2.65570087E-23  1.36521791E-23 -3.12633452E-23 -2.04950460E-24
-4.19002125E-24 -9.76404089E-24 -2.92097330E-23 -4.89887717E-23 -6.14621311E-23
-7.33167686E-23 -8.91858409E-23 -1.05926538E-22 -1.34837965E-22 -1.72862529E-22
-2.04517416E-22 -2.55158054E-22 -3.40482119E-22 -4.52712870E-22 -6.15480275E-22
-8.68422743E-22 -1.20544911E-21 -1.54367013E-21 -1.65136209E-21 -1.43612872E-21
-1.02954621E-21 -5.89529130E-22 -2.40164774E-22 -1.18096653E-24  1.44992786E-22
 2.25582990E-22  2.75672475E-22  3.11661719E-22  3.55972047E-22  4.15328561E-22
 4.83647888E-22  4.75946324E-22  4.56826458E-23  1.27164114E-25  1.65627572E-28
 1.44735348E-31  9.52263953E-35  5.02303941E-38  2.21170740E-41  8.35403193E-45
 0.00000000E+00
C   
 0.00000000E+00  1.04489840-111  1.35531581-103  1.75794663E-95  2.28018248E-87
 2.95755049E-79  3.83584900E-71  4.92925409E-63  5.09335443E-55  1.65644283E-47
 6.39872836E-41  3.66335574E-37  4.82371557E-35  2.04764655E-33  5.44531141E-32
 1.17576729E-30  2.29261932E-29  4.29737639E-28  7.91471127E-27  1.34155617E-25
 1.87636847E-24  2.03214760E-23  1.73069034E-22  1.24931374E-21  8.37622744E-21
 5.61998955E-20  3.96198867E-19  2.94681618E-18  2.26559947E-17  1.78600427E-16
 1.43630122E-15  1.17180208E-14  9.63507799E-14  7.91945800E-13  6.46284684E-12
 5.22534618E-11  4.20725580E-10  3.39477465E-09  2.90114902E-08  2.39844586E-07
 1.53639249E-06  4.96316820E-06  4.30797712E-06  1.00342274E-06  1.14964980E-07
 1.13289658E-08  1.14289589E-09  1.22383411E-10  1.40956527E-11  1.74934757E-12
 2.33109185E-13  3.31080954E-14  4.95746191E-15  7.71727231E-16  1.22965384E-16
 1.98728149E-17  3.23498574E-18  5.19153630E-19  7.95522756E-20  1.13568186E-20
 1.46848449E-21  1.64805390E-22  1.53658257E-23  1.14841668E-24  6.76966335E-26
 3.17204936E-27  1.19685127E-28  3.51348563E-30  6.79259499E-32  5.67026369E-34
 7.58954987E-37  8.66791630E-42  2.18683039E-49  1.28662975E-57  6.95607320E-66
 3.75900530E-74  2.03133019E-82  1.09770901E-90  5.93188959E-99  3.20551645-107
 0.00000000E+00
 0.00000000E+00 -2.79119987-127 -3.62299658-119 -4.68751518-111 -6.08535453-103
-7.90168268E-95 -1.03548457E-86 -1.31795853E-78 -1.32826948E-70 -4.35610962E-63
-2.12390930E-57  8.48091700E-53  1.26248150E-50  5.94737837E-49  1.48051149E-47
 3.03140292E-46  4.95565445E-45  7.95141664E-44  1.17437273E-42  1.27027776E-41
 1.61971068E-40  3.23543003E-39  3.31991312E-38  2.48989763E-37  1.77588758E-36
 1.16160693E-35  8.67902362E-35  6.97647415E-34  5.72441611E-33  4.50516040E-32
 3.65695492E-31  2.86646708E-30  2.30766998E-29  1.81426017E-28  1.32022814E-27
 8.70399379E-27  4.66840307E-26  9.97664005E-26 -2.12336919E-24 -3.04061799E-23
-1.46903232E-22  4.73453298E-22  1.75379108E-21  6.50583696E-22  8.99944668E-23
 9.58697147E-24  9.84284129E-25  1.04541007E-25  1.15079035E-26  1.32560838E-27
 1.64997475E-28  2.13733117E-29  2.73634400E-30  2.18187254E-31 -1.06491340E-31
-1.15223530E-31 -7.73829433E-32 -4.17166525E-32 -1.81967793E-32 -6.31886403E-33
-1.71941376E-33 -3.59584298E-34 -5.68256157E-35 -6.71072323E-36 -5.93462771E-37
-4.00926274E-38 -2.10655593E-39 -8.30820709E-41 -2.07676086E-42 -2.16471289E-44
-3.65478092E-47 -8.39439178E-52 -8.91513996E-60 -5.20456449E-68 -2.81376934E-76
-1.52054733E-84 -8.21694629E-93 -4.44037805-101 -2.39954280-109 -1.29669005-117
 0.00000000E+00
CH  
 0.00000000E+00  3.97814101-105  3.45892510E-96  3.32139966E-87  3.18912623E-78
 3.06066701E-69  2.93164596E-60  2.77107003E-51  2.02223565E-42  2.54443586E-34
 5.32386890E-29  1.60661205E-26  3.89774485E-25  4.31741331E-24  3.38313501E-23
 2.24275791E-22  1.36561401E-21  8.03494984E-21  4.69146626E-20  2.66839892E-19
 1.41438852E-18  6.77918362E-18  2.94030308E-17  1.18832971E-16  4.66771197E-16
 1.85001534E-15  7.59257699E-15  3.22070894E-14  1.38890201E-13  6.05141745E-13
 2.65290880E-12  1.16429849E-11  5.08288084E-11  2.18932658E-10  9.22792980E-10
 3.77959767E-09  1.49617072E-08  5.68688224E-08  2.18385799E-07  8.23110742E-07
 2.58609579E-06  4.58061759E-06  2.99477033E-06  7.52785329E-07  1.12732815E-07
 1.55264358E-08  2.22790250E-09  3.39147166E-10  5.52433610E-11  9.66078206E-12
 1.81383389E-12  3.64450386E-13  7.78645918E-14  1.75294737E-14  4.11629103E-15
 1.00322208E-15  2.52858826E-16  6.49303400E-17  1.66037680E-17  4.15461693E-18
 9.96949848E-19  2.22778966E-19  4.50498568E-20  8.06345970E-21  1.26543059E-21
 1.74691765E-22  2.12696189E-23  2.21988896E-24  1.77991434E-25  8.37807658E-27
 1.23304523E-28  8.69611754E-32  2.23993421E-37  2.02130752E-45  5.57071096E-54
 1.06537435E-62  1.86838626E-71  3.23754011E-80  5.60452219E-89  9.70151689E-98
 0.00000000E+00
 0.00000000E+00  2.32946962-112  1.74564764-105  9.72091921E-99  4.17121022E-92
 3.23889352E-84  2.52089307E-75  2.17896256E-66  2.75237339E-57 -2.90696344E-49
-9.31432172E-46  2.12520451E-42  5.98781699E-41  7.62737361E-40  5.68322700E-39
 3.67020308E-38  1.92377747E-37  1.06271477E-36  5.25856039E-36  2.24268832E-35
 1.09902788E-34  8.20354395E-34  4.16824876E-33  1.73292662E-32  6.97098184E-32
 2.73937863E-31  1.16230667E-30  5.28415574E-30  2.45250285E-29  1.05651997E-28
 4.57612497E-28  1.89780507E-27  8.00625387E-27  3.26451937E-26  1.22107974E-25
 4.14547410E-25  1.08478201E-24  1.29873068E-24 -1.14480471E-23 -8.55265753E-23
-2.04388514E-22  3.49734329E-22  9.14087296E-22  3.61339414E-22  6.44945361E-23
 9.34732114E-24  1.33153376E-24  1.92283433E-25  2.85322596E-26  4.28151235E-27
 6.76053620E-28  1.04349496E-28  1.27772516E-29 -2.47528484E-30 -5.61865986E-30
-6.50187767E-30 -6.35020098E-30 -5.38522629E-30 -3.90012408E-30 -2.37265016E-30
-1.20105492E-30 -5.02799608E-31 -1.73784786E-31 -4.97370144E-32 -1.18927406E-32
-2.40938445E-33 -4.16403355E-34 -5.97629532E-35 -6.41588984E-36 -4.00680200E-37
-8.33538218E-39 -1.43946209E-41 -2.29856580E-46 -1.77243721E-54 -3.18112380E-63
-4.40686323E-72 -7.02651195E-81 -1.20153737E-89 -1.85272279E-98  2.76701711-106
 0.00000000E+00
CH2 
 0.00000000E+00  1.09297435E-67  5.50662311E-61  2.33216861E-54  7.80484065E-48
 1.89607200E-41  2.98686285E-35  2.52930576E-29  6.50392855E-24  2.84533405E-19
 1.85801172E-16  3.15306756E-15  1.40075469E-14  3.96533761E-14  8.93934081E-14
 1.77628556E-13  3.30097439E-13  5.96986335E-13  1.08422764E-12  2.03383827E-12
 4.02447150E-12  8.43409877E-12  1.84638124E-11  4.15358543E-11  9.53283826E-11
 2.23357510E-10  5.35942501E-10  1.30686841E-09  3.19793024E-09  7.82003143E-09
 1.90587425E-08  4.61267175E-08  1.10327556E-07  2.59150338E-07  5.93737388E-07
 1.31780178E-06  2.81383999E-06  5.72611930E-06  1.12838414E-05  2.07216036E-05
 3.11325527E-05  2.87137070E-05  1.23232351E-05  2.65588211E-06  4.11810537E-07
 6.43214364E-08  1.09439186E-08  2.03550436E-09  4.15036395E-10  9.28607432E-11
 2.27828769E-11  6.11192638E-12  1.78371513E-12  5.62510669E-13  1.90373847E-13
 6.89645791E-14  2.66919237E-14  1.09292939E-14  4.66469371E-15  2.05110997E-15
 9.16958881E-16  4.09687406E-16  1.80245517E-16  7.72982384E-17  3.21616265E-17
 1.29523978E-17  5.01712794E-18  1.83494592E-18  6.03820502E-19  1.59347271E-19
 2.52303003E-20  8.32602408E-22  3.23549471E-25  1.24083668E-30  1.50739844E-36
 9.66312008E-43  3.90449296E-49  1.10915638E-55  2.39603353E-62  4.19010075E-69
 0.00000000E+00
 0.00000000E+00  1.57156117E-68  4.10942601E-65  9.18821737E-62  1.70770961E-58
 5.14894803E-55  4.68756311E-49  3.69232498E-43  5.21321167E-38 -1.46428478E-34
-6.42740541E-33  1.19880987E-31  6.85890175E-31  2.73753467E-30  6.36047549E-30
 1.36867262E-29  2.43021872E-29  4.90111717E-29  8.42933861E-29  1.52076881E-28
 3.02631909E-28  7.37285672E-28  1.77320192E-27  4.09187446E-27  9.02316438E-27
 2.06796157E-26  5.04556257E-26  1.30800331E-25  3.50269422E-25  8.35208174E-25
 1.90872950E-24  4.45999978E-24  1.05476056E-23  2.29938875E-23  4.78779205E-23
 8.94444575E-23  1.44495646E-22  1.65755614E-22 -6.65657654E-23 -3.15606256E-22
 9.29179696E-22  4.57874698E-21  4.04233692E-21  1.16122709E-21  1.96793148E-22
 3.02119623E-23  4.68554887E-24  7.42350287E-25  1.15743362E-25  1.65357034E-26
 1.57160155E-27 -3.23557645E-28 -3.79058172E-28 -3.15193573E-28 -3.50340349E-28
-4.85214810E-28 -6.89759551E-28 -9.19537883E-28 -1.10866915E-27 -1.18727658E-27
-1.12408644E-27 -9.46101319E-28 -7.16379871E-28 -4.95349303E-28 -3.17115397E-28
-1.89395278E-28 -1.05269798E-28 -5.36116087E-29 -2.40369813E-29 -8.64823115E-30
-2.01450537E-30 -1.62415299E-31 -4.56767258E-34 -2.47157936E-39 -3.53377443E-45
-2.49002800E-51 -1.06685866E-57 -2.73732129E-64  1.82323034E-68  7.04622082E-72
 0.00000000E+00
CH2(
 0.00000000E+00 -3.73704922E-71  2.20362500E-66  1.40879503E-59  6.21107655E-53
 1.85730301E-46  4.03458185E-40  3.08953310E-33  4.11688131E-26  1.26179971E-20
 9.59557901E-18  1.75432123E-16  8.33873371E-16  2.51310334E-15  5.97712885E-15
 1.23754096E-14  2.36068012E-14  4.30262280E-14  7.68024669E-14  1.36441648E-13
 2.43191596E-13  4.37342502E-13  8.04682136E-13  1.55001724E-12  3.19037606E-12
 7.07487718E-12  1.68275662E-11  4.19933450E-11  1.06996063E-10  2.74328179E-10
 7.01853784E-10  1.78146067E-09  4.46499574E-09  1.09946392E-08  2.64550912E-08
 6.18405087E-08  1.39511712E-07  3.01009300E-07  6.35056849E-07  1.27347616E-06
 2.15938190E-06  2.35010070E-06  1.21364228E-06  2.94670693E-07  4.69782276E-08
 7.20460729E-09  1.18696328E-09  2.13213999E-10  4.20558028E-11  9.12625957E-12
 2.17510162E-12  5.66717033E-13  1.60356769E-13  4.89228889E-14  1.59931422E-14
 5.59714469E-15  2.09731026E-15  8.34035176E-16  3.46684869E-16  1.48636042E-16
 6.46915451E-17  2.80232664E-17  1.18880215E-17  4.88303079E-18  1.92465293E-18
 7.18694176E-19  2.48316368E-19  7.60303043E-20  1.89090787E-20  3.15930875E-21
 2.24311636E-22  2.17715075E-24  7.45663344E-28  2.76669302E-33  3.14565157E-39
 1.82771613E-45  6.43481587E-52  1.51845986E-58  2.56811775E-65  3.24177184E-72
 0.00000000E+00
 0.00000000E+00  6.77771268E-70  1.77228323E-66  3.96262770E-63  7.36150805E-60
 1.08901150E-56  1.04392642E-53 -1.96695440E-48 -3.84118414E-41 -9.25825878E-36
-4.88449984E-34  5.07813026E-33  3.34496542E-32  1.51376555E-31  3.60342239E-31
 7.92902161E-31  1.41028539E-30  2.93638419E-30  4.94726312E-30  8.24159088E-30
 1.44552028E-29  2.87072214E-29  5.14067644E-29  8.52006254E-29  1.41884092E-28
 2.48265984E-28  6.42180463E-28  2.00667286E-27  6.95867915E-27  1.86706364E-26
 4.86422824E-26  1.33712076E-25  3.48752001E-25  8.64109993E-25  2.01444873E-24
 4.28251680E-24  7.87287236E-24  1.09315563E-23 -4.52805891E-25 -2.20379024E-23
 4.30148658E-23  3.27874395E-22  3.80345567E-22  1.34289390E-22  2.44379252E-23
 3.79658507E-24  5.85101947E-25  9.29239819E-26  1.47905051E-26  2.32415495E-27
 3.26007131E-28  1.56479728E-29 -2.08561788E-29 -2.34027105E-29 -2.63531220E-29
-3.19797849E-29 -3.73418719E-29 -3.95139088E-29 -3.70442477E-29 -3.05979937E-29
-2.24100601E-29 -1.47259785E-29 -8.80447277E-30 -4.85359220E-30 -2.49044397E-30
-1.19113140E-30 -5.25088065E-31 -2.07092767E-31 -6.83330420E-32 -1.62626194E-32
-2.01597385E-33 -6.93065892E-35 -1.85366915E-37 -1.00319173E-42 -1.37162412E-48
-8.91832993E-55 -3.34881448E-61  1.77946446E-66  8.38583594E-70  3.22863417E-73
 0.00000000E+00
CH3 
 0.00000000E+00  3.24903888E-33  9.24188126E-30  2.28005311E-26  4.76636776E-23
 8.16882244E-20  1.09228909E-16  1.03968590E-13  4.89025538E-11  3.79173569E-09
 3.84040104E-08  1.21757702E-07  2.47590736E-07  4.34771562E-07  7.07586429E-07
 1.09831270E-06  1.65095100E-06  2.42623638E-06  3.50902221E-06  5.01947396E-06
 7.12978458E-06  1.00870437E-05  1.42468981E-05  2.01248464E-05  2.84646949E-05
 4.03390788E-05  5.73132345E-05  8.13667961E-05  1.14897053E-04  1.61180455E-04
 2.24394451E-04  3.09472808E-04  4.21672210E-04  5.65440976E-04  7.42356039E-04
 9.47535532E-04  1.16435678E-03  1.35897635E-03  1.48554308E-03  1.45717557E-03
 1.15868835E-03  6.05916893E-04  1.71533823E-04  2.79439791E-05  3.67337286E-06
 5.36171719E-07  9.18286021E-08  1.81850358E-08  4.11314622E-09  1.05015496E-09
 2.99617356E-10  9.47556238E-11  3.30162873E-11  1.26206311E-11  5.27933461E-12
 2.41938434E-12  1.21441547E-12  6.61779436E-13  3.85682032E-13  2.36615895E-13
 1.50003435E-13  9.62940838E-14  6.15237411E-14  3.85843947E-14  2.34746795E-14
 1.36841938E-14  7.51910123E-15  3.79796163E-15  1.68145014E-15  5.89590381E-16
 1.29305586E-16  1.05457301E-17  1.95094246E-19  3.75869619E-22  4.00558347E-25
 3.05077724E-28  1.80822143E-31  8.77189657E-35  3.60153706E-38  1.28136544E-41
 0.00000000E+00
 0.00000000E+00 -2.42195516E-47 -6.31137172E-44 -1.40581713E-40 -2.60122777E-37
-3.82971238E-34 -4.19931670E-31 -2.98359279E-28 -8.20094407E-26 -1.26011872E-24
-2.52126468E-24 -4.82224276E-24 -8.94740061E-24 -1.50372936E-23 -2.45089391E-23
-3.80192437E-23 -5.64920192E-23 -7.75006290E-23 -1.09215880E-22 -1.52929595E-22
-1.96560634E-22 -2.31901960E-22 -2.55002886E-22 -2.50207892E-22 -2.91468058E-22
-2.14394509E-22  9.69369461E-23  8.67083763E-22  2.17753338E-21  3.88430446E-21
 6.16849581E-21  9.81300300E-21  1.52455244E-20  2.20037164E-20  2.97626076E-20
 3.89161432E-20  4.88445119E-20  5.99568396E-20  6.23791654E-20  9.01736662E-20
 1.32889572E-19  1.33875472E-19  6.00704393E-20  1.15712409E-20  1.52568431E-21
 1.97030937E-22  2.62420358E-23  3.43696655E-24  3.05321661E-25 -5.06239753E-26
-5.39859333E-26 -3.08565036E-26 -1.71323207E-26 -1.14931667E-26 -1.11199309E-26
-1.42660600E-26 -1.97846156E-26 -2.65428581E-26 -3.32133179E-26 -3.83991640E-26
-4.10850391E-26 -4.09100186E-26 -3.81099288E-26 -3.33420206E-26 -2.74465738E-26
-2.12306159E-26 -1.53411326E-26 -1.02242998E-26 -6.11431468E-27 -3.09498167E-27
-1.19630966E-27 -3.39407284E-28 -5.29391584E-29 -1.60602861E-31 -2.19787540E-34
-1.99020034E-37 -1.34658966E-40 -7.27201827E-44 -3.26738402E-47 -1.25641704E-50
 0.00000000E+00
CH4 
 1.55521922E-01  1.55521922E-01  1.55521922E-01  1.55521922E-01  1.55521922E-01
 1.55521922E-01  1.55521922E-01  1.55521919E-01  1.55520578E-01  1.55417777E-01
 1.54507469E-01  1.52700932E-01  1.50493074E-01  1.47814176E-01  1.44671191E-01
 1.41096677E-01  1.37128609E-01  1.32803631E-01  1.28154955E-01  1.23212322E-01
 1.18002609E-01  1.12550731E-01  1.06874997E-01  1.00985537E-01  9.48961900E-02
 8.86292544E-02  8.22067396E-02  7.57192572E-02  6.92687954E-02  6.28755001E-02
 5.65410255E-02  5.02693778E-02  4.40678640E-02  3.79497287E-02  3.19335241E-02
 2.60561744E-02  2.04038944E-02  1.51573528E-02  1.03303544E-02  6.16737561E-03
 2.95756494E-03  1.00607192E-03  2.31739143E-04  3.90737936E-05  6.07937053E-06
 1.09236210E-06  2.30683901E-07  5.58291383E-08  1.52697535E-08  4.67439386E-09
 1.59110508E-09  5.99742507E-10  2.49780898E-10  1.14857865E-10  5.83455570E-11
 3.28313421E-11  2.04671853E-11  1.40223981E-11  1.04122591E-11  8.24408956E-12
 6.83150370E-12  5.81878298E-12  5.02218348E-12  4.34574269E-12  3.73929253E-12
 3.17633515E-12  2.64226852E-12  2.12791298E-12  1.62353526E-12  1.11742056E-12
 6.10925306E-13  1.51625944E-13  3.00850024E-15  5.79652078E-18  6.17726135E-21
 4.70479480E-24  2.78857161E-27  1.35276915E-30  5.55415605E-34  1.97607396E-37
 0.00000000E+00
 0.00000000E+00 -2.86985132E-31 -8.16358543E-28 -2.01403058E-24 -4.21026327E-21
 1.33822500E-20 -2.17737201E-20  2.20233281E-20 -2.63924938E-21  8.54460879E-20
 1.49252972E-19  2.36153358E-19  2.82196917E-19  3.47099950E-19  3.99596290E-19
 4.69379174E-19  5.64108666E-19  6.41185396E-19  7.83804857E-19  8.85139122E-19
 9.41288271E-19  1.04351304E-18  1.04363725E-18  1.07718247E-18  1.13445695E-18
 1.20635134E-18  1.17086318E-18  1.15987707E-18  1.10229874E-18  1.07014462E-18
 1.07909917E-18  1.08176115E-18  1.06637213E-18  1.00509195E-18  9.91417882E-19
 9.59080673E-19  8.88421830E-19  8.45511753E-19  7.44664963E-19  6.33517329E-19
 4.42981556E-19  2.10989259E-19  5.95636493E-20  9.75193151E-21  1.25457133E-21
 1.42494816E-22  8.31190703E-24 -3.81879854E-24 -2.86095935E-24 -1.49318039E-24
-7.30074903E-25 -3.69107831E-25 -2.06960879E-25 -1.46213110E-25 -1.53739072E-25
-2.27234347E-25 -3.80427551E-25 -6.32878589E-25 -1.00219999E-24 -1.49304529E-24
-2.09513186E-24 -2.79100178E-24 -3.55864307E-24 -4.37428043E-24 -5.21432258E-24
-6.05711340E-24 -6.88329411E-24 -7.67415535E-24 -8.40879369E-24 -9.03969929E-24
-9.37579422E-24 -8.37429282E-24 -1.52149328E-24 -4.57933825E-27 -6.23047780E-30
-5.61557263E-33 -3.78483768E-36 -2.03714298E-39 -9.12644677E-43 -3.50035401E-46
 0.00000000E+00
CO  
 0.00000000E+00  3.15859047E-29  8.98492695E-26  2.21666121E-22  4.63385162E-19
 7.94171498E-16  1.06192240E-12  1.01078288E-09  4.75434879E-07  3.68569183E-05
 3.59018139E-04  9.98363591E-04  1.77974639E-03  2.72784423E-03  3.84020081E-03
 5.10529970E-03  6.50970939E-03  8.04046939E-03  9.68583558E-03  1.14352920E-02
 1.32793348E-02  1.52091530E-02  1.72182713E-02  1.93031119E-02  2.14587872E-02
 2.36774123E-02  2.59511886E-02  2.82479869E-02  3.05315704E-02  3.27945405E-02
 3.50357857E-02  3.72528529E-02  3.94411411E-02  4.15921074E-02  4.36919393E-02
 4.57142447E-02  4.76051116E-02  4.92637629E-02  5.06132640E-02  5.14335050E-02
 5.13008249E-02  4.92956156E-02  4.43557571E-02  3.70478501E-02  2.97897231E-02
 2.41389448E-02  1.98167996E-02  1.64197410E-02  1.37098083E-02  1.15285471E-02
 9.76369503E-03  8.33133766E-03  7.16590345E-03  6.21433574E-03  5.43294251E-03
 4.78810834E-03  4.25163555E-03  3.79639340E-03  3.40009172E-03  3.04844586E-03
 2.73064454E-03  2.43710575E-03  2.16113438E-03  1.89849969E-03  1.64677269E-03
 1.40446764E-03  1.17037296E-03  9.43055857E-04  7.19469769E-04  4.94997229E-04
 2.70488331E-04  6.71001541E-05  1.33135541E-06  2.56514164E-09  2.73363125E-12
 2.08201877E-15  1.23403011E-18  5.98642638E-22  2.45788767E-25  8.74474497E-29
 0.00000000E+00
 0.00000000E+00  3.10562416E-43  7.78695796E-40  1.65808687E-36  2.90568631E-33
 3.99606378E-30  3.98704688E-27  2.44794074E-24  4.83786626E-22 -4.36844770E-21
 8.45432148E-21  5.10126500E-20  1.00622979E-19  1.61282737E-19  2.26161779E-19
 3.00191606E-19  3.80800101E-19  4.64036418E-19  5.53993537E-19  6.34821489E-19
 7.48302696E-19  8.69062990E-19  1.01101183E-18  1.13466479E-18  1.26008501E-18
 1.39840821E-18  1.55519434E-18  1.73563644E-18  1.91358449E-18  2.06047994E-18
 2.21194853E-18  2.37432394E-18  2.54279618E-18  2.69068516E-18  2.83542669E-18
 2.99502393E-18  3.15768738E-18  3.30602750E-18  3.26664429E-18  3.45629321E-18
 3.80291131E-18  4.24621743E-18  4.72586696E-18  4.68279650E-18  4.21213340E-18
 3.63963660E-18  3.08958596E-18  2.62130436E-18  2.17980776E-18  1.79478044E-18
 1.45616053E-18  1.15258263E-18  8.89048070E-19  6.70578260E-19  4.93812696E-19
 3.52294552E-19  2.41418788E-19  1.63424909E-19  1.07014701E-19  6.39189902E-20
 3.69238000E-20  1.92667180E-20  1.04672282E-20  8.08571161E-21  9.00233838E-21
 1.32979522E-20  2.17374640E-20  3.41419496E-20  5.13673059E-20  7.57995507E-20
 1.03059412E-19  1.08893804E-19  1.12920080E-20  3.17409422E-23  4.15579470E-26
 3.64392934E-29  2.40336295E-32  1.27037526E-35  5.60326681E-39  2.11974738E-42
 0.00000000E+00
HCO 
 0.00000000E+00  3.12450457E-59  1.80064644E-55  2.31444383E-50  5.70244644E-45
 1.44662081E-39  4.12455848E-34  1.40749305E-28  4.81088674E-23  7.66160590E-18
 5.25578969E-15  7.84536586E-14  3.11182393E-13  8.03683526E-13  1.69259665E-12
 3.24725965E-12  6.13258843E-12  1.20811716E-11  2.53773827E-11  5.54931550E-11
 1.20952723E-10  2.55053701E-10  5.18710393E-10  1.03738354E-09  2.09119072E-09
 4.29487792E-09  8.92436774E-09  1.83546233E-08  3.65969452E-08  7.01916409E-08
 1.29114902E-07  2.27545421E-07  3.84340802E-07  6.22958028E-07  9.71266770E-07
 1.46291899E-06  2.14704182E-06  3.12314311E-06  4.71777101E-06  7.64429777E-06
 1.26634954E-05  1.66186974E-05  1.14642167E-05  3.69652185E-06  7.85326813E-07
 1.82125689E-07  6.32795872E-08  3.37815619E-08  2.25722000E-08  1.62646447E-08
 1.19509794E-08  8.78876385E-09  6.41597864E-09  4.62089539E-09  3.26108770E-09
 2.24051332E-09  1.48873953E-09  9.47196255E-10  5.69948922E-10  3.21311642E-10
 1.68159535E-10  8.05818098E-11  3.48140585E-11  1.33669864E-11  4.52228764E-12
 1.34880881E-12  3.55547584E-13  8.11515741E-14  1.47111434E-14  1.70245745E-15
 7.47844497E-17  2.36920290E-19  4.27318805E-24  1.11361126E-29  1.27482482E-35
 7.54174193E-42  2.82005531E-48  1.02452133E-54  1.15912635E-60  3.32866875E-66
 0.00000000E+00
 0.00000000E+00  6.22093170E-73  1.77526316E-69  5.18884408E-65  1.20310913E-59
 3.09364253E-54  9.78488651E-49  3.40623273E-43  1.00216862E-38 -1.75961340E-33
 3.97026764E-31  9.55972614E-30  3.83663720E-29  1.08589873E-28  2.19203617E-28
 4.26883041E-28  7.38324458E-28  1.38298388E-27  2.62795293E-27  5.07172751E-27
 1.01781683E-26  2.19413856E-26  4.06147388E-26  7.13928051E-26  1.17641171E-25
 1.95861107E-25  4.46516945E-25  1.13752390E-24  2.69428004E-24  5.58258940E-24
 1.03531352E-23  1.87360421E-23  3.20745208E-23  5.05948924E-23  7.04400930E-23
 8.77882157E-23  7.78569793E-23  2.98209388E-23 -1.93551668E-22 -6.89475435E-22
-1.30999541E-21 -3.35640457E-22  1.69261778E-21  1.04984744E-21  2.65220279E-22
 5.48411275E-23  1.44719644E-23  6.51954333E-24  4.37149506E-24  3.11049512E-24
 2.46218229E-24  1.93033437E-24  1.48844323E-24  1.16343702E-24  9.15244973E-25
 7.18777669E-25  5.54067271E-25  4.13919365E-25  2.97341402E-25  1.96841364E-25
 1.20436384E-25  6.67899740E-26  3.27000789E-26  1.40218234E-26  5.11585526E-27
 1.55458829E-27  3.93544454E-28  7.85661129E-29  8.31812599E-30 -1.87143524E-30
-1.11567991E-30 -1.40868068E-31 -6.39209112E-34 -3.53263353E-39 -4.97414355E-45
-3.57494604E-51 -2.29062673E-57 -3.24602145E-63 -8.19501841E-69 -2.29277810E-74
 0.00000000E+00
CH2O
 0.00000000E+00  4.73435262E-31  1.34673402E-27  3.32251234E-24  6.94559416E-21
 1.19036891E-17  1.59169572E-14  1.51504329E-11  7.12618304E-09  5.52405232E-07
 5.37496925E-06  1.49020412E-05  2.64889952E-05  4.04836343E-05  5.68214970E-05
 7.52990329E-05  9.56795871E-05  1.17728077E-04  1.41220743E-04  1.65941350E-04
 1.91668456E-04  2.18157670E-04  2.45156167E-04  2.72408630E-04  2.99596076E-04
 3.26298335E-04  3.52000993E-04  3.75806703E-04  3.96721855E-04  4.13965830E-04
 4.26677196E-04  4.33866797E-04  4.34507383E-04  4.27707600E-04  4.12967621E-04
 3.90509163E-04  3.61726034E-04  3.29658458E-04  2.96735985E-04  2.65275083E-04
 2.29617076E-04  1.65060182E-04  7.40838204E-05  1.88995879E-05  3.52139678E-06
 6.56472692E-07  1.33831011E-07  3.02345899E-08  7.62272203E-09  2.15157495E-09
 6.82012643E-10  2.44010529E-10  9.92128336E-11  4.60934257E-11  2.44456568E-11
 1.46550565E-11  9.72855393E-12  6.94752765E-12  5.18388895E-12  3.94614146E-12
 3.00900316E-12  2.27128591E-12  1.69243045E-12  1.25080991E-12  9.23483953E-13
 6.83431031E-13  5.04965655E-13  3.67902399E-13  2.57643613E-13  1.64274240E-13
 8.34919926E-14  1.94540712E-14  3.85288393E-16  7.42341489E-19  7.91101807E-22
 6.02527805E-25  3.57123318E-28  1.73244757E-31  7.11302745E-35  2.53069380E-38
 0.00000000E+00
 0.00000000E+00  9.52720046E-45  2.42228901E-41  5.24642741E-38  9.38955237E-35
 1.32769315E-31  1.37857342E-28  9.06701176E-26  2.13549107E-23  1.03637754E-22
 2.92526996E-22  6.70115743E-22  1.07587297E-21  1.49043266E-21  1.94323804E-21
 2.40608336E-21  2.84013817E-21  3.34281210E-21  3.75949173E-21  4.13602121E-21
 4.68637836E-21  5.34217326E-21  6.11359621E-21  7.02383311E-21  7.17029989E-21
 7.97991320E-21  8.40943857E-21  8.86396874E-21  9.32834208E-21  9.16390685E-21
 8.60016606E-21  7.79054884E-21  6.39096860E-21  4.79885164E-21  2.85438817E-21
 4.34804258E-22 -1.86206424E-21 -4.10613176E-21 -6.64423160E-21 -6.82377057E-21
-2.70839224E-21  8.95426607E-21  1.30587230E-20  4.89849626E-21  1.01483752E-21
 1.73114474E-22  2.67462160E-23  3.41104675E-24  2.50823109E-26 -2.54938966E-25
-1.66000265E-25 -9.05408426E-26 -5.05295430E-26 -3.44382239E-26 -3.39785835E-26
-4.60207959E-26 -6.99329183E-26 -1.05180228E-25 -1.49906336E-25 -1.99992516E-25
-2.49886852E-25 -2.94410658E-25 -3.29640576E-25 -3.53623242E-25 -3.66701711E-25
-3.71209191E-25 -3.70487893E-25 -3.67792693E-25 -3.65774365E-25 -3.66375526E-25
-3.68945043E-25 -3.46942937E-25 -8.93263971E-26 -2.74955878E-28 -3.78319380E-31
-3.43561242E-34 -2.32878402E-37 -1.25919750E-40 -5.66294933E-44 -2.17916476E-47
 0.00000000E+00
CH2O
 0.00000000E+00  4.76855301E-71  3.51141870E-64  1.98536936E-57  8.21145956E-51
 2.33121562E-44  4.31275769E-38  8.21803220E-32  3.99166434E-25  1.13340085E-19
 7.70047463E-17  1.10545000E-15  4.21444239E-15  1.04703208E-14  2.12198200E-14
 3.90386479E-14  7.02634907E-14  1.33571556E-13  2.91454885E-13  7.47828075E-13
 2.05665113E-12  5.40761461E-12  1.30426588E-11  2.94295658E-11  6.44116901E-11
 1.40531287E-10  3.10159575E-10  6.90046607E-10  1.52992332E-09  3.36467894E-09
 7.31992641E-09  1.57131056E-08  3.32019950E-08  6.88777674E-08  1.39963627E-07
 2.78070868E-07  5.39233308E-07  1.01751658E-06  1.90856847E-06  3.46325909E-06
 5.40295571E-06  5.50245932E-06  2.69609308E-06  6.32164237E-07  1.00114296E-07
 1.55757565E-08  2.64148783E-09  4.93593995E-10  1.01777731E-10  2.30692027E-11
 5.71514224E-12  1.53839955E-12  4.47665538E-13  1.40316138E-13  4.72984823E-14
 1.72098593E-14  6.78205418E-15  2.87108510E-15  1.28186348E-15  5.91444696E-16
 2.75672154E-16  1.26954408E-16  5.69822642E-17  2.48095201E-17  1.04987830E-17
 4.33028612E-18  1.73372288E-18  6.61302474E-19  2.28591708E-19  6.35514644E-20
 1.04807452E-20  3.41649183E-22  1.37604294E-25  5.15859031E-31  5.96377514E-37
 3.54984049E-43  1.29133576E-49  3.17768773E-56  5.66129911E-63  7.66491478E-70
 0.00000000E+00
 0.00000000E+00 -4.03881810E-85  7.23357341E-79  2.16977422E-71  1.45648545E-64
 5.11755663E-58  9.34148482E-52  5.85702863E-46  2.78833375E-40  1.87582298E-34
 3.73023101E-32  3.58860118E-31  1.13117827E-30  2.60400494E-30  4.85423377E-30
 8.22347285E-30  1.33857312E-29  2.20722514E-29  3.68882843E-29  5.57585775E-29
 1.17088188E-28  4.02441249E-28  1.11244488E-27  2.58114525E-27  5.92146397E-27
 1.28608618E-26  2.88711488E-26  7.29480922E-26  1.76974204E-25  4.15759587E-25
 8.66233964E-25  1.80650418E-24  3.82080035E-24  7.81089916E-24  1.19761320E-23
 1.70200207E-23  2.82581152E-23  5.10551675E-24 -2.49382243E-23 -2.91528284E-22
 5.70687094E-24  4.60026560E-22  5.82480225E-22  2.43471796E-22  4.10955302E-23
 6.04869611E-24  8.75869085E-25  1.39609704E-25  2.10106335E-26  2.08901681E-27
-4.00589929E-29 -1.94257779E-28 -1.34361795E-28 -9.49828464E-29 -9.29606598E-29
-1.09481996E-28 -1.30569781E-28 -1.44150032E-28 -1.42817767E-28 -1.25767181E-28
-9.88463250E-29 -7.01521199E-29 -4.56722484E-29 -2.77753792E-29 -1.60783891E-29
-8.99552866E-30 -4.89437080E-30 -2.57338895E-30 -1.27225078E-30 -5.50974195E-31
-1.72880013E-31 -2.07326875E-32 -7.25149504E-35 -3.94632384E-40 -5.47598715E-46
-3.64483376E-52 -1.42873673E-58 -3.70302709E-65 -6.84133868E-72 -9.49694199E-79
 0.00000000E+00
CH3O
 0.00000000E+00  1.45812088E-41  1.32719245E-37  1.15799651E-33  9.66758750E-30
 7.70693761E-26  5.85324082E-22  4.18610514E-18  2.27601390E-14  3.20300369E-11
 2.48542327E-09  1.80341392E-08  4.89061626E-08  9.45269228E-08  1.51707780E-07
 2.14849868E-07  2.76895454E-07  3.29837690E-07  3.64927854E-07  3.73991382E-07
 3.53696177E-07  3.10718339E-07  2.60261926E-07  2.16541567E-07  1.86045972E-07
 1.69018016E-07  1.63694708E-07  1.68564706E-07  1.82615494E-07  2.05499005E-07
 2.37352303E-07  2.78220135E-07  3.27320653E-07  3.82179413E-07  4.37884145E-07
 4.86858041E-07  5.20099589E-07  5.30776387E-07  5.16488808E-07  4.75245846E-07
 3.99526421E-07  2.72899974E-07  1.18479469E-07  2.87702080E-08  5.03199098E-09
 8.88071275E-10  1.74019739E-10  3.82760936E-11  9.48048057E-12  2.64104891E-12
 8.25397427E-13  2.88718126E-13  1.12893127E-13  4.93666517E-14  2.42070991E-14
 1.33941127E-14  8.39894331E-15  5.94302948E-15  4.69113809E-15  4.06223144E-15
 3.77445692E-15  3.67475027E-15  3.66009330E-15  3.62660739E-15  3.44324982E-15
 2.99337303E-15  2.29184276E-15  1.50582557E-15  8.16380353E-16  3.22989369E-16
 6.12485371E-17  1.43270825E-18  1.08082590E-21  1.26686048E-25  1.29882711E-29
 1.28169525E-33  1.21974588E-37  1.12087388E-41  9.95773888E-46  8.56155730E-50
 0.00000000E+00
 0.00000000E+00 -3.29733523E-57 -3.52397973E-53 -3.47703590E-49 -3.18083138E-45
-2.71717238E-41 -2.20170539E-37 -1.61890641E-33 -8.70917792E-30 -8.88031872E-27
 4.33788534E-26  1.20988021E-24  3.98752844E-24  8.58489369E-24  1.46035084E-23
 2.14717565E-23  2.87742261E-23  3.61929327E-23  4.13021421E-23  4.53346688E-23
 4.69158115E-23  4.06700053E-23  3.48224180E-23  3.12901888E-23  2.41295895E-23
 2.31855289E-23  1.52424821E-23  1.51217533E-23  2.09421418E-23  2.48942035E-23
 1.65850552E-23  1.66565214E-23  2.93580348E-23  4.11515790E-23  2.86784101E-23
 2.08619334E-23  2.95220208E-23  1.14142780E-23 -9.56289577E-24 -2.88341350E-23
 1.29333678E-24  1.48935858E-23  1.99978642E-23  9.62397303E-24  1.40136477E-24
 2.14990795E-25  2.96141608E-26  3.20990875E-27 -2.57121044E-28 -5.13264644E-28
-2.72752990E-28 -1.52885011E-28 -8.31709106E-29 -6.07220766E-29 -6.47760794E-29
-9.79707544E-29 -1.70476428E-28 -2.96938388E-28 -4.97415269E-28 -7.94130664E-28
-1.21390338E-27 -1.79051004E-27 -2.55195453E-27 -3.47366920E-27 -4.38906039E-27
-4.95003581E-27 -4.83670126E-27 -4.04482118E-27 -2.84181293E-27 -1.54393788E-27
-4.85935525E-28 -3.61190165E-29 -1.07087420E-31 -1.32683841E-35 -1.41024912E-39
-1.44329202E-43 -1.42483866E-47 -1.35814265E-51 -1.25112858E-55 -1.11487679E-59
 0.00000000E+00
CH3O
 0.00000000E+00  4.65412847E-32  1.32391346E-28  3.26621198E-25  6.82790027E-22
 1.17019798E-18  1.56472431E-15  1.48937110E-12  7.00545077E-10  5.43080319E-08
 5.29005507E-07  1.47096685E-06  2.62189279E-06  4.01779911E-06  5.65433351E-06
 7.51288072E-06  9.56997393E-06  1.17989919E-05  1.41690089E-05  1.66431274E-05
 1.91787774E-05  2.17314698E-05  2.42628807E-05  2.67439860E-05  2.91471601E-05
 3.14395825E-05  3.35817751E-05  3.55034234E-05  3.71283265E-05  3.83965559E-05
 3.92375812E-05  3.95642556E-05  3.92769536E-05  3.82745695E-05  3.64740592E-05
 3.38420616E-05  3.04448514E-05  2.65043536E-05  2.21137256E-05  1.73506309E-05
 1.19995811E-05  6.21107481E-06  2.01806354E-06  4.15819459E-07  7.02496610E-08
 1.28156791E-08  2.67418680E-09  6.36756355E-10  1.72682907E-10  5.31346021E-11
 1.84697037E-11  7.22253531E-12  3.16673453E-12  1.55356993E-12  8.52528919E-13
 5.24474421E-13  3.61646650E-13  2.77063089E-13  2.31784693E-13  2.06658103E-13
 1.90976431E-13  1.78542902E-13  1.66062040E-13  1.52119939E-13  1.36443633E-13
 1.19321852E-13  1.01209326E-13  8.25053851E-14  6.33684229E-14  4.37117551E-14
 2.38615478E-14  5.89849143E-15  1.17022087E-16  2.25468123E-19  2.40277844E-22
 1.83003096E-25  1.08467480E-28  5.26188610E-32  2.16040826E-35  7.68636396E-39
 0.00000000E+00
 0.00000000E+00  3.42726568E-45  8.81240599E-42  1.93383832E-38  3.51721507E-35
 5.07668097E-32  5.42152780E-29  3.72296692E-26  9.64477557E-24  1.16686104E-22
 2.43844672E-22  3.66603548E-22  4.84715175E-22  6.14772591E-22  7.53017495E-22
 8.99576924E-22  1.05099071E-21  1.22139119E-21  1.38133220E-21  1.54912743E-21
 1.72901949E-21  1.90238361E-21  2.07642991E-21  2.23015470E-21  2.34898425E-21
 2.43432866E-21  2.51752912E-21  2.58680556E-21  2.60393314E-21  2.55308111E-21
 2.44571235E-21  2.28161808E-21  2.05099493E-21  1.76113237E-21  1.31551823E-21
 8.43628616E-22  3.97056411E-22 -1.14645376E-23 -3.91095802E-22 -4.21485822E-22
 4.81409242E-24  3.79090182E-22  2.89213395E-22  7.66039864E-23  1.14539662E-23
 1.27014109E-24  5.81639908E-27 -7.15376924E-26 -4.28787419E-26 -2.11421936E-26
-1.03157569E-26 -5.32327052E-27 -3.06356278E-27 -2.24924630E-27 -2.54977732E-27
-4.30525811E-27 -8.43606559E-27 -1.63883287E-26 -2.98610348E-26 -5.00654754E-26
-7.70735026E-26 -1.09879826E-25 -1.46708783E-25 -1.85544199E-25 -2.24579598E-25
-2.62464182E-25 -2.98301983E-25 -3.31476329E-25 -3.61432372E-25 -3.86636097E-25
-3.99863565E-25 -3.58568429E-25 -6.72986526E-26 -2.03030908E-28 -2.76561438E-31
-2.49463014E-34 -1.68235198E-37 -9.05936893E-41 -4.06023493E-44 -1.55779428E-47
 0.00000000E+00
HO2 
 0.00000000E+00  1.28979561E-32  3.66887990E-29  9.05145206E-26  1.89217386E-22
 3.24289679E-19  4.33621790E-16  4.12735786E-13  1.94113521E-10  1.50172115E-08
 1.44868527E-07  3.97214314E-07  6.97622220E-07  1.05627564E-06  1.47438241E-06
 1.95109031E-06  2.48534070E-06  3.07572771E-06  3.71882803E-06  4.40458194E-06
 5.11029702E-06  5.80345323E-06  6.46218905E-06  7.09735924E-06  7.75241894E-06
 8.48271724E-06  9.32969116E-06  1.02908805E-05  1.13207697E-05  1.23583786E-05
 1.33292744E-05  1.41448858E-05  1.47066463E-05  1.49189554E-05  1.47109568E-05
 1.40629774E-05  1.30386663E-05  1.18085812E-05  1.05090087E-05  9.17215057E-06
 7.55009078E-06  5.68422267E-06  4.69474914E-06  5.29730602E-06  7.01053570E-06
 9.01208464E-06  1.10374517E-05  1.30798019E-05  1.51700812E-05  1.73484470E-05
 1.96554544E-05  2.21297211E-05  2.48062478E-05  2.77135971E-05  3.08669803E-05
 3.42369734E-05  3.77255017E-05  4.11620287E-05  4.42539464E-05  4.65149203E-05
 4.73106148E-05  4.60233758E-05  4.23495302E-05  3.66032707E-05  2.96984644E-05
 2.27271890E-05  1.64819379E-05  1.12953547E-05  7.16100183E-06  3.95155802E-06
 1.61786917E-06  2.77777570E-07  5.42806535E-09  1.04582081E-11  1.11451484E-14
 8.48849241E-18  5.03120113E-21  2.44069533E-24  1.00209283E-27  3.56527531E-31
 0.00000000E+00
 0.00000000E+00  8.68232793E-47  2.15953272E-43  4.55661793E-40  7.89908266E-37
 1.07103426E-33  1.04764038E-30  6.22578585E-28  1.13534487E-25 -1.49005097E-24
 8.14182785E-24  3.32247264E-23  6.22195363E-23  9.71249005E-23  1.35633975E-22
 1.78403084E-22  2.24192104E-22  2.76064058E-22  3.25903882E-22  3.79372322E-22
 4.39721171E-22  4.98553550E-22  5.51500058E-22  5.91322784E-22  6.20627794E-22
 6.49069129E-22  6.82816780E-22  7.24613048E-22  7.81526082E-22  8.25004360E-22
 8.29777708E-22  7.98354972E-22  7.41934780E-22  6.68106531E-22  5.09541471E-22
 2.38440675E-22 -8.51119524E-24 -3.40660866E-22 -7.08585691E-22 -1.02309438E-21
-9.29823985E-22 -8.08999814E-22 -8.38760463E-22 -1.07551028E-21 -1.38076737E-21
-1.70831998E-21 -2.04266681E-21 -2.46871686E-21 -2.79968373E-21 -3.30070183E-21
-3.81678510E-21 -4.32076075E-21 -4.93820281E-21 -5.52709405E-21 -6.14842406E-21
-6.66528118E-21 -6.87296582E-21 -6.87243738E-21 -6.15421333E-21 -4.52853371E-21
-1.90429046E-21  1.37915228E-21  4.51063719E-21  6.58770739E-21  7.06808746E-21
 6.24452668E-21  4.84625940E-21  3.43498740E-21  2.25046282E-21  1.37131246E-21
 7.44693468E-22  3.14573705E-22  3.31093994E-23  9.46584200E-26  1.25148002E-28
 1.10530974E-31  7.33423178E-35  3.89572283E-38  1.72574841E-41  6.55319222E-45
 0.00000000E+00
C2H 
 0.00000000E+00  2.18665369E-81  1.76725510E-74  1.07731748E-67  4.73150893E-61
 1.41212460E-54  3.13317441E-48  2.47182915E-41  3.13570276E-34  1.06853696E-28
 2.00437275E-25  1.73503009E-23  4.31093354E-22  7.17914553E-21  9.10923433E-20
 9.07215450E-19  7.23193802E-18  4.72081064E-17  2.58742290E-16  1.22005947E-15
 5.06323474E-15  1.89213780E-14  6.53538217E-14  2.14599664E-13  6.86149872E-13
 2.16647853E-12  6.77922230E-12  2.06871424E-11  6.03609702E-11  1.67647509E-10
 4.43621941E-10  1.12169817E-09  2.72156125E-09  6.36492375E-09  1.44179972E-08
 3.17805309E-08  6.83765608E-08  1.43416966E-07  3.01834534E-07  6.28964321E-07
 1.18754923E-06  1.56954103E-06  9.83924828E-07  2.64965553E-07  4.31973241E-08
 6.40400493E-09  9.72947442E-10  1.53873004E-10  2.54728345E-11  4.41713267E-12
 8.01612721E-13  1.52035723E-13  3.00880287E-14  6.20216851E-15  1.33006795E-15
 2.98114124E-16  7.02557299E-17  1.73347494E-17  4.43104087E-18  1.16546288E-18
 3.10819924E-19  8.15796851E-20  2.03584664E-20  4.66244276E-21  9.44543366E-22
 1.61886135E-22  2.20317950E-23  2.15611155E-24  1.26407710E-25  3.08009715E-27
 1.56768916E-29  4.69339719E-33  2.52152172E-37  8.97561484E-43  1.02111366E-48
 5.93910477E-55  2.09386064E-61  4.94956151E-68  8.38852109E-75  1.06854353E-81
 0.00000000E+00
 0.00000000E+00 -6.00911416E-95 -2.17818524E-88  3.57696359E-83  4.84135538E-75
 2.37017974E-68  4.39081763E-62 -1.09052491E-55  1.18484629E-49  1.69729003E-43
 8.18208327E-41  4.38280523E-39  8.12991710E-38  1.02484352E-36  1.12385473E-35
 9.39587428E-35  6.24025457E-34  5.04897935E-33  2.50127013E-32  1.02354516E-31
 4.80462718E-31  2.01897979E-30  7.79293597E-30  2.58931567E-29  7.89794438E-29
 2.47059955E-28  7.90202090E-28  2.89244513E-27  9.53415493E-27  2.80071506E-26
 7.16921538E-26  1.92288779E-25  4.62847567E-25  1.10968725E-24  2.51353121E-24
 5.44328082E-24  1.13254787E-23  2.06504867E-23  3.34553607E-23  5.80668750E-23
 1.40495866E-22  3.51972576E-22  4.00205047E-22  1.51203711E-22  2.81957891E-23
 4.40424767E-24  6.66839148E-25  1.02419326E-25  1.59272910E-26  2.54145329E-27
 4.12219935E-28  6.61256177E-29  9.29204247E-30 -1.64715349E-30 -6.72812184E-30
-1.26254217E-29 -1.93201217E-29 -2.44990542E-29 -2.55850212E-29 -2.19087076E-29
-1.54179213E-29 -8.95251709E-30 -4.30070291E-30 -1.70755640E-30 -5.56062686E-31
-1.45496163E-31 -2.92954921E-32 -4.18944034E-33 -3.63203105E-34 -1.38195072E-35
-1.28785959E-37 -1.42913184E-40 -9.02387733E-44 -4.77573151E-49 -6.53776388E-55
-4.25853164E-61 -1.61945032E-67 -4.03434065E-74 -7.09159482E-81 -9.25932651E-88
 0.00000000E+00
C2H2
 0.00000000E+00  1.18270792E-30  3.36433115E-27  8.30010350E-24  1.73510719E-20
 2.97370911E-17  3.97628009E-14  3.78479240E-11  1.78022635E-08  1.38007665E-06
 1.34431357E-05  3.73829059E-05  6.66411755E-05  1.02141996E-04  1.43793414E-04
 1.91164230E-04  2.43751550E-04  3.01070162E-04  3.62680528E-04  4.28189424E-04
 4.97242303E-04  5.69512005E-04  6.44761061E-04  7.22863570E-04  8.03649248E-04
 8.86843809E-04  9.72191917E-04  1.05855276E-03  1.14467332E-03  1.23045532E-03
 1.31614956E-03  1.40210024E-03  1.48868242E-03  1.57600761E-03  1.66320190E-03
 1.74655882E-03  1.81596780E-03  1.85043752E-03  1.81520489E-03  1.65304702E-03
 1.29427445E-03  7.34689518E-04  2.43175002E-04  4.65368327E-05  6.84282040E-06
 1.04029140E-06  1.73088945E-07  3.13464937E-08  6.17070474E-09  1.31962077E-09
 3.06767401E-10  7.76765432E-11  2.14958398E-11  6.53189658E-12  2.19386959E-12
 8.23460348E-13  3.48993172E-13  1.67461047E-13  9.08313980E-14  5.54811792E-14
 3.76583962E-14  2.77716194E-14  2.17149545E-14  1.76055051E-14  1.45294867E-14
 1.20227381E-14  9.84032919E-15  7.84655921E-15  5.95074454E-15  4.08077110E-15
 2.22612887E-15  5.51923464E-16  1.09507980E-17  2.10990601E-20  2.24849377E-23
 1.71252295E-26  1.01502681E-29  4.92401543E-33  2.02168641E-36  7.19281529E-40
 0.00000000E+00
 0.00000000E+00  8.37583038E-44  2.15341994E-40  4.72516803E-37  8.59348195E-34
 1.24026973E-30  1.32444866E-27  9.09792227E-25  2.36005819E-22  2.92459229E-21
 6.88209615E-21  1.15439227E-20  1.64385490E-20  2.20082420E-20  2.81294128E-20
 3.49268590E-20  4.21789968E-20  4.99771207E-20  5.80878002E-20  6.64769200E-20
 7.58716255E-20  8.58684148E-20  9.63984866E-20  1.07465320E-19  1.18486995E-19
 1.29925031E-19  1.41988181E-19  1.55874383E-19  1.69236603E-19  1.81727381E-19
 1.94166869E-19  2.05755108E-19  2.19510089E-19  2.32621588E-19  2.47242310E-19
 2.61385106E-19  2.75358930E-19  2.86357053E-19  2.86279505E-19  2.86897620E-19
 2.74843701E-19  2.15101330E-19  9.89120477E-20  2.21010305E-20  3.34465573E-21
 4.83076483E-22  7.15930963E-23  1.08187595E-23  1.56519169E-24  1.94965249E-25
 8.23654042E-27 -9.06379819E-27 -6.82099074E-27 -6.42350676E-27 -1.32080572E-26
-3.67371876E-26 -9.92715836E-26 -2.43708007E-25 -5.38940257E-25 -1.07071958E-24
-1.91824522E-24 -3.13508069E-24 -4.73456561E-24 -6.68868410E-24 -8.93767148E-24
-1.14055238E-23 -1.40131127E-23 -1.66835728E-23 -1.93461961E-23 -2.18812355E-23
-2.37924639E-23 -2.22822093E-23 -4.36172976E-24 -1.31946627E-26 -1.79976250E-29
-1.62488156E-32 -1.09654688E-35 -5.90805990E-39 -2.64908523E-42 -1.01677503E-45
 0.00000000E+00
C2H3
 0.00000000E+00  5.51223715E-71  4.09563760E-64  2.32542176E-57  9.61176970E-51
 2.70532056E-44  4.73102115E-38  5.14579082E-32  1.00620975E-25  2.75419894E-20
 2.40346996E-17  5.40892807E-16  3.32306598E-15  1.35677395E-14  4.53081051E-14
 1.36366062E-13  3.95680991E-13  1.16645325E-12  3.58445991E-12  1.11200230E-11
 3.22149144E-11  8.25181478E-11  1.88373417E-10  4.03705314E-10  8.59749529E-10
 1.88654856E-09  4.31842482E-09  1.01740222E-08  2.40686536E-08  5.61758682E-08
 1.27443693E-07  2.77505508E-07  5.74910301E-07  1.12793200E-06  2.09273419E-06
 3.66851952E-06  6.05531845E-06  9.33990591E-06  1.35244499E-05  1.76796194E-05
 1.82915283E-05  1.11195382E-05  3.15741239E-06  4.86560958E-07  5.88440435E-08
 7.67686672E-09  1.14197121E-09  1.90685433E-10  3.52843621E-11  7.14814864E-12
 1.56850176E-12  3.69238058E-13  9.24462166E-14  2.44231807E-14  6.76641380E-15
 1.96700111E-15  6.02661418E-16  1.94446681E-16  6.58471109E-17  2.34122312E-17
 8.67515673E-18  3.27872037E-18  1.23148682E-18  4.48853218E-19  1.55967726E-19
 5.09325788E-20  1.53218194E-20  4.08335207E-21  8.86432007E-22  1.30882189E-22
 8.86183172E-24  8.93845325E-26  2.19501465E-29  8.12875608E-35  9.36985205E-41
 5.55407580E-47  2.00893989E-53  4.90695725E-60  8.66012478E-67  1.15875457E-73
 0.00000000E+00
 0.00000000E+00  1.65393152E-84  1.04906909E-77  4.94914063E-71  1.63828994E-64
 3.49854983E-58  4.20107354E-52  1.98500809E-46 -4.82398826E-41 -5.76023206E-36
 1.55002170E-33  5.76071342E-32  3.56145134E-31  1.58505131E-30  5.06301808E-30
 1.58272279E-29  4.51326503E-29  1.42833169E-28  4.39644231E-28  1.24155395E-27
 3.68735264E-27  1.17159741E-26  2.69661224E-26  5.18818235E-26  9.97588431E-26
 1.82136324E-25  3.70305268E-25  9.40327984E-25  2.49058471E-24  5.98618439E-24
 1.42337090E-23  3.63889033E-23  6.89447051E-23  1.40812569E-22  2.58201325E-22
 2.77302361E-22  3.66885067E-22  4.62470704E-22  9.99638263E-22 -1.12294082E-22
 1.98706554E-22  1.89101485E-21  9.31986010E-22  1.51730707E-22  1.74958300E-23
 2.10032001E-24  1.91839618E-25  2.43552845E-26  1.60557639E-27 -4.94730325E-28
-2.38518525E-28 -9.68377610E-29 -3.33114451E-29 -1.28183246E-29 -8.66919506E-30
-1.20990633E-29 -2.13163425E-29 -3.54128743E-29 -5.16716705E-29 -6.45950923E-29
-6.84432126E-29 -6.12045795E-29 -4.60376801E-29 -2.90184398E-29 -1.52879944E-29
-6.74461389E-30 -2.49761470E-30 -7.65087559E-31 -1.82469557E-31 -2.94172990E-32
-2.45668998E-33 -6.35313517E-35 -1.38255950E-37 -7.49772094E-43 -1.03937497E-48
-6.89614104E-55 -2.68920739E-61 -6.91963358E-68 -1.26633360E-74 -1.73678943E-81
 0.00000000E+00
C2H4
 0.00000000E+00  1.46338227E-30  4.16273743E-27  1.02698426E-23  2.14687417E-20
 3.67941491E-17  4.91991103E-14  4.68298044E-11  2.20270078E-08  1.70758949E-06
 1.66333825E-05  4.62542801E-05  8.24555805E-05  1.26380461E-04  1.77914895E-04
 2.36525007E-04  3.01588082E-04  3.72503062E-04  4.48724973E-04  5.29765268E-04
 6.15181441E-04  7.04561089E-04  7.97594950E-04  8.94097307E-04  9.93803163E-04
 1.09627709E-03  1.20103159E-03  1.30635949E-03  1.41019450E-03  1.51145206E-03
 1.60866882E-03  1.69913037E-03  1.77801636E-03  1.83715396E-03  1.86354011E-03
 1.83809917E-03  1.73715107E-03  1.54221319E-03  1.24079625E-03  8.53386877E-04
 4.46789637E-04  1.44523023E-04  2.64997687E-05  3.31944836E-06  3.87128749E-07
 5.34499212E-08  8.83066252E-09  1.68867842E-09  3.66573837E-10  8.91128277E-11
 2.40339074E-11  7.14753054E-12  2.33548659E-12  8.37206612E-13  3.29486786E-13
 1.43091198E-13  6.89309473E-14  3.68050162E-14  2.16991826E-14  1.40630328E-14
 9.90633288E-15  7.44865201E-15  5.86439391E-15  4.75011353E-15  3.89988869E-15
 3.20439814E-15  2.60322283E-15  2.06101577E-15  1.55284970E-15  1.05850012E-15
 5.74158246E-16  1.41677368E-16  2.81068120E-18  5.41537936E-21  5.77108490E-24
 4.39543816E-27  2.60521331E-30  1.26381987E-33  5.18895095E-37  1.84614021E-40
 0.00000000E+00
 0.00000000E+00  2.91005721E-44  7.40138711E-41  1.60354223E-37  2.87243480E-34
 4.06576055E-31  4.22688331E-28  2.78597642E-25  6.60340094E-23  3.70062310E-22
 1.25808500E-21  3.06136460E-21  5.10180568E-21  7.38133139E-21  1.00595611E-20
 1.27535476E-20  1.57919015E-20  1.90685554E-20  2.20590257E-20  2.58661468E-20
 2.95745039E-20  3.41367191E-20  3.96343364E-20  4.47877395E-20  4.86850939E-20
 5.43253902E-20  6.01523993E-20  6.69331862E-20  7.41040678E-20  7.95671357E-20
 8.50533126E-20  9.07909991E-20  9.52293493E-20  9.90531797E-20  1.00479981E-19
 1.01228212E-19  9.64176910E-20  9.03447393E-20  8.12739328E-20  7.33727781E-20
 5.77687051E-20  3.05092990E-20  7.00248273E-21  7.85657452E-22  6.85320945E-23
 5.00301661E-24 -4.68484043E-26 -1.79886905E-25 -8.04156802E-26 -3.04474945E-26
-1.13277810E-26 -4.35935493E-27 -1.78917910E-27 -8.13707749E-28 -4.91470159E-28
-5.31704739E-28 -9.24505069E-28 -1.82049312E-27 -3.47754310E-27 -6.18406301E-27
-1.01699276E-26 -1.55653114E-26 -2.23674032E-26 -3.04480263E-26 -3.95911865E-26
-4.95458220E-26 -6.00645337E-26 -7.09127366E-26 -8.18797070E-26 -9.25625740E-26
-1.01018371E-25 -9.56034824E-26 -1.94196828E-26 -5.88919518E-29 -8.04281302E-32
-7.26728659E-35 -4.90735164E-38 -2.64533826E-41 -1.18662420E-44 -4.55614624E-48
 0.00000000E+00
C2H5
 0.00000000E+00  9.38254217E-45  9.37835108E-41  9.02070027E-37  8.33695592E-33
 7.39105591E-29  6.27365984E-25  5.04207474E-21  3.09784304E-17  4.96804407E-14
 4.92591084E-12  4.00092104E-11  1.12566709E-10  2.26593315E-10  3.93243076E-10
 6.45506780E-10  1.06926945E-09  1.87352647E-09  3.53930574E-09  7.06431426E-09
 1.42544017E-08  2.81515803E-08  5.41893210E-08  1.02624141E-07  1.91575779E-07
 3.48770799E-07  6.10034537E-07  1.01004082E-06  1.57830824E-06  2.35783315E-06
 3.42237474E-06  4.88310879E-06  6.87569866E-06  9.51572142E-06  1.28094820E-05
 1.65090227E-05  1.99533980E-05  2.20518815E-05  2.15004036E-05  1.69112444E-05
 8.76168193E-06  2.12385648E-06  2.09526114E-07  1.15962273E-08  5.95159594E-10
 4.06775331E-11  4.01035874E-12  5.63073773E-13  1.06128392E-13  2.48866805E-14
 6.86444138E-15  2.15799943E-15  7.61242385E-16  2.99157196E-16  1.30623043E-16
 6.34405718E-17  3.42406871E-17  2.03429633E-17  1.30736557E-17  8.86092453E-18
 6.10360582E-18  4.08572715E-18  2.54790578E-18  1.43368545E-18  7.14814175E-19
 3.13450904E-19  1.20120318E-19  3.94109255E-20  1.04286977E-20  1.93484305E-21
 1.81818093E-22  3.79796355E-24  2.94907798E-27  3.36267017E-31  3.35189138E-35
 3.21915950E-39  2.98442192E-43  2.67403269E-47  2.31819738E-51  1.94652612E-55
 0.00000000E+00
 0.00000000E+00 -2.57516940E-60 -2.72629130E-56 -2.67804020E-52 -2.48486553E-48
-2.19471712E-44 -1.86595785E-40 -1.49843722E-36 -8.99117510E-33 -1.17474492E-29
 1.87894313E-28  4.07263842E-27  1.36659801E-26  2.94309557E-26  5.18861145E-26
 8.58613324E-26  1.33607030E-25  2.20544414E-25  3.67975805E-25  6.21567652E-25
 1.15308241E-24  2.27828332E-24  4.35028759E-24  7.84383312E-24  1.35172395E-23
 2.54144715E-23  5.27778465E-23  1.01480937E-22  1.65207124E-22  2.98365040E-22
 3.93835542E-22  4.73572477E-22  5.40982817E-22  1.00170126E-21  1.35441234E-21
 6.43419886E-22  9.09783196E-22  1.30636040E-21  5.32082464E-22  7.26264296E-22
 1.90540790E-21  6.60924944E-22  8.66852281E-23  4.51635061E-24  1.84512423E-25
 6.15846151E-27 -1.30960976E-28 -1.16975804E-28 -4.00394291E-29 -1.41079057E-29
-4.83332984E-30 -1.92314745E-30 -8.26667502E-31 -5.12184384E-31 -7.69981733E-31
-2.07148657E-30 -5.65977614E-30 -1.35032236E-29 -2.74942209E-29 -4.75058600E-29
-6.97726125E-29 -8.78003509E-29 -9.56035240E-29 -9.12973235E-29 -7.78674868E-29
-6.05797315E-29 -4.38203077E-29 -2.98092839E-29 -1.89666144E-29 -1.08238165E-29
-4.78057921E-30 -8.85744353E-31 -4.30929109E-33 -5.17531439E-37 -5.28573860E-41
-5.19720740E-45 -4.93056171E-49 -4.51856154E-53 -4.00459694E-57 -3.43553514E-61
 0.00000000E+00
C2H6
 0.00000000E+00  1.38896670E-30  3.95105489E-27  9.74760302E-24  2.03770183E-20
 3.49231017E-17  4.66972488E-14  4.44484263E-11  2.09068956E-08  1.62075354E-06
 1.57860357E-05  4.38840095E-05  7.82026651E-05  1.19812722E-04  1.68583992E-04
 2.23979256E-04  2.85365535E-04  3.52114469E-04  4.23628243E-04  4.99329837E-04
 5.78638057E-04  6.60930080E-04  7.45574606E-04  8.31894492E-04  9.18900094E-04
 1.00509960E-03  1.08844618E-03  1.16529164E-03  1.23120809E-03  1.28185344E-03
 1.31178579E-03  1.31411535E-03  1.28082339E-03  1.20393177E-03  1.07792449E-03
 9.03805648E-04  6.94519592E-04  4.78375163E-04  2.80911790E-04  1.30655955E-04
 4.13779122E-05  7.03629675E-06  5.99015031E-07  3.16840990E-08  1.51804164E-09
 8.83074312E-11  6.41933015E-12  5.69837568E-13  6.15569470E-14  8.20063158E-15
 1.38840274E-15  3.08972195E-16  9.13300679E-17  3.49619384E-17  1.66188580E-17
 9.46952376E-18  6.29039379E-18  4.72515529E-18  3.86908764E-18  3.31769851E-18
 2.87583099E-18  2.46660658E-18  2.08223347E-18  1.73840978E-18  1.44367407E-18
 1.19245237E-18  9.72733715E-19  7.73341787E-19  5.85132565E-19  4.00546208E-19
 2.18208346E-19  5.40569180E-20  1.07252884E-21  2.06645673E-24  2.20219057E-27
 1.67725699E-30  9.94124388E-34  4.82261532E-37  1.98005388E-40  7.04469391E-44
 0.00000000E+00
 0.00000000E+00  9.73580763E-45  2.40966113E-41  5.04681388E-38  8.65858201E-35
 1.15611655E-31  1.10075607E-28  6.18060044E-26  8.77146985E-24 -4.15316340E-22
-4.88046316E-22  3.61614997E-22  1.40464855E-21  2.56307782E-21  3.83978855E-21
 5.14006855E-21  6.62532353E-21  8.50504101E-21  9.58622138E-21  1.13091675E-20
 1.35727060E-20  1.58744213E-20  1.87544525E-20  2.21176477E-20  2.40308998E-20
 2.73903343E-20  3.03201549E-20  3.49258698E-20  3.81125933E-20  3.97123908E-20
 4.08631355E-20  4.06113643E-20  3.83501053E-20  3.35167628E-20  2.75674489E-20
 1.97349409E-20  1.19851204E-20  4.51679201E-21  4.26262973E-21  3.65425941E-21
 4.63361523E-21  1.60740268E-21  1.79985412E-22  8.99048337E-24  3.22535553E-25
 9.09423402E-27 -1.84698865E-28 -1.02158464E-28 -2.20518017E-29 -4.67802738E-30
-1.12821531E-30 -3.59039090E-31 -2.74702466E-31 -8.48616923E-31 -3.63438589E-30
-1.41509197E-29 -4.74177700E-29 -1.36381142E-28 -3.39347564E-28 -7.34729855E-28
-1.39990459E-27 -2.39128191E-27 -3.72973331E-27 -5.39835677E-27 -7.34997368E-27
-9.52048565E-27 -1.18411860E-26 -1.42448674E-26 -1.66711261E-26 -1.90199947E-26
-2.08618844E-26 -1.97286105E-26 -3.93108182E-27 -1.19058732E-29 -1.62491971E-32
-1.46760143E-35 -9.90698393E-39 -5.33902398E-42 -2.39441200E-45 -9.19182509E-49
 0.00000000E+00
HCCO
 0.00000000E+00  9.07456731E-67  3.66764314E-60  1.31904663E-53  3.91910186E-47
 8.76261940E-41  1.30615199E-34  1.07321225E-28  2.90629004E-23  1.64562242E-18
 1.14288550E-15  1.94653779E-14  8.81942977E-14  2.57835389E-13  6.01003885E-13
 1.22651309E-12  2.31555210E-12  4.21506384E-12  7.73692892E-12  1.52137804E-11
 3.38079979E-11  8.35575754E-11  2.13507272E-10  5.36125993E-10  1.31051745E-09
 3.14498253E-09  7.48485349E-09  1.76122977E-08  4.05984365E-08  9.14617695E-08
 2.01053596E-07  4.29987469E-07  8.90485445E-07  1.77310359E-06  3.36332334E-06
 6.00760173E-06  9.95867300E-06  1.50515109E-05  2.07379657E-05  2.57023173E-05
 2.85326085E-05  2.71692212E-05  1.69225223E-05  5.36830151E-06  1.08535499E-06
 2.00632435E-07  3.81785073E-08  7.68270197E-09  1.66288058E-09  3.91629309E-10
 1.01148163E-10  2.87375508E-11  8.95592978E-12  3.03559696E-12  1.10582675E-12
 4.28818969E-13  1.75525838E-13  7.48522483E-14  3.28028483E-14  1.46740652E-14
 6.66399397E-15  3.04636088E-15  1.39254943E-15  6.33493668E-16  2.85237384E-16
 1.25757911E-16  5.31889848E-17  2.08209418E-17  7.03594134E-18  1.76632418E-18
 2.30183980E-19  4.94639677E-21  1.62892154E-24  6.29422831E-30  7.82498801E-36
 5.19849831E-42  2.21340319E-48  6.77365329E-55  1.62272780E-61  3.26365063E-68
 0.00000000E+00
 0.00000000E+00  1.65059993E-81  1.84950456E-74  1.23832120E-67  5.51846403E-61
 1.57934080E-54  2.61055299E-48  1.98484320E-42  2.86463380E-37  1.14116928E-33
 3.00759498E-31  4.28568568E-30  1.73242439E-29  5.03628461E-29  1.10468792E-28
 2.21839584E-28  3.96782022E-28  7.26055935E-28  1.27013546E-27  2.18699769E-27
 4.35121530E-27  1.07421632E-26  2.77765305E-26  7.12056196E-26  1.75473181E-25
 4.34015080E-25  1.08530079E-24  2.76564556E-24  6.84589178E-24  1.58021514E-23
 3.43333909E-23  7.18813287E-23  1.45986765E-22  2.81206569E-22  4.93735291E-22
 7.72271015E-22  1.10555135E-21  1.31691789E-21  1.16544755E-21  1.06967437E-21
 1.24029607E-21  2.61835927E-21  4.14677806E-21  2.06335260E-21  4.95903153E-22
 9.43056397E-23  1.69919993E-23  3.06111754E-24  5.43514948E-25  9.57415855E-26
 1.56411123E-26  1.71544463E-27 -4.37831994E-28 -7.97983609E-28 -1.36287585E-27
-2.77113000E-27 -5.34430228E-27 -8.97511228E-27 -1.28004576E-26 -1.53804361E-26
-1.56584647E-26 -1.37215140E-26 -1.05649813E-26 -7.30331323E-27 -4.61485470E-27
-2.69102062E-27 -1.44455480E-27 -7.01588412E-28 -2.94898014E-28 -9.68439520E-29
-1.97210829E-29 -1.32004241E-30 -3.45355788E-33 -1.88500008E-38 -2.75354971E-44
-2.00776410E-50 -9.05150440E-57 -2.86893274E-63 -7.01513165E-70 -1.42614947E-76
 0.00000000E+00
CH2C
 0.00000000E+00  2.41246141E-31  6.86248813E-28  1.69303672E-24  3.53923319E-21
 6.06570594E-18  8.11072801E-15  7.72013567E-12  3.63126626E-09  2.81504976E-07
 2.74210125E-06  7.62529841E-06  1.35934032E-05  2.08349540E-05  2.93312813E-05
 3.89945671E-05  4.97224641E-05  6.14164356E-05  7.39877217E-05  8.73580403E-05
 1.01458978E-04  1.16230450E-04  1.31632755E-04  1.47648081E-04  1.64242860E-04
 1.81348286E-04  1.98880837E-04  2.16551982E-04  2.34012042E-04  2.51069479E-04
 2.67453885E-04  2.82662878E-04  2.95832383E-04  3.05592509E-04  3.09958045E-04
 3.06303560E-04  2.91697448E-04  2.64208351E-04  2.22613470E-04  1.69555057E-04
 1.11996710E-04  6.00651174E-05  2.34759295E-05  6.33312845E-06  1.41494820E-06
 3.32227706E-07  8.59149269E-08  2.43261319E-08  7.51339280E-09  2.52024597E-09
 9.14284062E-10  3.57498955E-10  1.50311815E-10  6.78709447E-11  3.29134862E-11
 1.71989225E-11  9.71408183E-12  5.91639487E-12  3.86555507E-12  2.69576969E-12
 1.98919377E-12  1.53378437E-12  1.22041367E-12  9.90545541E-13  8.11470708E-13
 6.64210519E-13  5.37398659E-13  4.23912859E-13  3.18455071E-13  2.16619815E-13
 1.17364513E-13  2.89644641E-14  5.74621248E-16  1.10713092E-18  1.17985207E-21
 8.98612118E-25  5.32614990E-28  2.58377848E-31  1.06083945E-34  3.77428576E-38
 0.00000000E+00
 0.00000000E+00  1.02813693E-44  2.63567831E-41  5.76403595E-38  1.04410850E-34
 1.49932554E-31  1.59008523E-28  1.08077357E-25  2.74225555E-23  2.93553519E-22
 6.84978964E-22  1.17775055E-21  1.66926961E-21  2.23276694E-21  2.87096626E-21
 3.53153697E-21  4.26267033E-21  5.09663227E-21  5.87644604E-21  6.63578620E-21
 7.61942469E-21  8.69285158E-21  9.79424039E-21  1.10374989E-20  1.21649804E-20
 1.33450952E-20  1.47372376E-20  1.62513742E-20  1.78132990E-20  1.91526059E-20
 2.06158121E-20  2.16641122E-20  2.26935675E-20  2.32405789E-20  2.32517951E-20
 2.24541663E-20  2.08734241E-20  1.88164707E-20  1.54737636E-20  1.24731363E-20
 1.02228081E-20  8.37813366E-21  5.20925319E-21  1.71299454E-21  3.97095357E-22
 8.58904086E-23  1.81557524E-23  3.78340444E-24  6.45522022E-25  1.89561964E-26
-6.94683217E-26 -5.92553059E-26 -4.00451263E-26 -2.61834804E-26 -1.82558724E-26
-1.50303545E-26 -1.54658304E-26 -1.88485145E-26 -2.47210084E-26 -3.25515481E-26
-4.18085929E-26 -5.22313865E-26 -6.38733029E-26 -7.69292221E-26 -9.14882845E-26
-1.07438226E-25 -1.24538233E-25 -1.42481783E-25 -1.60932653E-25 -1.79140510E-25
-1.93437206E-25 -1.81721084E-25 -3.65429193E-26 -1.10748841E-28 -1.51200820E-31
-1.36592664E-34 -9.22218852E-38 -4.97065254E-41 -2.22946079E-44 -8.55943786E-48
 0.00000000E+00
HCCO
 0.00000000E+00  2.28378326E-33  6.49645023E-30  1.60273192E-26  3.35045422E-23
 5.74216756E-20  7.67811031E-17  7.30835175E-14  3.43757834E-11  2.66489796E-09
 2.59584025E-08  7.21855777E-08  1.28682665E-07  1.97234003E-07  2.77662085E-07
 3.69134426E-07  4.70680387E-07  5.81364288E-07  7.00340985E-07  8.26861436E-07
 9.60268335E-07  1.09999245E-06  1.24569437E-06  1.39732806E-06  1.55486952E-06
 1.71826079E-06  1.88776897E-06  2.06236607E-06  2.24143276E-06  2.42772972E-06
 2.62648966E-06  2.84582538E-06  3.09787381E-06  3.39983600E-06  3.77448003E-06
 4.24754555E-06  4.83636009E-06  5.51960742E-06  6.23287792E-06  6.73579860E-06
 6.49555460E-06  4.75512745E-06  2.08595763E-06  5.20949014E-07  9.61437779E-08
 1.76874535E-08  3.49064383E-09  7.43687035E-10  1.72043018E-10  4.34155259E-11
 1.20099015E-11  3.66227404E-12  1.23865137E-12  4.67589384E-13  1.98264219E-13
 9.51582129E-14  5.19184826E-14  3.20362552E-14  2.20797351E-14  1.66966795E-14
 1.35196662E-14  1.14240314E-14  9.86269802E-15  8.56504134E-15  7.39992429E-15
 6.30673145E-15  5.25829464E-15  4.24065793E-15  3.23810368E-15  2.22962501E-15
 1.21925554E-15  3.02628795E-16  6.00464518E-18  1.15692364E-20  1.23291539E-23
 9.39026797E-27  5.56569112E-30  2.69998276E-33  1.10855023E-36  3.94403258E-40
 0.00000000E+00
 0.00000000E+00  9.82538324E-48  2.37173022E-44  4.81041267E-41  7.90680846E-38
 9.89853028E-35  8.41149324E-32  3.61121329E-29 -1.77233141E-27 -7.33325505E-25
 3.84513419E-25  4.25314823E-24  9.08319317E-24  1.45901975E-23  2.11603999E-23
 2.83099669E-23  3.60347488E-23  4.48163519E-23  5.30772531E-23  6.25114656E-23
 7.25588934E-23  8.39593822E-23  9.67737820E-23  1.09673623E-22  1.21546830E-22
 1.34883435E-22  1.51108562E-22  1.68373136E-22  1.86486951E-22  2.05438424E-22
 2.24564810E-22  2.48523409E-22  2.77824946E-22  3.15446833E-22  3.63835465E-22
 4.30491714E-22  5.17277344E-22  6.24420307E-22  7.36572936E-22  9.17922208E-22
 1.13465792E-21  1.20215734E-21  7.60640530E-22  2.35285477E-22  4.62078111E-23
 8.25861152E-24  1.48222593E-24  2.69794796E-25  4.80000888E-26  7.67838680E-27
 6.99244804E-28 -3.11775254E-28 -3.46007368E-28 -3.48675927E-28 -5.26941012E-28
-9.83075561E-28 -1.78441829E-27 -2.92142362E-27 -4.28170156E-27 -5.67180489E-27
-6.91726510E-27 -7.94115843E-27 -8.75320255E-27 -9.40614029E-27 -9.95401372E-27
-1.04315557E-26 -1.08513693E-26 -1.12074484E-26 -1.14752109E-26 -1.15862729E-26
-1.13113483E-26 -9.48389337E-27 -1.54172136E-27 -4.60143962E-30 -6.23411324E-33
-5.60286002E-36 -3.76813158E-39 -2.02462459E-42 -9.05712110E-46 -3.46939086E-49
 0.00000000E+00
AR  
 0.00000000E+00  0.00000000E+00  0.00000000E+00  0.00000000E+00  0.00000000E+00
 0.00000000E+00  0.00000000E+00  0.00000000E+00  0.00000000E+00  0.00000000E+00
 0.00000000E+00  0.00000000E+00  0.00000000E+00  0.00000000E+00  0.00000000E+00
 0.00000000E+00  0.00000000E+00  0.00000000E+00  0.00000000E+00  0.00000000E+00
 0.00000000E+00  0.00000000E+00  0.00000000E+00  0.00000000E+00  0.00000000E+00
 0.00000000E+00  0.00000000E+00  0.00000000E+00  0.00000000E+00  0.00000000E+00
 0.00000000E+00  0.00000000E+00  0.00000000E+00  0.00000000E+00  0.00000000E+00
 0.00000000E+00  0.00000000E+00  0.00000000E+00  0.00000000E+00  0.00000000E+00
 0.00000000E+00  0.00000000E+00  0.00000000E+00  0.00000000E+00  0.00000000E+00
 0.00000000E+00  0.00000000E+00  0.00000000E+00  0.00000000E+00  0.00000000E+00
 0.00000000E+00  0.00000000E+00  0.00000000E+00  0.00000000E+00  0.00000000E+00
 0.00000000E+00  0.00000000E+00  0.00000000E+00  0.00000000E+00  0.00000000E+00
 0.00000000E+00  0.00000000E+00  0.00000000E+00  0.00000000E+00  0.00000000E+00
 0.00000000E+00  0.00000000E+00  0.00000000E+00  0.00000000E+00  0.00000000E+00
 0.00000000E+00  0.00000000E+00  0.00000000E+00  0.00000000E+00  0.00000000E+00
 0.00000000E+00  0.00000000E+00  0.00000000E+00  0.00000000E+00  0.00000000E+00
 0.00000000E+00
 0.00000000E+00  0.00000000E+00  0.00000000E+00  0.00000000E+00  0.00000000E+00
 0.00000000E+00  0.00000000E+00  0.00000000E+00  0.00000000E+00  0.00000000E+00
 0.00000000E+00  0.00000000E+00  0.00000000E+00  0.00000000E+00  0.00000000E+00
 0.00000000E+00  0.00000000E+00  0.00000000E+00  0.00000000E+00  0.00000000E+00
 0.00000000E+00  0.00000000E+00  0.00000000E+00  0.00000000E+00  0.00000000E+00
 0.00000000E+00  0.00000000E+00  0.00000000E+00  0.00000000E+00  0.00000000E+00
 0.00000000E+00  0.00000000E+00  0.00000000E+00  0.00000000E+00  0.00000000E+00
 0.00000000E+00  0.00000000E+00  0.00000000E+00  0.00000000E+00  0.00000000E+00
 0.00000000E+00  0.00000000E+00  0.00000000E+00  0.00000000E+00  0.00000000E+00
 0.00000000E+00  0.00000000E+00  0.00000000E+00  0.00000000E+00  0.00000000E+00
 0.00000000E+00  0.00000000E+00  0.00000000E+00  0.00000000E+00  0.00000000E+00
 0.00000000E+00  0.00000000E+00  0.00000000E+00  0.00000000E+00  0.00000000E+00
 0.00000000E+00  0.00000000E+00  0.00000000E+00  0.00000000E+00  0.00000000E+00
 0.00000000E+00  0.00000000E+00  0.00000000E+00  0.00000000E+00  0.00000000E+00
 0.00000000E+00  0.00000000E+00  0.00000000E+00  0.00000000E+00  0.00000000E+00
 0.00000000E+00  0.00000000E+00  0.00000000E+00  0.00000000E+00  0.00000000E+00
 0.00000000E+00
H2  
 0.00000000E+00  2.08639711E-30  5.93496557E-27  1.46420867E-23  3.06087628E-20
 5.24587514E-17  7.01449541E-14  6.67669488E-11  3.14047031E-08  2.43457228E-06
 2.37148319E-05  6.59466192E-05  1.17560700E-04  1.80187200E-04  2.53663955E-04
 3.37230414E-04  4.29999686E-04  5.31116301E-04  6.39805667E-04  7.55375107E-04
 8.77199762E-04  1.00470117E-03  1.13745491E-03  1.27522671E-03  1.41769439E-03
 1.56433761E-03  1.71464378E-03  1.86649538E-03  2.01750362E-03  2.16717646E-03
 2.31540438E-03  2.46190575E-03  2.60607304E-03  2.74666653E-03  2.88139965E-03
 3.00594267E-03  3.11231068E-03  3.18740138E-03  3.21480060E-03  3.16315989E-03
 2.98072527E-03  2.59940922E-03  2.04124364E-03  1.49016304E-03  1.08995090E-03
 8.29512888E-04  6.46881249E-04  5.09322746E-04  4.02031990E-04  3.16848164E-04
 2.48699503E-04  1.94155499E-04  1.50739906E-04  1.16557400E-04  9.00772869E-05
 7.00630792E-05  5.53325178E-05  4.46455755E-05  3.68921611E-05  3.11962407E-05
 2.68589495E-05  2.33645069E-05  2.03866806E-05  1.77334146E-05  1.52947902E-05
 1.30055516E-05  1.08237913E-05  8.71870005E-06  6.65287355E-06  4.57922349E-06
 2.50368040E-06  6.21398809E-07  1.23295455E-08  2.37555130E-11  2.53158779E-14
 1.92813617E-17  1.14282259E-20  5.54396791E-24  2.27622450E-27  8.09841839E-31
 0.00000000E+00
 0.00000000E+00  5.63774537E-44  1.44003645E-40  3.13545815E-37  5.64958849E-34
 8.05935207E-31  8.47265266E-28  5.68031658E-25  1.40100322E-22  1.22753994E-21
 3.66637287E-21  7.71871723E-21  1.22018476E-20  1.74452625E-20  2.33440179E-20
 2.97170812E-20  3.68160361E-20  4.45249224E-20  5.23549147E-20  6.04368025E-20
 6.96235511E-20  7.95502757E-20  9.04630104E-20  1.02236315E-19  1.12713073E-19
 1.24528096E-19  1.36840606E-19  1.51720331E-19  1.66854680E-19  1.79402685E-19
 1.91461671E-19  2.03923382E-19  2.17422444E-19  2.31502171E-19  2.44930007E-19
 2.55657610E-19  2.68535442E-19  2.80866500E-19  2.80903985E-19  2.96426009E-19
 3.18895978E-19  3.37392270E-19  3.20405464E-19  2.56009296E-19  1.99287659E-19
 1.59201850E-19  1.30809484E-19  1.09551151E-19  9.18118831E-20  7.66297531E-20
 6.35861797E-20  5.20839603E-20  4.16228111E-20  3.23875852E-20  2.42918921E-20
 1.74691109E-20  1.19987373E-20  7.83884904E-21  4.84141781E-21  2.85699584E-21
 1.60832380E-21  8.85758371E-22  4.57976852E-22  2.20274657E-22  1.06040992E-22
 5.29460728E-23  7.78564294E-23  1.48265047E-22  2.82943176E-22  4.83974942E-22
 7.24500881E-22  8.09610070E-22  7.74541035E-23  2.14447852E-25  2.78155472E-28
 2.42195552E-31  1.58807720E-34  8.35277414E-38  3.66787479E-41  1.38206515E-44
 0.00000000E+00
C3H7
 0.00000000E+00  2.07084996E-35  5.89074015E-32  1.45329787E-28  3.03806766E-25
 5.20678467E-22  6.96222585E-19  6.62694257E-16  3.11707040E-13  2.41760223E-11
 2.44008513E-10  7.55078424E-10  1.48069548E-09  2.48326285E-09  3.81645420E-09
 5.52058674E-09  7.60484926E-09  1.00034050E-08  1.24923011E-08  1.45701847E-08
 1.54044425E-08  1.41727937E-08  1.10307378E-08  7.53260581E-09  5.05467972E-09
 3.64401827E-09  2.85696346E-09  2.40483867E-09  2.14687143E-09  2.00995191E-09
 1.95690288E-09  1.97149195E-09  2.05522822E-09  2.23377468E-09  2.57116204E-09
 3.17754495E-09  4.15877201E-09  5.41478102E-09  6.35922733E-09  5.62049279E-09
 2.65805046E-09  3.96439384E-10  1.74744557E-11  4.06920165E-13  8.73560735E-15
 2.48906897E-16  9.98810480E-18  5.43112962E-19  3.79408592E-20  3.24883261E-21
 3.31299504E-22  3.96833103E-23  5.55768311E-24  9.10735945E-25  1.75530339E-25
 4.02786258E-26  1.11338473E-26  3.71361541E-27  1.49222776E-27  7.24416506E-28
 4.25466806E-28  3.01630165E-28  2.53390088E-28  2.34946259E-28  2.11945062E-28
 1.68545610E-28  1.16137765E-28  7.06150254E-29  3.78074661E-29  1.67975776E-29
 5.15077230E-30  6.25899471E-31  1.19633155E-32  2.30493025E-35  2.45633592E-38
 1.87082714E-41  1.10885774E-44  5.37921231E-48  2.20858421E-51  7.85778088E-55
 0.00000000E+00
 0.00000000E+00 -5.99230681E-50 -1.59516859E-46 -3.63852380E-43 -6.92281640E-40
-1.05496691E-36 -1.20762641E-33 -9.13102886E-31 -2.81299698E-28 -6.67130938E-27
-1.42796993E-26 -1.82429787E-26 -1.59569727E-26 -3.87216116E-27  2.40249495E-26
 7.90019637E-26  1.67893017E-25  3.21551547E-25  5.34279416E-25  8.46045810E-25
 1.23233317E-24  1.62924286E-24  1.48727689E-24  1.02238354E-24  1.20687256E-24
 6.89522586E-25  3.91931619E-25  2.59758033E-25  3.03513395E-25  1.91084789E-25
 3.85411394E-25 -9.38859801E-26 -4.37567782E-26  1.28100177E-25  3.23303550E-25
 3.71544088E-25  4.00617211E-25  1.30745321E-25  8.82234239E-25  1.01526247E-24
 9.85156250E-25  2.44260841E-25  1.32543627E-26  3.45104774E-28  8.13035517E-30
 2.18623325E-31  6.81236307E-33  2.65890981E-34  1.18481844E-35  5.48991599E-37
-5.36112049E-39 -1.67195396E-38 -5.09985732E-38 -2.05315878E-37 -7.48968017E-37
-2.35010593E-36 -6.32298523E-36 -1.47157959E-35 -3.00891144E-35 -5.50540336E-35
-9.31678015E-35 -1.53260772E-34 -2.54414310E-34 -4.14265143E-34 -5.99531778E-34
-7.20540528E-34 -7.31434739E-34 -6.55796835E-34 -5.31079211E-34 -3.82679167E-34
-2.31339843E-34 -1.04856479E-34 -1.77993604E-35 -5.39370405E-38 -7.37499312E-41
-6.67308406E-44 -4.51199012E-47 -2.43509676E-50 -1.09348045E-53 -4.20254642E-57
 0.00000000E+00
C3H8
 0.00000000E+00  9.05529981E-36  2.57587071E-32  6.35490155E-29  1.32846961E-25
 2.27679427E-22  3.04440389E-19  2.89779295E-16  1.36301453E-13  1.05661824E-11
 1.02741978E-10  2.84149787E-10  5.03978608E-10  7.68612714E-10  1.07655504E-09
 1.42374567E-09  1.80557528E-09  2.21741750E-09  2.65442987E-09  3.11060607E-09
 3.57709154E-09  4.04079777E-09  4.48646408E-09  4.90206759E-09  5.28101249E-09
 5.61837021E-09  5.90718106E-09  6.13513509E-09  6.28978790E-09  6.36133673E-09
 6.33942763E-09  6.21391533E-09  5.97753250E-09  5.62963260E-09  5.17906149E-09
 4.64225818E-09  4.02960789E-09  3.32189365E-09  2.43013235E-09  1.36010874E-09
 4.33528841E-10  5.61595980E-11  3.40607546E-12  1.38685093E-13  5.43694847E-15
 2.67963788E-16  1.68500478E-17  1.30557383E-18  1.22187235E-19  1.36263642E-20
 1.79485687E-21  2.77801521E-22  5.04049100E-23  1.07189365E-23  2.67778463E-24
 7.91206729E-25  2.77801571E-25  1.15379206E-25  5.61745701E-26  3.17234593E-26
 2.03714840E-26  1.44555767E-26  1.10058705E-26  8.75865542E-27  7.13332438E-27
 5.84617192E-27  4.75121839E-27  3.76873828E-27  2.84698514E-27  1.94657333E-27
 1.05951067E-27  2.62336765E-28  5.20495702E-30  1.00285487E-32  1.06873361E-35
 8.13985284E-39  4.82458288E-42  2.34047270E-45  9.60947669E-49  3.41890088E-52
 0.00000000E+00
 0.00000000E+00  1.13754771E-48  2.92906232E-45  6.43859630E-42  1.17344387E-38
 1.69795155E-35  1.81936461E-32  1.25581243E-29  3.28712565E-27  4.22750615E-26
 8.77193476E-26  1.28365046E-25  1.66685031E-25  2.07895012E-25  2.52216299E-25
 3.00476199E-25  3.49730589E-25  4.04406010E-25  4.58375102E-25  5.13026639E-25
 5.73471358E-25  6.34116761E-25  6.95120892E-25  7.52885636E-25  7.93120509E-25
 8.26383244E-25  8.52400997E-25  8.67181892E-25  8.71210516E-25  8.57953413E-25
 8.30972296E-25  7.73596814E-25  7.29148552E-25  6.96386362E-25  6.68880948E-25
 6.22286878E-25  5.59078193E-25  4.88333890E-25  4.89249133E-25  3.81185853E-25
 1.87661060E-25  3.28251964E-26  2.16260700E-27  8.33202103E-29  2.85071285E-30
 1.10162112E-31  4.60100676E-33  1.56774300E-34 -6.90579777E-36 -3.35751762E-36
-8.28879880E-37 -2.64094802E-37 -5.27058921E-37 -2.64143068E-36 -1.23747258E-35
-4.97971559E-35 -1.70318641E-34 -4.97014431E-34 -1.24991355E-33 -2.72809152E-33
-5.23093708E-33 -8.98198853E-33 -1.40717919E-32 -2.04474386E-32 -2.79403701E-32
-3.63174478E-32 -4.53271471E-32 -5.47210736E-32 -6.42752254E-32 -7.36146657E-32
-8.10836428E-32 -7.70651106E-32 -1.55038610E-32 -4.69851429E-35 -6.41454795E-38
-5.79471788E-41 -3.91231076E-44 -2.10866748E-47 -9.45780900E-51 -3.63105177E-54
 0.00000000E+00
CH2C
 0.00000000E+00  7.95548801E-59  1.98022841E-53  4.92158519E-48  1.22126458E-42
 3.02268298E-37  7.37621858E-32  1.62209958E-26  1.81913246E-21  1.28381087E-17
 3.93799401E-15  1.02685698E-13  7.52022990E-13  3.67867875E-12  1.54722686E-11
 6.17683468E-11  2.36444396E-10  8.36618809E-10  2.61302597E-09  6.94823079E-09
 1.54246379E-08  2.84803232E-08  4.40020723E-08  5.73446113E-08  6.38615295E-08
 6.31924670E-08  6.02213811E-08  6.04095507E-08  6.62560928E-08  7.85492375E-08
 9.79952349E-08  1.25318336E-07  1.60784677E-07  2.03626529E-07  2.51426912E-07
 2.99390212E-07  3.40124794E-07  3.65640968E-07  3.70668666E-07  3.49031858E-07
 2.90563707E-07  1.90516819E-07  8.15497869E-08  2.02088905E-08  3.62218998E-09
 6.51955936E-10  1.30106005E-10  2.90818093E-11  7.29816289E-12  2.05618722E-12
 6.50467909E-13  2.31201183E-13  9.24177479E-14  4.15814818E-14  2.10769754E-14
 1.20592515E-14  7.77815597E-15  5.60642401E-15  4.44978925E-15  3.80068636E-15
 3.36449445E-15  2.92969170E-15  2.36619169E-15  1.68365446E-15  1.01986688E-15
 5.15847069E-16  2.14448242E-16  7.12265028E-17  1.76515280E-17  2.77348478E-18
 1.82706848E-19  1.29943409E-21  1.69632150E-25  1.06005520E-30  3.57196927E-36
 1.02953787E-41  2.87367696E-47  7.98062855E-53  2.21326786E-58  6.13156045E-64
 0.00000000E+00
 0.00000000E+00  1.68747538E-73  4.19200883E-68  1.04087560E-62  2.57736576E-57
 6.37259492E-52  1.54736633E-46  3.15807758E-41  2.03421074E-36 -7.25216395E-33
 4.21017745E-31  1.85089345E-29  1.40549397E-28  6.93015104E-28  2.66256794E-27
 9.63691653E-27  3.22350066E-26  1.06273045E-25  3.16623192E-25  8.42437392E-25
 2.08724412E-24  4.51744027E-24  7.85713005E-24  1.06522007E-23  1.22857789E-23
 1.12653673E-23  1.23028689E-23  1.01816979E-23  9.31610155E-24  1.26228914E-23
 1.02712585E-23  2.01193849E-23  3.48102275E-23  1.86900871E-23  2.71022274E-23
 6.46352869E-24  6.52917939E-24 -2.71504573E-23  8.41149300E-24 -4.37140806E-23
-4.84283042E-23 -8.39606117E-24  2.81912798E-24  1.22382842E-24  3.19642323E-25
 4.81579958E-26 -6.45960120E-27 -3.02818969E-27 -8.54162960E-28 -6.51226800E-28
-2.60698979E-28 -1.15879211E-28 -6.63812334E-29 -3.30152632E-29 -2.36498447E-29
-2.44618451E-29 -3.88247514E-29 -7.68717887E-29 -1.59896209E-28 -3.14499272E-28
-5.51819534E-28 -8.29453351E-28 -1.03049235E-27 -1.03445507E-27 -8.35734613E-28
-5.49471894E-28 -2.99297539E-28 -1.37347704E-28 -5.33459027E-29 -1.69017331E-29
-3.68790590E-30 -3.00867841E-31 -8.97145187E-34 -7.46359616E-39 -2.71815905E-44
-7.97484555E-50 -2.23304737E-55 -6.20743545E-61 -1.72278793E-66 -4.77623871E-72
 0.00000000E+00
CH3C
 0.00000000E+00  5.45702989E-33  1.55230681E-29  3.82967865E-26  8.00580735E-23
 1.37207329E-19  1.83466085E-16  1.74630818E-13  8.21398776E-11  6.36769177E-09
 6.20269826E-08  1.72496474E-07  3.07531712E-07  4.71408610E-07  6.63714763E-07
 8.82469835E-07  1.12536066E-06  1.39015517E-06  1.67483343E-06  1.97759268E-06
 2.29681399E-06  2.63101039E-06  2.97911311E-06  3.34057739E-06  3.71470136E-06
 4.10046237E-06  4.49725283E-06  4.90078018E-06  5.30656104E-06  5.71569158E-06
 6.13081343E-06  6.55405054E-06  6.98468071E-06  7.41366633E-06  7.81342536E-06
 8.12088687E-06  8.22052661E-06  7.95666706E-06  7.16040507E-06  5.72954443E-06
 3.74879178E-06  1.69428938E-06  4.46044923E-07  7.32096463E-08  1.02446052E-08
 1.61712460E-09  2.98804555E-10  6.31849090E-11  1.50419084E-11  3.97811886E-12
 1.15720407E-12  3.67705443E-13  1.27083912E-13  4.76757302E-14  1.94199057E-14
 8.62901755E-15  4.20205721E-15  2.23855074E-15  1.29719426E-15  8.12447254E-16
 5.43568315E-16  3.82226187E-16  2.78256400E-16  2.07154675E-16  1.56156007E-16
 1.18087786E-16  8.86372670E-17  6.50780183E-17  4.55446380E-17  2.87596902E-17
 1.43059329E-17  3.21109571E-18  6.34952222E-20  1.22336833E-22  1.30372445E-25
 9.92957180E-29  5.88534105E-32  2.85504873E-35  1.17221672E-38  4.17054708E-42
 0.00000000E+00
 0.00000000E+00  9.08854352E-47  2.30477759E-43  4.97485570E-40  8.86806048E-37
 1.24790908E-33  1.28605836E-30  8.34978458E-28  1.90379105E-25  3.55666114E-25
 6.32722649E-25  2.47301399E-24  4.37408860E-24  6.53606185E-24  8.54932422E-24
 1.01483131E-23  1.16927633E-23  1.32813859E-23  1.41275919E-23  1.47164292E-23
 1.72122941E-23  2.11276801E-23  2.71726969E-23  3.39427066E-23  3.72824831E-23
 4.14830078E-23  5.20277476E-23  6.27337275E-23  7.38729680E-23  8.24373697E-23
 8.69836619E-23  9.15508745E-23  9.36830228E-23  8.82629618E-23  6.42375297E-23
 1.47566235E-23 -4.95931355E-23 -1.22132675E-22 -2.31185850E-22 -2.19007901E-22
 3.30823437E-25  7.47144343E-23  5.02883629E-23  9.46591037E-24  1.11932957E-24
 9.66405391E-26 -2.31164465E-27 -4.91199689E-27 -2.37424139E-27 -9.86697786E-28
-3.98863263E-28 -1.67261124E-28 -7.64144912E-29 -4.46154869E-29 -4.59554891E-29
-7.87171942E-29 -1.52469323E-28 -2.77759582E-28 -4.54209333E-28 -6.59425259E-28
-8.54166768E-28 -1.00240641E-27 -1.08664372E-27 -1.11144773E-27 -1.09548360E-27
-1.06053416E-27 -1.02453373E-27 -9.99902517E-28 -9.95037881E-28 -1.01738771E-27
-1.07238043E-27 -1.10617832E-27 -3.75629427E-28 -1.17176082E-30 -1.62280426E-33
-1.48008183E-36 -1.00649539E-39 -5.45626571E-43 -2.45910046E-46 -9.48029405E-50
 0.00000000E+00
<    
