>DATA
> TIME (S)  1.000E+03     1.000000000000000000E+03
> GRIDS:           81> NPDE             42
> PSI      
 0.000000000000000000E+00   4.599999999999999055E-03   9.199999999999784739E-03
 1.379999999999935271E-02   1.839999999994770818E-02   2.299999993327187311E-02
 2.759995035817677453E-02   3.218767407211176740E-02   3.639035028673352767E-02
 3.851729521637692333E-02   3.884365150739937933E-02   3.892739053939139188E-02
 3.898037453744610664E-02   3.902229602639385037E-02   3.905854741878186931E-02
 3.909140690011989050E-02   3.912207701483336186E-02   3.915126098897121071E-02
 3.917941285098373166E-02   3.920684837988706178E-02   3.923379848744464049E-02
 3.926044003807983157E-02   3.928693183010449619E-02   3.931343246219451415E-02
 3.934007169887323435E-02   3.936694470492796416E-02   3.939406775671926153E-02
 3.942117314602269773E-02   3.944806224418023061E-02   3.947484947459387050E-02
 3.950165734020841257E-02   3.952859337644899773E-02   3.955575944887428780E-02
 3.958325397777556071E-02   3.961120585131414074E-02   3.963972561046889137E-02
 3.966867704751560197E-02   3.969829379384944013E-02   3.972878018609398570E-02
 3.976038498205024946E-02   3.979410064153712789E-02   3.983023136123573643E-02
 3.986844548617282658E-02   3.990811627272426027E-02   3.994507942719173477E-02
 3.997821756718052816E-02   4.000876140011062204E-02   4.003750934320532417E-02
 4.006499299364731093E-02   4.009158945671719571E-02   4.011758356376896734E-02
 4.014320291046445666E-02   4.016863762426483436E-02   4.019406978194924734E-02
 4.021954603641687831E-02   4.024498869837331988E-02   4.027046750406505088E-02
 4.029615295446265649E-02   4.032206186814159266E-02   4.034816837616467256E-02
 4.037463067634883274E-02   4.040171993015490709E-02   4.042975271653281161E-02
 4.045912342397214173E-02   4.049036284719451095E-02   4.052430782472304927E-02
 4.056288248014653514E-02   4.061069552459831145E-02   4.067577611985420671E-02
 4.078906390413189476E-02   4.101773756115336539E-02   4.174213973851539222E-02
 4.334910864546809989E-02   4.780117614360702288E-02   5.240000150065790563E-02
 5.700000000110948262E-02   6.160000000000127179E-02   6.620000000000032803E-02
 7.080000000000011284E-02   7.540000000000002256E-02   8.000000000000000167E-02
  r(
 0.00000000E+00  4.60000000E-03  9.20000000E-03  1.38000000E-02  1.84000000E-02
 2.29999999E-02  2.75999504E-02  3.21876741E-02  3.63903503E-02  3.85172952E-02
 3.88436515E-02  3.89273905E-02  3.89803745E-02  3.90222960E-02  3.90585474E-02
 3.90914069E-02  3.91220770E-02  3.91512610E-02  3.91794129E-02  3.92068484E-02
 3.92337985E-02  3.92604400E-02  3.92869318E-02  3.93134325E-02  3.93400717E-02
 3.93669447E-02  3.93940678E-02  3.94211731E-02  3.94480622E-02  3.94748495E-02
 3.95016573E-02  3.95285934E-02  3.95557594E-02  3.95832540E-02  3.96112059E-02
 3.96397256E-02  3.96686770E-02  3.96982938E-02  3.97287802E-02  3.97603850E-02
 3.97941006E-02  3.98302314E-02  3.98684455E-02  3.99081163E-02  3.99450794E-02
 3.99782176E-02  4.00087614E-02  4.00375093E-02  4.00649930E-02  4.00915895E-02
 4.01175836E-02  4.01432029E-02  4.01686376E-02  4.01940698E-02  4.02195460E-02
 4.02449887E-02  4.02704675E-02  4.02961530E-02  4.03220619E-02  4.03481684E-02
 4.03746307E-02  4.04017199E-02  4.04297527E-02  4.04591234E-02  4.04903628E-02
 4.05243078E-02  4.05628825E-02  4.06106955E-02  4.06757761E-02  4.07890639E-02
 4.10177376E-02  4.17421397E-02  4.33491086E-02  4.78011761E-02  5.24000015E-02
 5.70000000E-02  6.16000000E-02  6.62000000E-02  7.08000000E-02  7.54000000E-02
 8.00000000E-02
 0.00000000E+00  0.00000000E+00  0.00000000E+00  0.00000000E+00  0.00000000E+00
 0.00000000E+00  0.00000000E+00  0.00000000E+00  0.00000000E+00  0.00000000E+00
 0.00000000E+00  0.00000000E+00  0.00000000E+00  0.00000000E+00  0.00000000E+00
 0.00000000E+00  0.00000000E+00  0.00000000E+00  0.00000000E+00  0.00000000E+00
 0.00000000E+00  0.00000000E+00  0.00000000E+00  0.00000000E+00  0.00000000E+00
 0.00000000E+00  0.00000000E+00  0.00000000E+00  0.00000000E+00  0.00000000E+00
 0.00000000E+00  0.00000000E+00  0.00000000E+00  0.00000000E+00  0.00000000E+00
 0.00000000E+00  0.00000000E+00  0.00000000E+00  0.00000000E+00  0.00000000E+00
 0.00000000E+00  0.00000000E+00  0.00000000E+00  0.00000000E+00  0.00000000E+00
 0.00000000E+00  0.00000000E+00  0.00000000E+00  0.00000000E+00  0.00000000E+00
 0.00000000E+00  0.00000000E+00  0.00000000E+00  0.00000000E+00  0.00000000E+00
 0.00000000E+00  0.00000000E+00  0.00000000E+00  0.00000000E+00  0.00000000E+00
 0.00000000E+00  0.00000000E+00  0.00000000E+00  0.00000000E+00  0.00000000E+00
 0.00000000E+00  0.00000000E+00  0.00000000E+00  0.00000000E+00  0.00000000E+00
 0.00000000E+00  0.00000000E+00  0.00000000E+00  0.00000000E+00  0.00000000E+00
 0.00000000E+00  0.00000000E+00  0.00000000E+00  0.00000000E+00  0.00000000E+00
 0.00000000E+00
  J 
-2.13000000E+05 -2.13000000E+05 -2.13000000E+05 -2.13000000E+05 -2.13000000E+05
-2.13000000E+05 -2.13000000E+05 -2.13000000E+05 -2.13000000E+05 -2.13000000E+05
-2.13000000E+05 -2.13000000E+05 -2.13000000E+05 -2.13000000E+05 -2.13000000E+05
-2.13000000E+05 -2.13000000E+05 -2.13000000E+05 -2.13000000E+05 -2.13000000E+05
-2.13000000E+05 -2.13000000E+05 -2.13000000E+05 -2.13000000E+05 -2.13000000E+05
-2.13000000E+05 -2.13000000E+05 -2.13000000E+05 -2.13000000E+05 -2.13000000E+05
-2.13000000E+05 -2.13000000E+05 -2.13000000E+05 -2.13000000E+05 -2.13000000E+05
-2.13000000E+05 -2.13000000E+05 -2.13000000E+05 -2.13000000E+05 -2.13000000E+05
-2.13000000E+05 -2.13000000E+05 -2.13000000E+05 -2.13000000E+05 -2.13000000E+05
-2.13000000E+05 -2.13000000E+05 -2.13000000E+05 -2.13000000E+05 -2.13000000E+05
-2.13000000E+05 -2.13000000E+05 -2.13000000E+05 -2.13000000E+05 -2.13000000E+05
-2.13000000E+05 -2.13000000E+05 -2.13000000E+05 -2.13000000E+05 -2.13000000E+05
-2.13000000E+05 -2.13000000E+05 -2.13000000E+05 -2.13000000E+05 -2.13000000E+05
-2.13000000E+05 -2.13000000E+05 -2.13000000E+05 -2.13000000E+05 -2.13000000E+05
-2.13000000E+05 -2.13000000E+05 -2.13000000E+05 -2.13000000E+05 -2.13000000E+05
-2.13000000E+05 -2.13000000E+05 -2.13000000E+05 -2.13000000E+05 -2.13000000E+05
-2.13000000E+05
 0.00000000E+00  0.00000000E+00  0.00000000E+00  0.00000000E+00  0.00000000E+00
 0.00000000E+00  0.00000000E+00  0.00000000E+00  0.00000000E+00  0.00000000E+00
 0.00000000E+00  0.00000000E+00  0.00000000E+00  0.00000000E+00  0.00000000E+00
 0.00000000E+00  0.00000000E+00  0.00000000E+00  0.00000000E+00  0.00000000E+00
 0.00000000E+00  0.00000000E+00  0.00000000E+00  0.00000000E+00  0.00000000E+00
 0.00000000E+00  0.00000000E+00  0.00000000E+00  0.00000000E+00  0.00000000E+00
 0.00000000E+00  0.00000000E+00  0.00000000E+00  0.00000000E+00  0.00000000E+00
 0.00000000E+00  0.00000000E+00  0.00000000E+00  0.00000000E+00  0.00000000E+00
 0.00000000E+00  0.00000000E+00  0.00000000E+00  0.00000000E+00  0.00000000E+00
 0.00000000E+00  0.00000000E+00  0.00000000E+00  0.00000000E+00  0.00000000E+00
 0.00000000E+00  0.00000000E+00  0.00000000E+00  0.00000000E+00  0.00000000E+00
 0.00000000E+00  0.00000000E+00  0.00000000E+00  0.00000000E+00  0.00000000E+00
 0.00000000E+00  0.00000000E+00  0.00000000E+00  0.00000000E+00  0.00000000E+00
 0.00000000E+00  0.00000000E+00  0.00000000E+00  0.00000000E+00  0.00000000E+00
 0.00000000E+00  0.00000000E+00  0.00000000E+00  0.00000000E+00  0.00000000E+00
 0.00000000E+00  0.00000000E+00  0.00000000E+00  0.00000000E+00  0.00000000E+00
 0.00000000E+00
   G
 4.53503983E+02  4.53503983E+02  4.53503983E+02  4.53503983E+02  4.53503983E+02
 4.53503983E+02  4.53503983E+02  4.53503993E+02  4.53517218E+02  4.55980188E+02
 4.65792417E+02  4.74693877E+02  4.84868619E+02  4.96548862E+02  5.09612743E+02
 5.23859583E+02  5.39084052E+02  5.55084891E+02  5.71676341E+02  5.88690620E+02
 6.05975209E+02  6.23390351E+02  6.40818208E+02  6.58164194E+02  6.75329168E+02
 6.92199786E+02  7.08620115E+02  7.24283849E+02  7.38970007E+02  7.52660168E+02
 7.65342254E+02  7.76994480E+02  7.87588025E+02  7.97086133E+02  8.05452106E+02
 8.12629128E+02  8.18502350E+02  8.23039383E+02  8.26166548E+02  8.27783501E+02
 8.27726387E+02  8.25677524E+02  8.21335315E+02  8.14530102E+02  8.06153784E+02
 7.97036230E+02  7.87338015E+02  7.77121801E+02  7.66410349E+02  7.55205505E+02
 7.43496105E+02  7.31262055E+02  7.18477455E+02  7.05103984E+02  6.91167279E+02
 6.76767561E+02  6.61930936E+02  6.46627883E+02  6.30928199E+02  6.14944371E+02
 5.98695029E+02  5.82154290E+02  5.65310083E+02  5.48171301E+02  5.30776690E+02
 5.13178805E+02  4.95239553E+02  4.76534764E+02  4.57604702E+02  4.38933595E+02
 4.27091162E+02  4.23501469E+02  4.23369670E+02  4.23368606E+02  4.23368606E+02
 4.23368606E+02  4.23368606E+02  4.23368606E+02  4.23368606E+02  4.23368606E+02
 4.23368606E+02
 2.37985405E-16  2.37985405E-16  2.64995605E-16 -1.97841798E-17  2.15100250E-18
 5.80314312E-17  5.86952187E-17  8.94896223E-17 -3.08306606E-16 -1.18866376E-14
-8.18987948E-15 -3.65948968E-15  1.31503734E-15  6.38836435E-15  1.11397796E-14
 1.58821565E-14  2.01378427E-14  2.40175504E-14  2.72105408E-14  3.04945312E-14
 3.28278967E-14  3.46347777E-14  3.59436503E-14  3.70657060E-14  3.70918151E-14
 3.69186779E-14  3.59457706E-14  3.42189599E-14  3.23251465E-14  2.95408817E-14
 2.66943389E-14  2.25788925E-14  1.85291938E-14  1.39520355E-14  9.04269564E-15
 3.36788296E-15 -2.19959903E-15 -7.64669455E-15 -1.41963298E-14 -2.04628604E-14
-2.69296375E-14 -3.35544431E-14 -4.03052028E-14 -4.67647640E-14 -5.21691628E-14
-5.64123174E-14 -5.98835750E-14 -6.28415065E-14 -6.50860968E-14 -6.66319802E-14
-6.84200477E-14 -6.92470985E-14 -6.99399713E-14 -7.01274150E-14 -7.01377192E-14
-7.00552844E-14 -6.94336286E-14 -6.89575181E-14 -6.79995991E-14 -6.66792305E-14
-6.50689679E-14 -6.33883482E-14 -6.13616883E-14 -5.89624706E-14 -5.59507290E-14
-5.26211084E-14 -4.77167005E-14 -4.12096777E-14 -3.22628366E-14 -1.88197652E-14
-6.37855302E-15 -3.18248398E-16  4.41904834E-17 -1.86215555E-17 -4.23634173E-17
 2.15211894E-17 -5.11070515E-17 -6.21455470E-17 -7.31776799E-17 -8.42098223E-17
-2.14482358E-16
 v(m
 3.56294382E+01  3.14572015E+01  2.72849649E+01  2.31127283E+01  1.89404916E+01
 1.47682550E+01  1.05960633E+01  6.43496195E+00  2.62344251E+00  7.17904371E-01
 4.67255585E-01  4.24511661E-01  4.09386561E-01  4.04861459E-01  4.05512239E-01
 4.08622516E-01  4.12568098E-01  4.16291976E-01  4.19073802E-01  4.20405717E-01
 4.19917130E-01  4.17327503E-01  4.12412204E-01  4.04971865E-01  3.94820713E-01
 3.81788976E-01  3.65757505E-01  3.46840571E-01  3.25240814E-01  3.00975722E-01
 2.74026999E-01  2.44362379E-01  2.11933053E-01  1.76676384E-01  1.38475086E-01
 9.72235998E-02  5.31970186E-02  6.16537818E-03 -4.40265925E-02 -9.74658438E-02
-1.55128018E-01 -2.15976801E-01 -2.76954259E-01 -3.35304804E-01 -3.85378268E-01
-4.26924510E-01 -4.62318490E-01 -4.92889766E-01 -5.19418864E-01 -5.42384493E-01
-5.62082342E-01 -5.78686555E-01 -5.92283895E-01 -6.02902013E-01 -6.10481053E-01
-6.14960817E-01 -6.16367505E-01 -6.14739274E-01 -6.10135292E-01 -6.02700601E-01
-5.92602204E-01 -5.79987081E-01 -5.65011623E-01 -5.47878679E-01 -5.28911272E-01
-5.08664228E-01 -4.87986415E-01 -4.68898117E-01 -4.59187497E-01 -4.87155926E-01
-6.34782400E-01 -1.23274338E+00 -2.59241056E+00 -6.36212577E+00 -1.02561223E+01
-1.41511122E+01 -1.80461034E+01 -2.19410945E+01 -2.58360857E+01 -2.97310769E+01
-3.36260681E+01
 0.00000000E+00  3.69499906E-18  3.93116160E-18 -7.01076650E-19  2.47842604E-18
-4.17596470E-17 -2.64685463E-18 -7.56909707E-18 -1.18313579E-17 -5.31004439E-17
-1.31381206E-17  1.22494882E-17  3.46032212E-17  5.41651300E-17  6.98382346E-17
 8.16495802E-17  8.94081503E-17  9.23997760E-17  9.12735201E-17  8.58193930E-17
 7.56742482E-17  6.19140525E-17  4.26559492E-17  2.25167083E-17 -3.08123931E-18
-3.22547386E-17 -6.36828392E-17 -9.96505362E-17 -1.38344519E-16 -1.79502416E-16
-2.23615417E-16 -2.68933765E-16 -3.16365523E-16 -3.63894341E-16 -4.11745597E-16
-4.60237218E-16 -5.07007483E-16 -5.50980476E-16 -5.90740727E-16 -6.21471042E-16
-6.36278150E-16 -6.25743534E-16 -5.86663844E-16 -5.29308836E-16 -4.66790299E-16
-4.00138792E-16 -3.30728440E-16 -2.58016393E-16 -1.84749612E-16 -1.07537275E-16
-3.20693896E-17  4.23161846E-17  1.16894473E-16  1.88710839E-16  2.57582279E-16
 3.21916661E-16  3.79600344E-16  4.30237026E-16  4.73442024E-16  5.06241778E-16
 5.30121861E-16  5.41741617E-16  5.43170810E-16  5.32957369E-16  5.08627676E-16
 4.70179694E-16  4.19164880E-16  3.48665015E-16  2.65553742E-16  1.70839957E-16
 1.01747690E-16  7.46429035E-17  7.05662911E-17  6.85216436E-17  7.07519572E-17
 8.51108564E-17  6.95543087E-17  6.73275094E-17  6.93993022E-17  6.97078455E-17
 7.63429543E-17
  T(
 2.98000000E+02  2.98000000E+02  2.98000000E+02  2.98000000E+02  2.98000000E+02
 2.98000000E+02  2.98000000E+02  2.98000018E+02  2.98021043E+02  3.01912706E+02
 3.24437019E+02  3.50052652E+02  3.80069467E+02  4.14672962E+02  4.53374435E+02
 4.95574763E+02  5.40740099E+02  5.88408455E+02  6.38208480E+02  6.89854231E+02
 7.43127062E+02  7.97860728E+02  8.53966794E+02  9.11442788E+02  9.70286386E+02
 1.03046016E+03  1.09177029E+03  1.15337702E+03  1.21460117E+03  1.27549195E+03
 1.33612382E+03  1.39652952E+03  1.45670713E+03  1.51660981E+03  1.57619815E+03
 1.63529910E+03  1.69309739E+03  1.74926411E+03  1.80276477E+03  1.85133101E+03
 1.89106946E+03  1.91301337E+03  1.90811316E+03  1.87834827E+03  1.83789919E+03
 1.79527902E+03  1.75158221E+03  1.70666951E+03  1.66023431E+03  1.61199180E+03
 1.56169811E+03  1.50914323E+03  1.45414700E+03  1.39652053E+03  1.33639166E+03
 1.27425092E+03  1.21030628E+03  1.14456004E+03  1.07747216E+03  1.00970131E+03
 9.41505354E+02  8.72938809E+02  8.04091310E+02  7.35109179E+02  6.66236711E+02
 5.97776280E+02  5.29377127E+02  4.59928193E+02  3.92543776E+02  3.31857955E+02
 2.99563493E+02  2.92241349E+02  2.92001794E+02  2.92000001E+02  2.92000000E+02
 2.92000000E+02  2.92000000E+02  2.92000000E+02  2.92000000E+02  2.92000000E+02
 2.92000000E+02
 0.00000000E+00  2.82385310E-20 -4.32336222E-21 -4.94389187E-21 -2.36709698E-19
-3.08833416E-16  1.69736284E-16 -4.80210229E-17  1.03526722E-16 -1.49510647E-14
-2.62637756E-15  1.31179424E-14  3.13495213E-14  5.11161866E-14  7.10207941E-14
 9.06715110E-14  1.09731513E-13  1.27309092E-13  1.43983532E-13  1.59828069E-13
 1.73663748E-13  1.86955256E-13  1.99071550E-13  2.09960100E-13  2.19119874E-13
 2.26530767E-13  2.31189489E-13  2.35173295E-13  2.36094968E-13  2.35286847E-13
 2.31651192E-13  2.25739796E-13  2.17594505E-13  2.06146462E-13  1.92905178E-13
 1.74973712E-13  1.53267804E-13  1.25959007E-13  9.02626164E-14  4.03909924E-14
-3.63048454E-14 -1.42969764E-13 -2.59179859E-13 -3.45243452E-13 -3.97105127E-13
-4.36309240E-13 -4.70360381E-13 -5.00287983E-13 -5.27941062E-13 -5.53292396E-13
-5.74853200E-13 -5.92720551E-13 -6.08166819E-13 -6.19100400E-13 -6.25279175E-13
-6.25596524E-13 -6.22518094E-13 -6.11916102E-13 -5.95840478E-13 -5.73494617E-13
-5.44549057E-13 -5.10159969E-13 -4.70818695E-13 -4.26443719E-13 -3.77515214E-13
-3.24569664E-13 -2.66177346E-13 -2.00717345E-13 -1.29309612E-13 -5.66555121E-14
-1.29922270E-14 -5.60789665E-16 -5.85119464E-17  3.89024737E-17  7.41277492E-17
 8.70305257E-17 -1.84447324E-20 -4.16819341E-23 -1.42148786E-26 -3.25939517E-30
 0.00000000E+00
  p(
 1.00000000E+05  1.00000000E+05  1.00000000E+05  1.00000000E+05  1.00000000E+05
 1.00000000E+05  1.00000000E+05  1.00000000E+05  1.00000000E+05  1.00000000E+05
 1.00000000E+05  1.00000000E+05  1.00000000E+05  1.00000000E+05  1.00000000E+05
 1.00000000E+05  1.00000000E+05  1.00000000E+05  1.00000000E+05  1.00000000E+05
 1.00000000E+05  1.00000000E+05  1.00000000E+05  1.00000000E+05  1.00000000E+05
 1.00000000E+05  1.00000000E+05  1.00000000E+05  1.00000000E+05  1.00000000E+05
 1.00000000E+05  1.00000000E+05  1.00000000E+05  1.00000000E+05  1.00000000E+05
 1.00000000E+05  1.00000000E+05  1.00000000E+05  1.00000000E+05  1.00000000E+05
 1.00000000E+05  1.00000000E+05  1.00000000E+05  1.00000000E+05  1.00000000E+05
 1.00000000E+05  1.00000000E+05  1.00000000E+05  1.00000000E+05  1.00000000E+05
 1.00000000E+05  1.00000000E+05  1.00000000E+05  1.00000000E+05  1.00000000E+05
 1.00000000E+05  1.00000000E+05  1.00000000E+05  1.00000000E+05  1.00000000E+05
 1.00000000E+05  1.00000000E+05  1.00000000E+05  1.00000000E+05  1.00000000E+05
 1.00000000E+05  1.00000000E+05  1.00000000E+05  1.00000000E+05  1.00000000E+05
 1.00000000E+05  1.00000000E+05  1.00000000E+05  1.00000000E+05  1.00000000E+05
 1.00000000E+05  1.00000000E+05  1.00000000E+05  1.00000000E+05  1.00000000E+05
 1.00000000E+05
 0.00000000E+00  0.00000000E+00  0.00000000E+00  0.00000000E+00  0.00000000E+00
 0.00000000E+00  0.00000000E+00  0.00000000E+00  0.00000000E+00  0.00000000E+00
 0.00000000E+00  0.00000000E+00  0.00000000E+00  0.00000000E+00  0.00000000E+00
 0.00000000E+00  0.00000000E+00  0.00000000E+00  0.00000000E+00  0.00000000E+00
 0.00000000E+00  0.00000000E+00  0.00000000E+00  0.00000000E+00  0.00000000E+00
 0.00000000E+00  0.00000000E+00  0.00000000E+00  0.00000000E+00  0.00000000E+00
 0.00000000E+00  0.00000000E+00  0.00000000E+00  0.00000000E+00  0.00000000E+00
 0.00000000E+00  0.00000000E+00  0.00000000E+00  0.00000000E+00  0.00000000E+00
 0.00000000E+00  0.00000000E+00  0.00000000E+00  0.00000000E+00  0.00000000E+00
 0.00000000E+00  0.00000000E+00  0.00000000E+00  0.00000000E+00  0.00000000E+00
 0.00000000E+00  0.00000000E+00  0.00000000E+00  0.00000000E+00  0.00000000E+00
 0.00000000E+00  0.00000000E+00  0.00000000E+00  0.00000000E+00  0.00000000E+00
 0.00000000E+00  0.00000000E+00  0.00000000E+00  0.00000000E+00  0.00000000E+00
 0.00000000E+00  0.00000000E+00  0.00000000E+00  0.00000000E+00  0.00000000E+00
 0.00000000E+00  0.00000000E+00  0.00000000E+00  0.00000000E+00  0.00000000E+00
 0.00000000E+00  0.00000000E+00  0.00000000E+00  0.00000000E+00  0.00000000E+00
 0.00000000E+00
N2  
 6.49046641E-01  6.49046641E-01  6.49046641E-01  6.49046641E-01  6.49046641E-01
 6.49046641E-01  6.49046641E-01  6.49046642E-01  6.49047378E-01  6.49183702E-01
 6.49976642E-01  6.50886955E-01  6.51966122E-01  6.53227850E-01  6.54662236E-01
 6.56254592E-01  6.57991031E-01  6.59858282E-01  6.61844324E-01  6.63938398E-01
 6.66130662E-01  6.68412021E-01  6.70775624E-01  6.73217628E-01  6.75733966E-01
 6.78317466E-01  6.80952558E-01  6.83597608E-01  6.86219902E-01  6.88819038E-01
 6.91396923E-01  6.93955039E-01  6.96495001E-01  6.99018511E-01  7.01530209E-01
 7.04032989E-01  7.06508869E-01  7.08972652E-01  7.11436150E-01  7.13915209E-01
 7.16483602E-01  7.19164838E-01  7.21947260E-01  7.24805965E-01  7.27455506E-01
 7.29820696E-01  7.31989654E-01  7.34018130E-01  7.35942415E-01  7.37787491E-01
 7.39571427E-01  7.41307801E-01  7.43007012E-01  7.44678163E-01  7.46320726E-01
 7.47925949E-01  7.49494289E-01  7.51031443E-01  7.52532667E-01  7.53990153E-01
 7.55404689E-01  7.56779639E-01  7.58117011E-01  7.59417827E-01  7.60681390E-01
 7.61906166E-01  7.63102165E-01  7.64291580E-01  7.65424630E-01  7.66429573E-01
 7.66958990E-01  7.67078550E-01  7.67082459E-01  7.67082489E-01  7.67082489E-01
 7.67082489E-01  7.67082489E-01  7.67082489E-01  7.67082489E-01  7.67082489E-01
 7.67082489E-01
 0.00000000E+00  4.92932602E-34  3.15334804E-30  1.74949448E-26  8.22240919E-23
-3.61281237E-20 -1.88398995E-20 -5.44109954E-20  8.57397049E-20  2.44664454E-19
 9.39611756E-19  1.82473010E-18  2.75285045E-18  4.15686177E-18  5.29180312E-18
 6.40741089E-18  7.93433520E-18  9.05090479E-18  1.01881621E-17  1.13771796E-17
 1.25770507E-17  1.39783006E-17  1.46344467E-17  1.55566619E-17  1.67250576E-17
 1.75702981E-17  1.82002866E-17  1.88494352E-17  1.89504206E-17  1.92333446E-17
 1.95598760E-17  2.01766727E-17  1.98602773E-17  2.01593881E-17  2.00920477E-17
 1.99142264E-17  1.94351941E-17  2.53170686E-17  1.97243951E-17  1.93485835E-17
 1.94287232E-17  1.83301220E-17  1.77520394E-17  1.68975554E-17  1.70277400E-17
 1.59979779E-17  1.56628759E-17  1.51570391E-17  1.43469473E-17  1.37093809E-17
 1.29893368E-17  1.25541981E-17  1.18564484E-17  1.07502367E-17  9.96650424E-18
 9.28163954E-18  8.84997521E-18  7.66901190E-18  6.96737561E-18  6.29889706E-18
 5.57275540E-18  4.84705038E-18  4.42665856E-18  3.75095901E-18  3.29304311E-18
 2.39183381E-18  2.31248628E-18  1.44037949E-18  9.10967808E-19  5.36411216E-19
 2.56794176E-19  1.58763873E-19  7.59543634E-20 -8.60226189E-21 -1.73394955E-19
-1.04232668E-20 -2.66858941E-24 -5.61969932E-28 -1.00506271E-31 -1.56185980E-35
 0.00000000E+00
CO2 
 0.00000000E+00  2.06615063E-31  1.32173792E-27  7.33305450E-24  3.44643553E-20
 1.32746173E-16  3.98701749E-13  8.55936564E-10  9.81242302E-07  1.82574476E-04
 1.23882442E-03  2.45142125E-03  3.88894155E-03  5.56964139E-03  7.48032966E-03
 9.60143819E-03  1.19144679E-02  1.44017392E-02  1.70472371E-02  1.98366275E-02
 2.27567982E-02  2.57956273E-02  2.89439849E-02  3.21967395E-02  3.55484586E-02
 3.89895601E-02  4.24992548E-02  4.60220043E-02  4.95140992E-02  5.29747695E-02
 5.64061550E-02  5.98095498E-02  6.31859504E-02  6.65356777E-02  6.98616005E-02
 7.31619716E-02  7.64039231E-02  7.95918551E-02  8.27162276E-02  8.57582004E-02
 8.87441061E-02  9.15755126E-02  9.39396820E-02  9.52768804E-02  9.51876554E-02
 9.39592479E-02  9.19124148E-02  8.92569221E-02  8.61339369E-02  8.26434979E-02
 7.88601072E-02  7.48416425E-02  7.06347913E-02  6.62754579E-02  6.18147407E-02
 5.73201953E-02  5.28274126E-02  4.83488960E-02  4.39207985E-02  3.95835573E-02
 3.53477453E-02  3.12124217E-02  2.71778626E-02  2.32453270E-02  1.94198740E-02
 1.57081449E-02  1.20811095E-02  8.47227220E-03  5.03328720E-03  1.98241661E-03
 3.74985376E-04  1.19575241E-05  8.88641300E-08  6.77086879E-11  3.05050233E-14
 9.95868581E-18  2.54965306E-21  5.36921739E-25  9.60262237E-29  1.49223649E-32
 0.00000000E+00
 0.00000000E+00 -5.22025169E-46 -3.05676898E-42 -1.52823493E-38 -6.31793300E-35
-2.06034582E-31 -4.91219451E-28 -7.28021433E-25 -3.45610309E-22  7.65938202E-20
 8.36048884E-19  1.61388378E-18  2.45426370E-18  3.35599312E-18  4.29147696E-18
 5.22836268E-18  6.16447494E-18  7.09114931E-18  7.99417415E-18  8.87586854E-18
 9.73929286E-18  1.05831562E-17  1.13871680E-17  1.21613303E-17  1.29096512E-17
 1.35513985E-17  1.41025583E-17  1.45840993E-17  1.49798186E-17  1.53123909E-17
 1.55303070E-17  1.56473083E-17  1.57292445E-17  1.57174067E-17  1.56200353E-17
 1.54421546E-17  1.51454143E-17  1.54757725E-17  1.43384100E-17  1.35288184E-17
 1.25081936E-17  1.05024230E-17  7.08322076E-18  1.58166010E-18 -4.16134435E-18
-9.34579464E-18 -1.37355526E-17 -1.73314761E-17 -2.02126338E-17 -2.24708501E-17
-2.40307372E-17 -2.50589162E-17 -2.55658811E-17 -2.55689178E-17 -2.51086552E-17
-2.43450502E-17 -2.32744025E-17 -2.20024420E-17 -2.06019617E-17 -1.90783973E-17
-1.74574691E-17 -1.57667652E-17 -1.40772906E-17 -1.23969913E-17 -1.07325256E-17
-9.10352652E-18 -7.46023973E-18 -5.67647286E-18 -3.75258120E-18 -1.72404402E-18
-4.39098784E-19 -2.29825560E-20 -3.86015717E-22 -3.86461171E-25 -2.04609553E-28
-7.48883594E-32 -2.09539356E-35 -4.74401647E-39 -9.02193660E-43 -1.47861149E-46
 0.00000000E+00
H2O 
 0.00000000E+00  2.79421766E-31  1.78748992E-27  9.91706513E-24  4.66088526E-20
 1.79523068E-16  5.39195667E-13  1.15755019E-09  1.32701097E-06  2.46909747E-04
 1.67533226E-03  3.31514530E-03  5.25909226E-03  7.53184825E-03  1.01155574E-02
 1.29837364E-02  1.61113434E-02  1.94744395E-02  2.30513292E-02  2.68225806E-02
 3.07704014E-02  3.48783209E-02  3.91338886E-02  4.35300188E-02  4.80591524E-02
 5.27080151E-02  5.74480181E-02  6.22033992E-02  6.69140565E-02  7.15772926E-02
 7.61933900E-02  8.07600243E-02  8.52722180E-02  8.97206185E-02  9.40937581E-02
 9.83650263E-02  1.02453313E-01  1.06299289E-01  1.09772793E-01  1.12636030E-01
 1.14520664E-01  1.14782033E-01  1.12871883E-01  1.08906881E-01  1.04107381E-01
 9.93181823E-02  9.46677311E-02  9.01499486E-02  8.57297141E-02  8.13704249E-02
 7.70405549E-02  7.27147040E-02  6.83736252E-02  6.40012130E-02  5.96079599E-02
 5.52297767E-02  5.08802414E-02  4.65584076E-02  4.22916693E-02  3.81150100E-02
 3.40367277E-02  3.00551624E-02  2.61703875E-02  2.23836695E-02  1.86999951E-02
 1.51258427E-02  1.16332841E-02  8.15827294E-03  4.84679889E-03  1.90899507E-03
 3.61100764E-04  1.15147778E-05  8.55737957E-08  6.52016671E-11  2.93755268E-14
 9.58994979E-18  2.45524814E-21  5.17041366E-25  9.24707016E-29  1.43698409E-32
 0.00000000E+00
 0.00000000E+00 -3.48005891E-45 -2.10662436E-41 -1.09613239E-37 -4.77195006E-34
-1.67177897E-30 -4.43680441E-27 -7.97736530E-24 -6.68074534E-21 -4.71374686E-19
 2.65785960E-19  1.13445464E-18  2.07690741E-18  3.09502416E-18  4.13595116E-18
 5.15539407E-18  6.15708736E-18  7.12780123E-18  8.06323675E-18  8.95436303E-18
 9.80025680E-18  1.06079592E-17  1.13575387E-17  1.20422454E-17  1.26280175E-17
 1.31001952E-17  1.34278519E-17  1.36629124E-17  1.37912532E-17  1.37552911E-17
 1.35807791E-17  1.32451359E-17  1.28690285E-17  1.23284338E-17  1.16332388E-17
 1.06898025E-17  9.41353768E-18  8.66422269E-18  5.52150322E-18  2.06739557E-18
-3.03505092E-18 -1.00655792E-17 -1.73165079E-17 -2.25600559E-17 -2.50027648E-17
-2.61026946E-17 -2.64546422E-17 -2.65798447E-17 -2.65881635E-17 -2.65423729E-17
-2.62934881E-17 -2.59803425E-17 -2.55945321E-17 -2.50412639E-17 -2.43182318E-17
-2.34548597E-17 -2.23957114E-17 -2.12183720E-17 -1.99064512E-17 -1.84740129E-17
-1.69440423E-17 -1.53229236E-17 -1.37050793E-17 -1.20706899E-17 -1.04531506E-17
-8.85612807E-18 -7.25264683E-18 -5.50727496E-18 -3.63486305E-18 -1.66744528E-18
-4.23635077E-19 -2.20023701E-20 -3.62041094E-22 -3.60200125E-25 -1.89998979E-28
-6.93236671E-32 -1.93524042E-35 -4.37306842E-39 -8.29919956E-43 -1.35830340E-46
 0.00000000E+00
O2  
 1.95431437E-01  1.95431437E-01  1.95431437E-01  1.95431437E-01  1.95431437E-01
 1.95431437E-01  1.95431437E-01  1.95431435E-01  1.95429441E-01  1.95060121E-01
 1.92912005E-01  1.90446039E-01  1.87522742E-01  1.84105007E-01  1.80219687E-01
 1.75906608E-01  1.71203430E-01  1.66146158E-01  1.60767427E-01  1.55096485E-01
 1.49160127E-01  1.42983164E-01  1.36584350E-01  1.29974339E-01  1.23164467E-01
 1.16174643E-01  1.09047777E-01  1.01897670E-01  9.48145028E-02  8.78019988E-02
 8.08591576E-02  7.39885139E-02  6.71960102E-02  6.04932855E-02  5.38937278E-02
 4.74309954E-02  4.12163633E-02  3.53175252E-02  2.98864846E-02  2.51999011E-02
 2.16855407E-02  2.02581613E-02  2.20141318E-02  2.74088492E-02  3.50018015E-02
 4.32913506E-02  5.18304392E-02  6.04672073E-02  6.91503977E-02  7.78624940E-02
 8.65964168E-02  9.53471350E-02  1.04108146E-01  1.12875866E-01  1.21602492E-01
 1.30200934E-01  1.38639784E-01  1.46924580E-01  1.55013548E-01  1.62856791E-01
 1.70457140E-01  1.77834497E-01  1.85002168E-01  1.91967534E-01  1.98728077E-01
 2.05276564E-01  2.11667457E-01  2.18020131E-01  2.24069481E-01  2.29433285E-01
 2.32258511E-01  2.32896497E-01  2.32917355E-01  2.32917511E-01  2.32917511E-01
 2.32917511E-01  2.32917511E-01  2.32917511E-01  2.32917511E-01  2.32917511E-01
 2.32917511E-01
 0.00000000E+00 -1.33543259E-33 -8.54290147E-30 -4.73963771E-26 -2.22756608E-22
 2.40851463E-20  1.84903456E-20 -1.77759939E-20  3.05450052E-20  9.02568199E-19
-2.34689839E-19 -1.57767688E-18 -3.12610411E-18 -4.70596932E-18 -6.41315845E-18
-7.97052632E-18 -9.65147126E-18 -1.11849194E-17 -1.26069738E-17 -1.39893967E-17
-1.53118181E-17 -1.65987444E-17 -1.77108111E-17 -1.87729758E-17 -1.96764469E-17
-2.03876075E-17 -2.08243425E-17 -2.11496383E-17 -2.13077209E-17 -2.12389671E-17
-2.09158795E-17 -2.04743844E-17 -1.98105954E-17 -1.89777555E-17 -1.79391530E-17
-1.65179835E-17 -1.47358189E-17 -1.21499779E-17 -9.28464708E-18 -4.77753910E-18
 2.01959600E-18  1.18929746E-17  2.41223187E-17  3.56054352E-17  4.35246490E-17
 4.84145031E-17  5.15583152E-17  5.35771892E-17  5.48899315E-17  5.53981472E-17
 5.52911791E-17  5.45609932E-17  5.33150806E-17  5.15997585E-17  4.93833023E-17
 4.67671846E-17  4.38728325E-17  4.08719684E-17  3.77116267E-17  3.45508213E-17
 3.14933587E-17  2.82321385E-17  2.51408927E-17  2.21161850E-17  1.91419777E-17
 1.62490953E-17  1.32896828E-17  1.01065459E-17  6.64115624E-18  3.04121912E-18
 8.04414760E-19  1.96418309E-20  2.93634869E-20 -3.24524259E-20 -4.25757894E-20
 3.25880237E-20 -1.42398870E-23 -2.99872220E-27 -5.36308783E-31 -8.33417361E-35
 0.00000000E+00
H   
 0.00000000E+00  1.02200765E-54  1.29330749E-50  1.52687141E-46  1.67311424E-42
 1.69198931E-38  1.78679913E-34  7.09440734E-29  1.38319790E-22  7.67361258E-17
 2.13606957E-14  1.64561966E-13  6.92004787E-13  2.37350298E-12  7.52951537E-12
 2.32318699E-11  7.15024541E-11  2.20430387E-10  6.54896189E-10  1.75851452E-09
 4.08153443E-09  8.13376958E-09  1.42650529E-08  2.29509793E-08  3.53439921E-08
 5.38149327E-08  8.25495791E-08  1.28129550E-07  2.00867909E-07  3.17878741E-07
 5.07346091E-07  8.16366051E-07  1.32530180E-06  2.17493324E-06  3.62320195E-06
 6.16492324E-06  1.07540041E-05  1.93925287E-05  3.60383755E-05  6.72569658E-05
 1.20985353E-04  1.94455967E-04  2.59489009E-04  2.84506584E-04  2.73092914E-04
 2.46607380E-04  2.15747404E-04  1.84775219E-04  1.55467890E-04  1.28592172E-04
 1.04464804E-04  8.31836064E-05  6.47320957E-05  4.90193404E-05  3.59742681E-05
 2.54936354E-05  1.73297853E-05  1.11842010E-05  6.78439852E-06  3.82876202E-06
 1.98176144E-06  9.25084549E-07  3.83201648E-07  1.39361692E-07  4.45918088E-08
 1.26910764E-08  3.14182020E-09  6.05694680E-10  7.76453376E-11  4.31170503E-12
 8.19682885E-14  7.59812441E-17  4.21271209E-21  2.99175850E-27  8.77594870E-34
 1.65617542E-40  2.48047198E-47  3.41670485E-54  4.87984789E-60  2.91271688E-64
 0.00000000E+00
 0.00000000E+00 -2.54502248E-68 -1.76270519E-64 -1.19200295E-60 -8.33668668E-57
-6.35378285E-53 -7.41821154E-50  5.07971046E-43 -1.60481755E-36 -1.19050122E-30
-2.05354419E-29  7.15414295E-30  3.21090134E-28  1.85797738E-27  8.18730832E-27
 3.30708557E-26  1.28404760E-25  4.74756294E-25  1.51363067E-24  3.86645915E-24
 7.90379616E-24  1.30410627E-23  1.87017453E-23  2.56237976E-23  3.66739413E-23
 5.68036764E-23  9.06891716E-23  1.49265649E-22  2.46951015E-22  4.06975036E-22
 6.68122583E-22  1.10471735E-21  1.84077838E-21  3.12826002E-21  5.46652845E-21
 9.89358273E-21  1.87152999E-20  3.67906664E-20  7.10427503E-20  1.26071742E-19
 1.82439308E-19  1.70703740E-19  3.39775984E-20 -1.36775016E-19 -2.33720111E-19
-2.73015004E-19 -2.81751453E-19 -2.74809483E-19 -2.59193392E-19 -2.38118774E-19
-2.13931055E-19 -1.87987067E-19 -1.61624627E-19 -1.35470102E-19 -1.10490101E-19
-8.72624544E-20 -6.63552742E-20 -4.80981181E-20 -3.28220408E-20 -2.07946404E-20
-1.19960463E-20 -6.16505286E-21 -2.75706047E-21 -1.04914325E-21 -3.35688046E-22
-9.12350491E-23 -2.09906934E-23 -3.70185438E-24 -4.21699659E-25 -1.97260149E-26
-3.37692648E-28 -3.88828472E-31 -3.65632879E-35 -3.10374615E-41 -1.00365776E-47
-2.00040065E-54 -3.09419274E-61 -4.37249233E-67 -7.85903377E-71 -1.33763563E-74
 0.00000000E+00
O   
 0.00000000E+00  9.83587741E-40  6.31599673E-36  3.51947917E-32  1.66265475E-28
 6.44441933E-25  1.95122639E-21  4.23611335E-18  4.94608598E-15  9.60259125E-13
 1.02508545E-11  2.58021426E-11  4.70107767E-11  7.46957516E-11  1.10707050E-10
 1.60550285E-10  2.39005390E-10  3.83133443E-10  6.82302068E-10  1.33745820E-09
 2.74327849E-09  5.54412480E-09  1.06471724E-08  1.93445958E-08  3.37502741E-08
 5.76180786E-08  9.75135546E-08  1.63884121E-07  2.72911855E-07  4.50493637E-07
 7.36874707E-07  1.19413486E-06  1.91869722E-06  3.06398635E-06  4.88935757E-06
 7.86802152E-06  1.29076876E-05  2.20788887E-05  4.04522862E-05  8.15303337E-05
 1.85201621E-04  4.49011153E-04  9.81542961E-04  1.66067208E-03  2.16339335E-03
 2.42940659E-03  2.52423385E-03  2.50032257E-03  2.39238866E-03  2.22415052E-03
 2.01327666E-03  1.77417337E-03  1.51952724E-03  1.26097737E-03  1.01082598E-03
 7.81328146E-04  5.80980423E-04  4.14587379E-04  2.84429043E-04  1.88739848E-04
 1.21962918E-04  7.72870394E-05  4.83149879E-05  2.98615755E-05  1.81910207E-05
 1.08165345E-05  6.12707475E-06  3.13635378E-06  1.34849066E-06  3.94233198E-07
 6.27402449E-08  1.98369229E-09  1.47408332E-11  1.12315559E-14  5.06019075E-18
 1.65195251E-21  4.22937910E-25  8.90648856E-29  1.59288850E-32  2.47533044E-36
 0.00000000E+00
 0.00000000E+00  2.46676785E-53  1.49722056E-49  7.81741578E-46  3.41917499E-42
 1.20584944E-38  3.22977824E-35  5.88236396E-32  5.04170499E-29  3.85315006E-27
 1.14534293E-26  2.11199563E-26  3.20213623E-26  4.43504877E-26  6.09829851E-26
 9.26175935E-26  1.70482656E-25  3.79045014E-25  9.29018287E-25  2.27045758E-24
 5.15925344E-24  1.04553235E-23  1.90072753E-23  3.24083408E-23  5.43666063E-23
 9.15218753E-23  1.54928078E-22  2.61946934E-22  4.39788993E-22  7.25008081E-22
 1.17334871E-21  1.88452869E-21  3.01370526E-21  4.85571575E-21  7.95554074E-21
 1.35772715E-20  2.45764850E-20  4.83866778E-20  1.03205630E-19  2.40178862E-19
 5.91586999E-19  1.32933446E-18  2.05052015E-18  1.74043275E-18  7.27870490E-19
-2.80954745E-19 -1.11963652E-18 -1.78711556E-18 -2.29937082E-18 -2.67564147E-18
-2.91393471E-18 -3.02169739E-18 -3.00375598E-18 -2.86583414E-18 -2.61687825E-18
-2.27792690E-18 -1.88310277E-18 -1.46916527E-18 -1.07882834E-18 -7.46729903E-19
-4.89007088E-19 -3.05574563E-19 -1.84394292E-19 -1.08419745E-19 -6.23385940E-20
-3.48615022E-20 -1.84906250E-20 -8.77825658E-21 -3.44510214E-21 -9.09207471E-22
-1.39879848E-22 -5.34544467E-24 -6.24199829E-26 -5.71858760E-29 -2.89189713E-32
-1.02713086E-35 -2.81220271E-39 -6.26139047E-43 -1.17502199E-46 -1.90328476E-50
 0.00000000E+00
OH  
 0.00000000E+00  5.77680939E-43  3.70978502E-39  2.06858810E-35  9.84042359E-32
 4.14563136E-28  2.84067112E-24  8.03462265E-20  3.05339569E-15  2.99253893E-11
 9.14419471E-10  2.49191051E-09  4.34285411E-09  6.31370928E-09  8.37814490E-09
 1.06209640E-08  1.31999373E-08  1.63206546E-08  2.02364197E-08  2.52758406E-08
 3.19261299E-08  4.10156272E-08  5.40462131E-08  7.37799084E-08  1.05302383E-07
 1.57965184E-07  2.48732945E-07  4.06480097E-07  6.79974893E-07  1.15485477E-06
 1.97975892E-06  3.41413918E-06  5.91894149E-06  1.03375866E-05  1.82947916E-05
 3.31029826E-05  6.16687759E-05  1.19761907E-04  2.42657481E-04  5.02436412E-04
 1.03056579E-03  1.95218271E-03  3.12202063E-03  4.02615439E-03  4.35466428E-03
 4.29835682E-03  4.04473095E-03  3.69059567E-03  3.28727520E-03  2.86516681E-03
 2.44459273E-03  2.04044657E-03  1.66414349E-03  1.32409399E-03  1.02740556E-03
 7.78561712E-04  5.76479620E-04  4.16759488E-04  2.94397567E-04  2.03446297E-04
 1.37424311E-04  9.06465996E-05  5.84114631E-05  3.67949547E-05  2.26171273E-05
 1.34543690E-05  7.55590379E-06  3.78368196E-06  1.55758859E-06  4.24465322E-07
 6.36872153E-08  2.00673965E-09  1.49115758E-11  1.13616505E-14  5.11880270E-18
 1.67108700E-21  4.27836781E-25  9.00965202E-29  1.61133886E-32  2.50400208E-36
 0.00000000E+00
 0.00000000E+00  1.44868666E-56  8.79238005E-53  4.59021128E-49  2.00494510E-45
 6.93186331E-42  1.20117103E-38 -2.82001796E-34 -1.21092758E-29 -7.25451074E-26
 1.93639590E-25  7.86836777E-25  1.14084380E-24  1.25719751E-24  1.35738224E-24
 1.65534580E-24  2.23765219E-24  3.33876071E-24  5.26753944E-24  8.10722362E-24
 1.26907119E-23  2.07218948E-23  3.53441406E-23  6.14819475E-23  1.10009963E-22
 1.99184039E-22  3.62479911E-22  6.57642565E-22  1.18279510E-21  2.10136116E-21
 3.68580746E-21  6.46405903E-21  1.13533308E-20  2.02432232E-20  3.69195926E-20
 7.01766129E-20  1.39968088E-19  2.93421532E-19  6.20364862E-19  1.26008961E-18
 2.28140431E-18  3.18833632E-18  2.58799926E-18  2.65857090E-19 -1.90550352E-18
-3.30760974E-18 -4.14597407E-18 -4.61278580E-18 -4.80124454E-18 -4.77724206E-18
-4.57746917E-18 -4.24079500E-18 -3.80668396E-18 -3.30039021E-18 -2.76147743E-18
-2.23328524E-18 -1.74735374E-18 -1.32348865E-18 -9.74130240E-19 -6.97242870E-19
-4.83974049E-19 -3.23996344E-19 -2.08649003E-19 -1.29270054E-19 -7.72190336E-20
-4.43724766E-20 -2.39762367E-20 -1.14548926E-20 -4.41127329E-21 -1.08749139E-21
-1.52365394E-22 -5.62146461E-24 -6.28788090E-26 -5.68912375E-29 -2.85714863E-32
-1.01017754E-35 -2.75659181E-39 -6.12385501E-43 -1.14650811E-46 -1.85457307E-50
 0.00000000E+00
H2O2
 0.00000000E+00  8.04357271E-36  5.14555662E-32  2.85477526E-28  1.34170541E-24
 5.16783954E-21  1.55215523E-17  3.33218105E-14  3.81999885E-11  7.10591601E-09
 4.50069118E-08  8.45922280E-08  1.29531700E-07  1.80366305E-07  2.36585382E-07
 2.97526726E-07  3.62593213E-07  4.31227040E-07  5.02914313E-07  5.77159966E-07
 6.53436850E-07  7.31115140E-07  8.09399082E-07  8.87147286E-07  9.62430764E-07
 1.03196488E-06  1.09047355E-06  1.13049053E-06  1.14473622E-06  1.12848762E-06
 1.08209605E-06  1.01404986E-06  9.41257462E-07  8.84598786E-07  8.60964588E-07
 8.76227557E-07  9.20755433E-07  9.67309454E-07  9.66696866E-07  8.61638362E-07
 6.49871820E-07  4.47897679E-07  3.78137482E-07  4.28981747E-07  5.23853717E-07
 6.26837364E-07  7.36653005E-07  8.59289156E-07  1.00322455E-06  1.17979149E-06
 1.40546377E-06  1.70647763E-06  2.12662872E-06  2.73310243E-06  3.59263111E-06
 4.70194735E-06  5.94131513E-06  7.10826932E-06  8.00130967E-06  8.50625732E-06
 8.61263238E-06  8.37236035E-06  7.86077673E-06  7.15013826E-06  6.29705126E-06
 5.34072630E-06  4.29583871E-06  3.15127577E-06  1.95950096E-06  8.06300495E-07
 1.56444461E-07  4.99479416E-09  3.71200192E-11  2.82830407E-14  1.27424536E-17
 4.15990805E-21  1.06503232E-24  2.24281106E-28  4.01117446E-32  6.23331905E-36
 0.00000000E+00
 0.00000000E+00 -3.06584138E-48 -1.86998823E-44 -9.81780147E-41 -4.32169116E-37
-1.53571691E-33 -4.15429681E-30 -7.68290341E-27 -6.80245132E-24 -6.18498596E-22
-7.89704817E-22 -8.21148329E-22 -8.27993297E-22 -8.21719440E-22 -8.06718223E-22
-7.85308128E-22 -7.58563751E-22 -7.27563207E-22 -6.93047060E-22 -6.54462635E-22
-6.13627593E-22 -5.71135097E-22 -5.28313224E-22 -4.85995988E-22 -4.48854411E-22
-4.20899677E-22 -4.08512382E-22 -4.15947452E-22 -4.41821007E-22 -4.74470296E-22
-4.87198932E-22 -4.52312948E-22 -3.54363890E-22 -1.96141265E-22 -3.00598017E-24
 1.81420768E-22  2.90681562E-22  2.80554345E-22  4.13172845E-23 -3.98121309E-22
-5.93692032E-22 -2.93586985E-22  1.98325833E-22  5.29929400E-22  7.20638403E-22
 9.10329846E-22  1.12487742E-21  1.41010480E-21  1.79108993E-21  2.29922142E-21
 2.99776079E-21  4.01078535E-21  5.56573568E-21  7.78269892E-21  1.03417683E-20
 1.22668874E-20  1.24618183E-20  1.06076010E-20  7.39290891E-21  3.82712732E-21
 6.95283147E-22 -1.64741885E-21 -3.13828683E-21 -3.92320050E-21 -4.19907452E-21
-4.11319660E-21 -3.74238276E-21 -3.09735332E-21 -2.18568824E-21 -1.04618174E-21
-2.55158906E-22 -1.15776967E-23 -1.24455429E-25 -1.05455622E-28 -4.98332781E-32
-1.66361463E-35 -4.29788191E-39 -9.05241918E-43 -1.60936712E-46 -2.47463281E-50
 0.00000000E+00
C   
 0.00000000E+00  1.64769894-107  2.13725429E-99  2.77224554E-91  3.59587304E-83
 4.66416768E-75  6.04970373E-67  7.81547561E-59  8.84898377E-51  3.63192166E-43
 7.04268623E-37  2.41266553E-34  1.24436887E-32  3.21815020E-31  6.15798323E-30
 1.03586980E-28  1.68163507E-27  2.72631235E-26  4.15536025E-25  5.30115907E-24
 5.22019567E-23  3.93723759E-22  2.40328316E-21  1.29751707E-20  6.77572624E-20
 3.65908515E-19  2.11449052E-18  1.29915712E-17  8.32862159E-17  5.53668860E-16
 3.79837442E-15  2.68297973E-14  1.95451554E-13  1.47789338E-12  1.17459411E-11
 9.90284851E-11  8.66190023E-10  7.55158499E-09  6.01149518E-08  3.82558388E-07
 1.65099763E-06  3.55795831E-06  2.82333864E-06  8.91046151E-07  1.80080423E-07
 3.23799418E-08  5.76167703E-09  1.05827723E-09  2.03330887E-10  4.08638433E-11
 8.53605493E-12  1.83537496E-12  4.01275147E-13  8.78363035E-14  1.90108248E-14
 4.02546541E-15  8.13896547E-16  1.51547174E-16  2.51764256E-17  3.62021475E-18
 4.32340326E-19  4.09612969E-20  2.95464372E-21  1.57826373E-22  6.23014958E-24
 1.83501892E-25  3.72291881E-27  3.85143116E-29  1.34145948E-31  4.88053203E-35
 9.55313347E-40  1.44050766E-46  3.38484388E-54  1.92105793E-62  1.03851610E-70
 5.61200183E-79  3.03263528E-87  1.63877973E-95  8.85562067-104  4.78536920-112
 0.00000000E+00
 0.00000000E+00  3.14401864-122  4.07573048-114  5.28643397-106  6.85166464E-98
 8.89097697E-90  1.15619213E-81  1.49416271E-73  1.69073121E-65  7.02202381E-58
-7.77267336E-52  2.89286301E-49  2.49327913E-47  8.30252695E-46  1.94237520E-44
 3.95333105E-43  7.71133122E-42  1.45631341E-40  2.38892632E-39  2.99520658E-38
 2.75554381E-37  1.88521422E-36  1.05769748E-35  5.47938724E-35  2.91034811E-34
 1.66342614E-33  1.02326744E-32  6.68211089E-32  4.50852098E-31  3.10800669E-30
 2.18337556E-29  1.57384654E-28  1.16537611E-27  8.99856999E-27  7.34457625E-26
 6.35674584E-25  5.64062370E-24  4.80979584E-23  3.48518938E-22  1.76927899E-21
 4.28234739E-21 -1.89079608E-21 -1.12474344E-20 -5.72256751E-21 -1.39846677E-21
-2.72851809E-22 -4.99348726E-23 -9.16167146E-24 -1.73109554E-24 -3.39173490E-25
-6.87616094E-26 -1.43405314E-26 -3.05854323E-27 -6.60760800E-28 -1.43272651E-28
-3.10866561E-29 -6.60500776E-30 -1.32683160E-30 -2.42449462E-31 -3.87363295E-32
-5.13107028E-33 -5.33168553E-34 -4.12085690E-35 -2.27379420E-36 -8.79744534E-38
-2.40696339E-39 -4.34786413E-41 -3.83794309E-43 -1.04062351E-45 -2.21313647E-49
 2.64530912E-54  1.71976267E-60  3.97530142E-68  2.25633050E-76  1.21967140E-84
 6.59046100E-93  3.56148466-101  1.92447361-109  1.03985069-117  5.61924283-126
 0.00000000E+00
CH  
 0.00000000E+00  3.60802296-102  3.46460556E-93  3.32688849E-84  3.19464281E-75
 3.06765119E-66  2.94565729E-57  2.81722362E-48  2.36092586E-39  7.02352920E-31
 3.11153877E-26  1.45935295E-24  1.88129758E-23  1.48307578E-22  9.28314564E-22
 5.20563335E-21  2.79824302E-20  1.48770206E-19  7.66863562E-19  3.63979130E-18
 1.53269831E-17  5.71649644E-17  1.94607874E-16  6.33877163E-16  2.06985710E-15
 7.01111494E-15  2.50165548E-14  9.30608944E-14  3.54924972E-13  1.37955061E-12
 5.43840862E-12  2.16681510E-11  8.71197586E-11  3.53631006E-10  1.45505888E-09
 6.09651143E-09  2.57661830E-08  1.08933405E-07  4.38772389E-07  1.50662155E-06
 3.74157134E-06  5.18789456E-06  3.32818880E-06  1.08732301E-06  2.63427517E-07
 6.08045065E-08  1.43220694E-08  3.52260056E-09  9.10326212E-10  2.47013681E-10
 7.00946729E-11  2.06735287E-11  6.28793081E-12  1.95223061E-12  6.13883424E-13
 1.94180202E-13  6.07224897E-14  1.82981318E-14  5.19998934E-15  1.36587797E-15
 3.22764496E-16  6.66478884E-17  1.17254894E-17  1.72711891E-18  2.11947454E-19
 2.16058443E-20  1.71961280E-21  8.76172475E-23  2.19596093E-24  1.27235159E-26
 1.16216570E-29  1.80917645E-34  7.34995122E-41  1.71981821E-49  3.02729110E-58
 5.24315872E-67  9.07605951E-76  1.57107233E-84  2.71953289E-93  4.70751614-102
 0.00000000E+00
 0.00000000E+00 -8.19250008-116 -6.96362514-107 -6.65264064E-98 -6.38735679E-89
-6.13276044E-80 -5.88748575E-71 -5.63106308E-62 -4.69785262E-53 -1.17096440E-44
 2.13393468E-42  1.77028778E-39  2.98356071E-38  2.74407569E-37  1.97428507E-36
 1.28087400E-35  8.01945275E-35  4.87929181E-34  2.71389053E-33  1.28891036E-32
 5.21069171E-32  1.83537814E-31  6.00111081E-31  1.94485658E-30  6.60687281E-30
 2.38798203E-29  9.08687687E-29  3.58406340E-28  1.43481152E-27  5.75825021E-27
 2.31209058E-26  9.32996048E-26  3.77713747E-25  1.54654719E-24  6.43470131E-24
 2.73480588E-23  1.17379105E-22  4.93978991E-22  1.83996493E-21  4.94524292E-21
 5.85677041E-21 -4.78302835E-21 -1.14973560E-20 -5.64243101E-21 -1.60076846E-21
-3.91439771E-22 -9.29410780E-23 -2.23861785E-23 -5.55595507E-24 -1.42758546E-24
-3.79352968E-25 -1.03996300E-25 -2.93592811E-26 -8.51689382E-27 -2.53409267E-27
-7.80606267E-28 -2.46379206E-28 -7.82631480E-29 -2.42523203E-29 -7.09274869E-30
-1.87142857E-30 -4.26380497E-31 -8.05230695E-32 -1.21994426E-32 -1.44799212E-33
-1.34058516E-34 -9.14856123E-36 -3.71944650E-37 -6.29174117E-39 -1.13631691E-41
 3.93197937E-44  9.69097571E-48  2.30859224E-52  6.86929953E-61  1.24181863E-69
 2.15358461E-78  3.72804038E-87  6.45317551E-96  1.11672208-104  1.92441583-113
 0.00000000E+00
CH2 
 0.00000000E+00  1.08043562E-69  6.68575354E-63  4.12935952E-56  2.50031535E-49
 1.41326889E-42  6.70556688E-36  2.27311575E-29  4.50649556E-23  2.50977687E-17
 6.10973558E-15  3.94910994E-14  1.24885068E-13  2.93003120E-13  5.85705087E-13
 1.07053282E-12  1.86682306E-12  3.19272896E-12  5.45961629E-12  9.46043784E-12
 1.67472606E-11  3.04514622E-11  5.71831673E-11  1.11499258E-10  2.26648435E-10
 4.81016007E-10  1.06219288E-09  2.40605681E-09  5.51024770E-09  1.26862515E-08
 2.92380799E-08  6.72249658E-08  1.53816643E-07  3.49657957E-07  7.89442386E-07
 1.76771866E-06  3.88106029E-06  8.24372572E-06  1.63019826E-05  2.78157431E-05
 3.63897767E-05  3.04334496E-05  1.44368613E-05  4.29144369E-06  1.09256025E-06
 2.85030705E-07  7.90240583E-08  2.35133537E-08  7.51506896E-09  2.57363603E-09
 9.40654589E-10  3.65149103E-10  1.49722738E-10  6.44223092E-11  2.89567694E-11
 1.35388732E-11  6.50993338E-12  3.16865429E-12  1.54227324E-12  7.42774931E-13
 3.49273588E-13  1.58285945E-13  6.84258851E-14  2.79803488E-14  1.07307578E-14
 3.80547570E-15  1.20006082E-15  3.07460573E-16  5.69310093E-17  5.17648862E-18
 1.40895474E-19  1.42221358E-22  7.90448723E-27  5.51787814E-33  1.56830937E-39
 2.81612391E-46  3.93307452E-53  4.87593322E-60  5.77971498E-67  6.76344691E-74
 0.00000000E+00
 0.00000000E+00 -4.80731650E-71 -2.89592219E-67 -1.49885602E-63 -6.45152222E-60
 1.65329281E-55  7.18930880E-49  1.50485979E-42  7.14792729E-37 -2.58319381E-32
 5.80598805E-30  4.41011306E-29  1.36848115E-28  3.09708013E-28  6.07429683E-28
 1.11036730E-27  1.98958110E-27  3.56836894E-27  6.59244030E-27  1.23531722E-26
 2.36211707E-26  4.66071180E-26  9.56167741E-26  2.04392461E-25  4.56576248E-25
 1.05556310E-24  2.50612025E-24  6.00233421E-24  1.43298268E-23  3.37773946E-23
 7.84162675E-23  1.79910637E-22  4.07669356E-22  9.14033434E-22  2.03080574E-21
 4.45685959E-21  9.48393849E-21  1.87932607E-20  3.07013296E-20  3.10022549E-20
-6.85924242E-21 -6.06331827E-20 -5.38209676E-20 -2.05863158E-20 -5.71340257E-21
-1.49983868E-21 -3.98952525E-22 -1.10032335E-22 -3.16033950E-23 -9.43700572E-24
-2.89578130E-24 -9.02710603E-25 -2.80115014E-25 -8.36901483E-26 -2.23196969E-26
-4.46914497E-27  9.06033106E-29  7.54320000E-28  5.51521057E-28  2.85250752E-28
 1.26096047E-28  5.16581330E-29  2.23126419E-29  1.09911391E-29  5.91921449E-30
 2.99568280E-30  1.33325074E-30  4.74351797E-31  1.19781647E-31  1.48091205E-32
 6.90663310E-34  4.67671215E-36  9.61308401E-39  1.18839431E-44  4.54798906E-51
 9.69602601E-58  1.41518689E-64 -1.63662018E-69 -3.29025184E-73 -5.59925832E-77
 0.00000000E+00
CH2(
 0.00000000E+00  1.11006209E-73  2.00446776E-69  3.63535598E-62  7.88871602E-55
 1.28246423E-47  2.77809721E-40  1.65529197E-32  6.81231843E-25  1.25291035E-18
 3.34605815E-16  2.31913851E-15  7.82940215E-15  1.94729411E-14  4.08522394E-14
 7.74425351E-14  1.38295924E-13  2.38956782E-13  4.06618718E-13  6.88558861E-13
 1.16601990E-12  1.98568754E-12  3.44463033E-12  6.19901320E-12  1.17548058E-11
 2.36610531E-11  5.04134513E-11  1.11814556E-10  2.53502491E-10  5.82351020E-10
 1.34724390E-09  3.12585007E-09  7.25695037E-09  1.68427960E-08  3.91178704E-08
 9.09683160E-08  2.10003874E-07  4.77367516E-07  1.03395149E-06  1.98389960E-06
 2.99961298E-06  2.95854159E-06  1.63469465E-06  5.32429306E-07  1.38895823E-07
 3.59298234E-08  9.74768112E-09  2.82192102E-09  8.74724126E-10  2.89773124E-10
 1.02179294E-10  3.81695507E-11  1.50312112E-11  6.20576258E-12  2.67816749E-12
 1.20506608E-12  5.59416972E-13  2.63745831E-13  1.24720120E-13  5.84998004E-14
 2.68292715E-14  1.18582213E-14  4.98697763E-15  1.96949934E-15  7.17793161E-16
 2.34409395E-16  6.42530984E-17  1.28577601E-17  1.55277023E-18  7.45401312E-20
 1.19702100E-21  1.14790076E-24  6.33436571E-29  3.68967107E-35  7.53457328E-42
 8.09974072E-49  5.37039801E-56  2.41609409E-63  7.86480231E-71  2.02056900E-78
 0.00000000E+00
 0.00000000E+00 -2.07331128E-72 -1.24896027E-68 -6.46432789E-65 -2.79813071E-61
-9.73995636E-58 -1.02213935E-54  3.56660957E-48 -6.59944008E-40 -1.45775661E-33
 3.28996913E-31  2.72550027E-30  9.24521687E-30  2.25798409E-29  4.65631386E-29
 8.81020742E-29  1.59763329E-28  2.84681942E-28  5.10395870E-28  9.09186321E-28
 1.61959031E-27  2.95080336E-27  5.64789809E-27  1.14528411E-26  2.46161990E-26
 5.51540124E-26  1.27985440E-25  3.00876330E-25  7.09989461E-25  1.66431961E-24
 3.85941669E-24  8.91361577E-24  2.04571366E-23  4.68715904E-23  1.07379327E-22
 2.46335583E-22  5.59038886E-22  1.21663700E-21  2.30445832E-21  3.04412440E-21
 8.65750953E-22 -4.51573933E-21 -5.64394938E-21 -2.56124150E-21 -7.55591637E-22
-2.00550348E-22 -5.29682162E-23 -1.44339441E-23 -4.09846118E-24 -1.21306795E-24
-3.71831898E-25 -1.16849390E-25 -3.72471140E-26 -1.17843932E-26 -3.59451795E-27
-1.03135247E-27 -2.54645687E-28 -4.31056103E-29  3.14069100E-30  7.08690767E-30
 4.30730497E-30  2.14469911E-30  1.02014525E-30  5.07779359E-31  2.48006041E-31
 1.07727053E-31  3.97032086E-32  1.15012245E-32  2.23696748E-33  1.81689037E-34
 4.31399249E-36  6.57189608E-39  5.45813488E-42  5.93993127E-48  1.74397398E-54
 2.41471185E-61 -2.98223459E-67 -7.58715469E-71 -1.50768751E-74 -2.56572233E-78
 0.00000000E+00
CH3 
 0.00000000E+00  2.32427707E-35  1.48354398E-31  8.23075187E-28  3.86833943E-24
 1.48996546E-20  4.47509269E-17  9.60715451E-14  1.10133281E-10  2.04793653E-08
 1.64803818E-07  3.91510886E-07  7.18479480E-07  1.18388908E-06  1.83412397E-06
 2.72938675E-06  3.94988990E-06  5.60251203E-06  7.83122498E-06  1.08320325E-05
 1.48733484E-05  2.03224645E-05  2.76847804E-05  3.76630110E-05  5.12313427E-05
 6.97289301E-05  9.49266180E-05  1.28804462E-04  1.73692561E-04  2.32806586E-04
 3.10088505E-04  4.10110166E-04  5.37801272E-04  6.97703950E-04  8.92566145E-04
 1.11972957E-03  1.36253697E-03  1.58490995E-03  1.71381269E-03  1.63859747E-03
 1.26537402E-03  6.90390928E-04  2.43710106E-04  6.08228057E-05  1.43421907E-05
 3.71475337E-06  1.07392269E-06  3.45081939E-07  1.22113807E-07  4.71600201E-08
 1.97323907E-08  8.89640902E-09  4.30428499E-09  2.22584566E-09  1.22696491E-09
 7.17905548E-10  4.40783476E-10  2.79638563E-10  1.80879282E-10  1.17885916E-10
 7.64370903E-11  4.87024937E-11  3.01336887E-11  1.78750416E-11  1.00135655E-11
 5.19287751E-12  2.40061520E-12  9.16555515E-13  2.63120999E-13  4.74256386E-14
 5.30140412E-15  1.63677993E-16  1.21599377E-18  9.26508071E-22  4.17422804E-25
 1.36272066E-28  3.48887892E-32  7.34709740E-36  1.31399787E-39  2.04193760E-43
 0.00000000E+00
 0.00000000E+00  7.13815936E-50  4.35308317E-46  2.28744315E-42  1.00924678E-38
 3.60355257E-35  9.83131482E-32  1.84730719E-28  1.70789113E-25  1.99603088E-23
 1.26800008E-22  3.23033396E-22  6.23687427E-22  1.07474638E-21  1.72623165E-21
 2.64452162E-21  3.91650906E-21  5.67296840E-21  8.08169026E-21  1.13546305E-20
 1.58062663E-20  2.18447453E-20  3.00449204E-20  4.11328457E-20  5.60092154E-20
 7.58742100E-20  1.02111086E-19  1.36414695E-19  1.80314371E-19  2.34538942E-19
 2.99838938E-19  3.76311782E-19  4.61764117E-19  5.50042244E-19  6.25597617E-19
 6.58168660E-19  5.90764306E-19  3.38089407E-19 -2.68665737E-19 -1.22086977E-18
-2.12755644E-18 -2.05117220E-18 -1.02344072E-18 -2.95107167E-19 -7.08076854E-20
-1.73520650E-20 -4.51839042E-21 -1.25466274E-21 -3.66808949E-22 -1.09964326E-22
-3.19731943E-23 -7.87140688E-24 -6.00794680E-25  1.33130990E-24  1.59397141E-24
 1.37487071E-24  1.06789787E-24  7.85733346E-25  5.57563259E-25  3.84837824E-25
 2.58307935E-25  1.67948173E-25  1.04985012E-25  6.26279465E-26  3.52707473E-26
 1.84931327E-26  8.77103430E-27  3.54586280E-27  1.13207484E-27  2.39788750E-28
 3.17292569E-29  1.29318623E-30  6.73335353E-32  8.27346220E-35  4.90273786E-38
 1.94084790E-41  5.76642581E-45  1.37087215E-48  2.71594283E-52  4.61110888E-56
 0.00000000E+00
CH4 
 1.55521922E-01  1.55521922E-01  1.55521922E-01  1.55521922E-01  1.55521922E-01
 1.55521922E-01  1.55521922E-01  1.55521920E-01  1.55520178E-01  1.55197578E-01
 1.53321170E-01  1.51167051E-01  1.48613393E-01  1.45627773E-01  1.42233639E-01
 1.38465767E-01  1.34357041E-01  1.29938891E-01  1.25239794E-01  1.20285249E-01
 1.15098589E-01  1.09701402E-01  1.04109982E-01  9.83335592E-02  9.23819658E-02
 8.62724991E-02  8.00425053E-02  7.37912310E-02  6.75972280E-02  6.14634154E-02
 5.53885441E-02  4.93744687E-02  4.34261183E-02  3.75536408E-02  3.17691974E-02
 2.61036990E-02  2.06580709E-02  1.54982959E-02  1.07653219E-02  6.68529509E-03
 3.48845943E-03  1.44252745E-03  4.68986472E-04  1.29764502E-04  3.70834625E-05
 1.18705274E-05  4.22332563E-06  1.65469141E-06  7.08769697E-07  3.30217753E-07
 1.66792541E-07  9.11642623E-08  5.38655386E-08  3.43606977E-08  2.36288549E-08
 1.74343147E-08  1.36467755E-08  1.11689344E-08  9.42883358E-09  8.11206535E-09
 7.03814909E-09  6.10611807E-09  5.26061058E-09  4.47117129E-09  3.72174033E-09
 3.00418597E-09  2.30786563E-09  1.61746129E-09  9.60609057E-10  3.78291822E-10
 7.15522547E-11  2.28165139E-12  1.69564335E-14  1.29196996E-17  5.82075579E-21
 1.90024697E-24  4.86507014E-28  1.02451661E-31  1.83230543E-35  2.84738160E-39
 0.00000000E+00
 0.00000000E+00 -1.16649495E-33 -7.46219079E-30 -4.14005500E-26 -1.94577032E-22
-4.37908988E-20 -7.27022681E-22 -4.23425532E-20 -2.97599623E-21  3.86487386E-19
-8.05988388E-19 -2.19578482E-18 -3.72229262E-18 -5.36865891E-18 -7.14173562E-18
-8.89920517E-18 -1.05786593E-17 -1.21969821E-17 -1.39304242E-17 -1.54675570E-17
-1.69468177E-17 -1.84254537E-17 -1.97328809E-17 -2.10214978E-17 -2.21841188E-17
-2.31330595E-17 -2.38499480E-17 -2.44592168E-17 -2.49059394E-17 -2.51668109E-17
-2.52002489E-17 -2.50797431E-17 -2.47687425E-17 -2.42965212E-17 -2.35933110E-17
-2.25897747E-17 -2.12387632E-17 -1.92520548E-17 -1.67726659E-17 -1.32331483E-17
-8.79876401E-18 -4.47664202E-18 -1.64293705E-18 -4.61997465E-19 -1.23787847E-19
-3.48437850E-20 -1.01945667E-20 -2.99081258E-21 -8.06786568E-22 -1.38248948E-22
 5.82737187E-23  1.05062782E-22  1.06239181E-22  9.56673214E-23  8.38842587E-23
 7.35807586E-23  6.50138486E-23  5.77465759E-23  5.14116615E-23  4.57247431E-23
 4.04886582E-23  3.55626048E-23  3.08623719E-23  2.63396442E-23  2.19676757E-23
 1.77370321E-23  1.36161000E-23  9.53196097E-24  5.66711253E-24  2.26472469E-24
 4.66763480E-25  3.00400007E-26  3.71013729E-27  4.73812072E-30  2.85174757E-33
 1.13906716E-36  3.40476443E-40  8.13040481E-44  1.61637726E-47  2.75202879E-51
 0.00000000E+00
CO  
 0.00000000E+00  1.21512938E-31  7.77330827E-28  4.31266232E-24  2.02689243E-20
 7.80697072E-17  2.34481553E-13  5.03387145E-10  5.77081038E-07  1.07374364E-04
 7.28568276E-04  1.44171136E-03  2.28713444E-03  3.27557414E-03  4.39927268E-03
 5.64672175E-03  7.00704154E-03  8.46983348E-03  1.00256767E-02  1.16661369E-02
 1.33834954E-02  1.51706108E-02  1.70220936E-02  1.89348933E-02  2.09057607E-02
 2.29289689E-02  2.49921350E-02  2.70623422E-02  2.91134693E-02  3.11443480E-02
 3.31550198E-02  3.51441785E-02  3.71088988E-02  3.90433976E-02  4.09390909E-02
 4.27771850E-02  4.45087671E-02  4.60814472E-02  4.73846109E-02  4.81981780E-02
 4.80825816E-02  4.62267537E-02  4.19822578E-02  3.60379122E-02  3.04209031E-02
 2.58726041E-02  2.22171980E-02  1.92506345E-02  1.68148302E-02  1.47930113E-02
 1.30975502E-02  1.16608343E-02  1.04293920E-02  9.35949980E-03  8.41987484E-03
 7.58766739E-03  6.83917950E-03  6.15335254E-03  5.51809029E-03  4.92562158E-03
 4.36739972E-03  3.83629177E-03  3.32749741E-03  2.83786634E-03  2.36578196E-03
 1.91054677E-03  1.46760832E-03  1.02823363E-03  6.10423832E-04  2.40306363E-04
 4.54454323E-05  1.44914895E-06  1.07695663E-08  8.20570914E-12  3.69694579E-15
 1.20690685E-18  3.08995966E-22  6.50702850E-26  1.16375503E-29  1.80846196E-33
 0.00000000E+00
 0.00000000E+00 -4.23122929E-45 -2.57462290E-41 -1.34794104E-37 -5.91327865E-34
-2.09229475E-30 -5.62761663E-27 -1.03229817E-23 -9.00156156E-21 -7.70414402E-19
-7.58451846E-19 -5.87793880E-19 -3.92999033E-19 -1.89653754E-19  3.05883836E-21
 1.64738368E-19  2.97640559E-19  4.04314643E-19  4.74659662E-19  5.12683092E-19
 5.16371171E-19  4.93473802E-19  4.27937044E-19  3.41438142E-19  2.03797575E-19
 7.58323764E-21 -2.65715178E-19 -5.61309473E-19 -9.06207260E-19 -1.30073516E-18
-1.73209461E-18 -2.26214003E-18 -2.81567837E-18 -3.38413130E-18 -4.06685464E-18
-4.88343193E-18 -5.85296316E-18 -6.71563320E-18 -8.84954554E-18 -1.16331608E-17
-1.62440053E-17 -2.31579153E-17 -2.93697162E-17 -3.04910670E-17 -2.77052260E-17
-2.40627175E-17 -2.05095067E-17 -1.73112148E-17 -1.45009001E-17 -1.20590096E-17
-9.95756074E-18 -8.16897073E-18 -6.67816571E-18 -5.46763491E-18 -4.48330765E-18
-3.69723488E-18 -3.08162426E-18 -2.59534942E-18 -2.21900583E-18 -1.91348843E-18
-1.66500496E-18 -1.44648425E-18 -1.26192612E-18 -1.09450601E-18 -9.42644519E-19
-8.01532279E-19 -6.63997858E-19 -5.15194594E-19 -3.48364604E-19 -1.65170932E-19
-4.40295082E-20 -2.39419886E-21 -3.52648987E-23 -3.35323875E-26 -1.71238287E-29
-6.09024293E-33 -1.66274802E-36 -3.68486311E-40 -6.87244436E-44 -1.10593550E-47
 0.00000000E+00
HCO 
 0.00000000E+00  1.29581136E-60  2.91361987E-55  7.30829414E-50  1.83258190E-44
 4.58138333E-39  1.15240521E-33  3.44475916E-28  4.23581617E-22  4.90166486E-16
 1.00707086E-13  5.46465000E-13  1.54356896E-12  3.35384229E-12  6.44104717E-12
 1.18375810E-11  2.18502423E-11  4.12815072E-11  7.95942391E-11  1.55198468E-10
 3.03963689E-10  5.94364493E-10  1.15576195E-09  2.24102723E-09  4.36120117E-09
 8.54035951E-09  1.67356110E-08  3.23202206E-08  6.07512545E-08  1.10811571E-07
 1.95998010E-07  3.36491242E-07  5.62309260E-07  9.19043203E-07  1.48046532E-06
 2.37550087E-06  3.83665350E-06  6.34083520E-06  1.07711345E-05  1.82198265E-05
 2.80554843E-05  3.24345849E-05  2.28208249E-05  9.60431924E-06  3.15517513E-06
 1.01284034E-06  3.50877258E-07  1.40946140E-07  6.85675136E-08  4.00262115E-08
 2.65742785E-08  1.89039006E-08  1.37888438E-08  1.00194955E-08  7.11873463E-09
 4.88299735E-09  3.19282389E-09  1.96179394E-09  1.11911651E-09  5.86385891E-10
 2.78215822E-10  1.17509949E-10  4.34315203E-11  1.38619839E-11  3.81090916E-12
 9.05276684E-13  1.79079363E-13  2.57349224E-14  2.29432112E-15  9.30678386E-17
 1.73293815E-18  1.62926567E-21  8.98947442E-26  5.41839036E-32  1.29927602E-38
 5.50381857E-45  1.16439553E-50  3.18246590E-56  8.74931806E-62  2.42290172E-67
 0.00000000E+00
 0.00000000E+00  9.10991080E-75  4.07591452E-69  1.03800782E-63  2.60782232E-58
 6.54055063E-53  1.70258433E-47  5.29797856E-42 -1.32599753E-35 -1.07282486E-29
-1.32539575E-28 -9.96891958E-29  2.21519108E-28  1.01006215E-27  2.82683749E-27
 7.14161471E-27  1.72930796E-26  4.02056589E-26  9.05163135E-26  1.99390827E-25
 4.36741667E-25  9.37144132E-25  1.96638821E-24  4.07112124E-24  8.38216744E-24
 1.71006540E-23  3.38472656E-23  6.46411668E-23  1.18231110E-22  2.06090886E-22
 3.45777028E-22  5.61108371E-22  8.92312418E-22  1.40982525E-21  2.25921737E-21
 3.72587078E-21  6.42754194E-21  1.17208606E-20  2.10204175E-20  3.28370534E-20
 3.15532559E-20 -8.77059745E-21 -4.66142894E-20 -3.26866463E-20 -1.27337597E-20
-4.14965600E-21 -1.31187460E-21 -4.36226028E-22 -1.65061572E-22 -7.65321918E-23
-4.50648508E-23 -3.19394509E-23 -2.50716882E-23 -2.05832538E-23 -1.69747866E-23
-1.36341141E-23 -1.04775031E-23 -7.55469579E-24 -5.01783339E-24 -3.02819319E-24
-1.62958688E-24 -7.67166612E-25 -3.08312681E-25 -1.03441146E-25 -2.84808596E-26
-6.44654549E-27 -1.16777757E-27 -1.44210786E-28 -8.63252391E-30  1.06122580E-32
 5.92546021E-33  1.71660983E-35  2.88909194E-38  3.32125460E-44  1.24992857E-50
 8.60140972E-57  1.98399075E-62  5.43682938E-68  1.49592942E-73  4.12617941E-79
 0.00000000E+00
CH2O
 0.00000000E+00  2.23008637E-33  1.42660929E-29  7.91488477E-26  3.71988751E-22
 1.43278674E-18  4.30335670E-15  9.23845437E-12  1.05906986E-08  1.97000549E-06
 1.33020711E-05  2.62019042E-05  4.14210858E-05  5.91362269E-05  7.91838373E-05
 1.01329354E-04  1.25345476E-04  1.51008893E-04  1.78107276E-04  2.06434220E-04
 2.35774683E-04  2.65891958E-04  2.96543685E-04  3.27494476E-04  3.58473363E-04
 3.89125477E-04  4.18932421E-04  4.47028659E-04  4.72634458E-04  4.95248920E-04
 5.14284886E-04  5.29045019E-04  5.38753636E-04  5.42617488E-04  5.39924380E-04
 5.30171523E-04  5.13402395E-04  4.89974156E-04  4.60209767E-04  4.22175414E-04
 3.63849304E-04  2.63181677E-04  1.36679325E-04  4.97689972E-05  1.57366160E-05
 5.05132208E-06  1.71855465E-06  6.29952778E-07  2.49924657E-07  1.07263829E-07
 4.96900281E-08  2.47840134E-08  1.32786192E-08  7.62137380E-09  4.67728078E-09
 3.05859978E-09  2.11168800E-09  1.52140331E-09  1.13299089E-09  8.64937134E-10
 6.71088916E-10  5.25038879E-10  4.11419563E-10  3.20891267E-10  2.47405947E-10
 1.86685278E-10  1.35131785E-10  8.97835754E-11  5.08873765E-11  1.93192970E-11
 3.58634320E-12  1.14291137E-13  8.49390032E-16  6.47181133E-19  2.91576763E-22
 9.51883059E-26  2.43704001E-29  5.13206987E-33  9.17849389E-37  1.42632741E-40
 0.00000000E+00
 0.00000000E+00 -1.10124881E-46 -6.70362397E-43 -3.51136598E-39 -1.54134573E-35
-5.45788237E-32 -1.46945337E-28 -2.69845761E-25 -2.35718658E-22 -2.02789156E-20
-1.90462537E-20 -1.30581851E-20 -5.77455673E-21  2.35441482E-21  1.09698820E-20
 1.96917770E-20  2.84518733E-20  3.70737011E-20  4.55405399E-20  5.37973725E-20
 6.16290075E-20  6.89130398E-20  7.56837579E-20  8.17804044E-20  8.69870271E-20
 9.08950813E-20  9.29828164E-20  9.38178088E-20  9.28657109E-20  8.97816702E-20
 8.39186825E-20  7.59641503E-20  6.49116312E-20  5.26414720E-20  3.80710109E-20
 2.25912751E-20  7.10669402E-21 -4.55139996E-21 -2.89065040E-20 -7.27164540E-20
-1.86341803E-19 -3.50546495E-19 -3.37656396E-19 -1.65475117E-19 -5.74786001E-20
-1.80988347E-20 -5.58654156E-21 -1.73642110E-21 -5.39555296E-22 -1.60308438E-22
-3.87007111E-23 -8.08358673E-25  9.65438033E-24  1.12406401E-23  1.02178321E-23
 8.63613089E-24  7.11669605E-24  5.81465259E-24  4.74501784E-24  3.87988946E-24
 3.17488559E-24  2.59184578E-24  2.10362402E-24  1.69148076E-24  1.33900373E-24
 1.03316152E-24  7.62033129E-25  5.14536895E-25  2.96067531E-25  1.14796768E-25
 2.27398945E-26  1.31719144E-27  1.60391978E-28  2.05030143E-31  1.23498866E-34
 4.93608178E-38  1.47622728E-41  3.52680123E-45  7.01439867E-49  1.19470627E-52
 0.00000000E+00
CH2O
 0.00000000E+00  1.92300256E-74  4.05627619E-67  7.71078492E-60  1.25896353E-52
 1.73956615E-45  2.25879517E-38  3.43525764E-31  4.65132918E-24  6.69054225E-18
 1.32581122E-15  6.93023680E-15  1.88653524E-14  3.95000584E-14  7.28001372E-14
 1.27587449E-13  2.27060589E-13  4.41812370E-13  9.94587609E-13  2.50330955E-12
 6.34300156E-12  1.50174920E-11  3.28152111E-11  6.78759829E-11  1.37427789E-10
 2.79240295E-10  5.75839757E-10  1.19940635E-09  2.50285288E-09  5.22247893E-09
 1.08795334E-08  2.26006845E-08  4.67993355E-08  9.66548896E-08  1.99609977E-07
 4.13334652E-07  8.53657122E-07  1.74598263E-06  3.42355169E-06  5.99089730E-06
 8.35625651E-06  7.77403361E-06  4.17999937E-06  1.36662440E-06  3.64643157E-07
 9.69468693E-08  2.70681409E-08  8.06832954E-09  2.57336742E-09  8.75821768E-10
 3.16857003E-10  1.21459769E-10  4.92224364E-11  2.10444942E-11  9.49210851E-12
 4.50767530E-12  2.22235574E-12  1.11154762E-12  5.52511114E-13  2.69006255E-13
 1.27024100E-13  5.79531621E-14  2.55776803E-14  1.09421826E-14  4.53184281E-15
 1.79959372E-15  6.61440459E-16  2.06011325E-16  4.76379810E-17  5.25412240E-18
 1.58399257E-19  1.62444157E-22  8.99165948E-27  5.49492508E-33  1.22430438E-39
 1.49910942E-46  1.19462505E-53  6.91012636E-61  3.15032371E-68  1.21165114E-75
 0.00000000E+00
 0.00000000E+00  3.41696246E-87  6.66624390E-80  1.08760713E-72  1.30331209E-65
 7.76613337E-59 -8.24283078E-52 -3.32640399E-44 -4.69285408E-37 -3.19998465E-31
-5.64634379E-30 -1.25155600E-29 -1.86851909E-29 -2.29246925E-29 -2.13871408E-29
-2.42616320E-30  7.86682948E-29  3.99611046E-28  1.55860521E-27  4.99530217E-27
 1.33261784E-26  3.00051214E-26  6.11826097E-26  1.22259726E-25  2.50701981E-25
 5.34046333E-25  1.15470431E-24  2.50381413E-24  5.40892927E-24  1.14998324E-23
 2.42208690E-23  5.04609235E-23  1.04802243E-22  2.17873853E-22  4.53927504E-22
 9.47420842E-22  2.00149132E-21  4.02256413E-21  7.01421153E-21  8.41390348E-21
 2.65666031E-21 -1.06378075E-20 -1.31225055E-20 -5.91326643E-21 -1.78742703E-21
-4.81462333E-22 -1.30004158E-22 -3.60273271E-23 -1.03627696E-23 -3.07118282E-24
-9.35077390E-25 -2.82736572E-25 -8.35303322E-26 -2.17223863E-26 -3.73677405E-27
 7.26992090E-28  1.22698632E-27  8.33297675E-28  4.29592328E-28  1.96391875E-28
 8.90354098E-29  4.36830980E-29  2.37847056E-29  1.32602908E-29  7.11433848E-30
 3.55005713E-30  1.57723527E-30  5.77732639E-31  1.53844855E-31  1.93958730E-32
 7.06377926E-34  2.14272274E-36  3.43949116E-39  3.91262515E-45  1.23813056E-51
 1.92787064E-58  1.83343723E-65  1.21128462E-72  6.09335733E-80  2.51152799E-87
 0.00000000E+00
CH3O
 0.00000000E+00  3.37469610E-41  4.27053532E-37  5.04176950E-33  5.52466342E-29
 5.58523394E-25  5.17267791E-21  4.33455030E-17  2.86424356E-13  5.96601383E-10
 2.57289747E-08  8.66003670E-08  1.72991687E-07  2.79466573E-07  3.97411571E-07
 5.16341478E-07  6.24668672E-07  7.09745849E-07  7.58477691E-07  7.60170456E-07
 7.12704191E-07  6.28344253E-07  5.31140523E-07  4.44713970E-07  3.81760478E-07
 3.43916689E-07  3.27961228E-07  3.30403014E-07  3.48759228E-07  3.82121041E-07
 4.30901192E-07  4.96272051E-07  5.79641150E-07  6.82054242E-07  8.03524455E-07
 9.41391312E-07  1.08567215E-06  1.21439947E-06  1.27929080E-06  1.20675039E-06
 9.48234977E-07  5.74278795E-07  2.52191616E-07  8.13632156E-08  2.37087429E-08
 7.22567286E-09  2.38677188E-09  8.64607307E-10  3.44287708E-10  1.50597570E-10
 7.23038375E-11  3.81180914E-11  2.21109336E-11  1.41532792E-11  1.00334503E-11
 7.87423583E-12  6.78311277E-12  6.32913079E-12  6.29560539E-12  6.54312606E-12
 6.92422356E-12  7.21286257E-12  7.10422955E-12  6.37563899E-12  5.09515096E-12
 3.58802572E-12  2.18035588E-12  1.06122756E-12  3.51843853E-13  4.79534832E-14
 1.35052869E-15  3.92366744E-18  1.83465194E-21  1.88937156E-25  1.71188312E-29
 1.44052426E-33  1.13191036E-37  8.34174767E-42  5.78807148E-46  3.79418584E-50
 0.00000000E+00
 0.00000000E+00 -1.22441355E-55 -1.49497361E-51 -1.69757851E-47 -1.78338003E-43
-1.72073923E-39 -1.51299795E-35 -1.19781174E-31 -7.41977624E-28 -1.30106262E-24
 5.47094395E-24  3.03023252E-23  5.71807822E-23  7.68612398E-23  7.99032262E-23
 5.85121417E-23  7.35082245E-24 -7.63672480E-23 -1.93980200E-22 -3.32539164E-22
-4.62272131E-22 -5.28561474E-22 -5.04775097E-22 -4.05186584E-22 -2.85879007E-22
-2.14623594E-22 -1.26454445E-22 -6.46677740E-23 -4.48117850E-24  4.77240556E-23
 1.43336997E-22  2.02161058E-22  2.96956357E-22  4.15842810E-22  5.09326804E-22
 6.25269314E-22  7.15374042E-22  7.06869974E-22  4.30455124E-22 -1.84003305E-22
-7.91001784E-22 -1.07700211E-21 -7.33922800E-22 -2.94720639E-22 -9.14920038E-23
-2.60963658E-23 -7.59881659E-24 -2.18872810E-24 -6.07516484E-25 -1.38039865E-25
-2.29045682E-28  3.91690858E-26  4.46947241E-26  4.33615619E-26  4.10864377E-26
 3.99894272E-26  4.03421199E-26  4.16928139E-26  4.44555430E-26  4.79422556E-26
 5.07517368E-26  5.11038826E-26  4.68792799E-26  3.82086938E-26  2.77905391E-26
 1.81345140E-26  1.04257871E-26  4.86710039E-27  1.55524352E-27  2.05572172E-28
 5.86679013E-30  1.81861136E-32  1.11087963E-35  1.16387306E-39  1.07251085E-43
 9.19277857E-48  7.36141103E-52  5.52856185E-56  3.91026366E-60  2.61012990E-64
 0.00000000E+00
CH3O
 0.00000000E+00  2.00206047E-34  1.28073878E-30  7.10558964E-27  3.33953015E-23
 1.28628504E-19  3.86334374E-16  8.29386170E-13  9.50805033E-10  1.76911172E-07
 1.20031232E-06  2.37442949E-06  3.76542021E-06  5.39026919E-06  7.23501412E-06
 9.27848440E-06  1.14985023E-05  1.38702402E-05  1.63655787E-05  1.89523662E-05
 2.15949549E-05  2.42571570E-05  2.69079631E-05  2.95240309E-05  3.20842159E-05
 3.45629169E-05  3.69220796E-05  3.90967624E-05  4.10290948E-05  4.26801054E-05
 4.39988303E-05  4.49178726E-05  4.53519574E-05  4.51974804E-05  4.43334362E-05
 4.26261327E-05  3.99645169E-05  3.62232440E-05  3.12752599E-05  2.50230179E-05
 1.74590685E-05  9.65444290E-06  3.92125461E-06  1.22374018E-06  3.64367118E-07
 1.16945550E-07  4.12951151E-08  1.61261330E-08  6.95753258E-09  3.30668329E-09
 1.72626396E-09  9.88180514E-10  6.20017758E-10  4.26466788E-10  3.21570241E-10
 2.64392240E-10  2.33452126E-10  2.16565344E-10  2.06146461E-10  1.97217876E-10
 1.86831079E-10  1.73677318E-10  1.57592389E-10  1.39051481E-10  1.18786194E-10
 9.75354830E-11  7.57114552E-11  5.33428083E-11  3.17219951E-11  1.24787024E-11
 2.35776642E-12  7.51805868E-14  5.58715500E-16  4.25704875E-19  1.91794252E-22
 6.26132515E-26  1.60304353E-29  3.37578838E-33  6.03745736E-37  9.38213942E-41
 0.00000000E+00
 0.00000000E+00 -2.25944182E-47 -1.37688826E-43 -7.22156398E-40 -3.17494249E-36
-1.12646466E-32 -3.04089850E-29 -5.60695475E-26 -4.93608091E-23 -4.39063912E-21
-5.25954156E-21 -5.16454600E-21 -4.90590502E-21 -4.56225250E-21 -4.18675307E-21
-3.82497304E-21 -3.48475053E-21 -3.17525656E-21 -2.91659792E-21 -2.70776259E-21
-2.54520089E-21 -2.43316194E-21 -2.34553384E-21 -2.23501410E-21 -2.12234364E-21
-2.04305434E-21 -2.00738446E-21 -1.95826643E-21 -1.96990959E-21 -2.02828784E-21
-2.21270425E-21 -2.54611529E-21 -3.03998509E-21 -3.75618522E-21 -4.76807909E-21
-6.13999193E-21 -7.87505065E-21 -9.93340520E-21 -1.33785317E-20 -1.73412485E-20
-2.04536413E-20 -1.86344810E-20 -1.06097552E-20 -3.80679844E-21 -1.12344914E-21
-3.19798371E-22 -8.96963984E-23 -2.37823752E-23 -4.80267653E-24  5.01938166E-25
 1.80587684E-24  1.95264246E-24  1.81356158E-24  1.65356114E-24  1.53882194E-24
 1.47352842E-24  1.44004650E-24  1.41510783E-24  1.37876970E-24  1.31893729E-24
 1.23353875E-24  1.12647987E-24  1.00411280E-24  8.72290204E-25  7.35759934E-25
 5.98262542E-25  4.60870594E-25  3.23040340E-25  1.91971447E-25  7.66251146E-26
 1.57925582E-26  1.02425817E-27  1.27564631E-28  1.62946644E-31  9.80816608E-35
 3.91786336E-38  1.17111943E-41  2.79664586E-45  5.56002459E-49  9.46659915E-53
 0.00000000E+00
HO2 
 0.00000000E+00  6.32573357E-35  4.03934707E-31  2.24104160E-27  1.05325561E-23
 4.05678217E-20  1.21841308E-16  2.61535698E-13  2.99571333E-10  5.51648287E-08
 3.58107699E-07  6.76987278E-07  1.04062891E-06  1.45877077E-06  1.93419516E-06
 2.46898492E-06  3.06545159E-06  3.72452735E-06  4.44260897E-06  5.20635683E-06
 5.99066855E-06  6.76803508E-06  7.52807813E-06  8.29081296E-06  9.10104369E-06
 1.00100348E-05  1.10549567E-05  1.22377278E-05  1.35351479E-05  1.49203979E-05
 1.63577799E-05  1.78042462E-05  1.92133989E-05  2.05440470E-05  2.17755110E-05
 2.29177543E-05  2.39929517E-05  2.49703698E-05  2.55533254E-05  2.49784180E-05
 2.22828450E-05  1.77105897E-05  1.36662271E-05  1.22608154E-05  1.32146949E-05
 1.53170807E-05  1.79601151E-05  2.09180383E-05  2.41301137E-05  2.76026384E-05
 3.13692314E-05  3.54751798E-05  3.99684722E-05  4.48903502E-05  5.02236096E-05
 5.58494231E-05  6.15474484E-05  6.68788352E-05  7.09978480E-05  7.27210358E-05
 7.09230357E-05  6.50971505E-05  5.58186087E-05  4.46475523E-05  3.34249100E-05
 2.34852600E-05  1.53151747E-05  8.86914777E-06  4.23625997E-06  1.32739225E-06
 2.17086008E-07  6.87154891E-09  5.10631330E-11  3.89067857E-14  1.75288053E-17
 5.72246291E-21  1.46508238E-24  3.08526124E-28  5.51786163E-32  8.57469362E-36
 0.00000000E+00
 0.00000000E+00 -1.53708666E-48 -9.33779043E-45 -4.87902976E-41 -2.13549721E-37
-7.53458171E-34 -2.01886748E-30 -3.68216340E-27 -3.17487073E-24 -2.58734698E-22
-2.56559308E-22 -2.26838648E-22 -2.00299879E-22 -1.75432879E-22 -1.49623606E-22
-1.26199695E-22 -9.95485640E-23 -7.38035387E-23 -6.05326742E-23 -9.36656570E-23
-1.92843829E-22 -3.38594424E-22 -4.36129804E-22 -3.83244232E-22 -1.33409546E-22
 3.04131644E-22  8.56542701E-22  1.45602807E-21  2.05099436E-21  2.59650286E-21
 3.11190955E-21  3.62251273E-21  4.24569026E-21  5.09552945E-21  6.32543238E-21
 8.16652526E-21  1.07305846E-20  1.36547530E-20  1.44340562E-20  1.11492677E-20
 4.40027988E-21 -1.12457558E-22  2.85488714E-21  9.69758967E-21  1.56507056E-20
 2.02610778E-20  2.41124836E-20  2.78712432E-20  3.15873145E-20  3.56833226E-20
 3.99211777E-20  4.42661421E-20  4.88762347E-20  5.32629601E-20  5.67431722E-20
 5.83253009E-20  5.64559448E-20  4.84573159E-20  3.11449729E-20  3.94485959E-21
-2.89718911E-20 -5.82547199E-20 -7.44457537E-20 -7.40181651E-20 -6.13972402E-20
-4.43495620E-20 -2.83684993E-20 -1.55784083E-20 -6.78568502E-21 -1.85197459E-21
-2.92785822E-22 -1.30237243E-23 -1.76167278E-25 -1.66105452E-28 -8.49357065E-32
-3.03247775E-35 -8.32049987E-39 -1.85345148E-42 -3.47385352E-46 -5.62161562E-50
 0.00000000E+00
C2H 
 0.00000000E+00  7.60489195E-86  2.96421143E-78  8.79058546E-71  1.91600037E-63
 3.23862840E-56  7.99878942E-49  4.45175214E-41  1.62060863E-33  4.03519912E-27
 5.38647512E-24  1.82889284E-22  3.23332859E-21  4.16625543E-20  4.17698987E-19
 3.34824621E-18  2.19882859E-17  1.21129686E-16  5.72583060E-16  2.37209143E-15
 8.78989724E-15  2.97568841E-14  9.41453711E-14  2.84692412E-13  8.38066606E-13
 2.42921436E-12  6.94544996E-12  1.93291935E-11  5.17501917E-11  1.33303528E-10
 3.30957526E-10  7.94427442E-10  1.85259526E-09  4.22448614E-09  9.50530046E-09
 2.13137575E-08  4.77714620E-08  1.07609048E-07  2.39531181E-07  4.97770550E-07
 8.69381602E-07  1.03602795E-06  6.72895167E-07  2.37318843E-07  6.17110072E-08
 1.48601878E-08  3.53355039E-09  8.49047035E-10  2.07823962E-10  5.19345888E-11
 1.32461860E-11  3.44352095E-12  9.10780249E-13  2.44512099E-13  6.68133445E-14
 1.87018749E-14  5.34552121E-15  1.54073355E-15  4.42060403E-16  1.23942996E-16
 3.29128452E-17  7.97287704E-18  1.69386286E-18  3.01951268E-19  4.27266028E-20
 4.43682681E-21  2.91524375E-22  9.00150692E-24  9.74507425E-26  2.29374643E-28
 4.68506672E-31  2.40054983E-34  1.29618808E-38  7.56478850E-45  1.55068921E-51
 1.67619331E-58  1.11956416E-65  5.08381917E-73  1.67361142E-80  4.18254863E-88
 0.00000000E+00
 0.00000000E+00  4.64054068E-98  1.58650680E-90  4.01263777E-83  6.98857641E-76
 6.28739881E-69 -1.32768164E-61 -1.25168169E-53 -3.74352032E-46 -4.32026541E-40
-6.31374905E-38 -8.39221717E-37 -5.11101819E-36  2.52512167E-36  4.32359793E-34
 5.41097552E-33  4.28269666E-32  2.58894266E-31  1.27244126E-30  5.34836406E-30
 1.98638503E-29  6.76561721E-29  2.17847061E-28  6.75754742E-28  2.04820673E-27
 6.08882243E-27  1.76542924E-26  4.88595251E-26  1.28906614E-25  3.22398210E-25
 7.63908177E-25  1.74386492E-24  3.86725108E-24  8.48555905E-24  1.84889490E-23
 4.09555188E-23  9.19812042E-23  2.05807786E-22  4.16892943E-22  6.18595812E-22
 1.51181519E-22 -1.70261700E-21 -2.56946289E-21 -1.30670889E-21 -3.99967180E-22
-1.03956992E-22 -2.56084034E-23 -6.22077107E-24 -1.51466020E-24 -3.71732108E-25
-9.19241876E-26 -2.28863593E-26 -5.74933629E-27 -1.44875504E-27 -3.66605773E-28
-9.39408056E-29 -2.43690171E-29 -6.36454209E-30 -1.67411258E-30 -4.36677184E-31
-1.08079890E-31 -2.34485185E-32 -3.98263949E-33 -3.98829120E-34  1.92022042E-35
 1.53998689E-35  2.56903682E-36  1.73419628E-37  4.07129481E-39  2.34105456E-41
 1.56646106E-43  8.40672423E-46  1.74578458E-48  1.94288477E-54  5.76883291E-61
 8.09842813E-68  6.62128748E-75  3.54577242E-82  1.34162080E-89  3.78140874E-97
 0.00000000E+00
C2H2
 0.00000000E+00  2.56987544E-33  1.64397589E-29  9.12084357E-26  4.28667199E-22
 1.65109515E-18  4.95904712E-15  1.06461278E-11  1.22046789E-08  2.27085893E-06
 1.54084852E-05  3.04907779E-05  4.83706973E-05  6.92753271E-05  9.30406138E-05
 1.19423189E-04  1.48192993E-04  1.79130178E-04  2.12035668E-04  2.46731452E-04
 2.83055064E-04  3.20856915E-04  3.60025393E-04  4.00499591E-04  4.42216301E-04
 4.85063161E-04  5.28792650E-04  5.72731133E-04  6.16361930E-04  6.59719217E-04
 7.02894241E-04  7.45983756E-04  7.89060832E-04  8.32053167E-04  8.74487166E-04
 9.14724766E-04  9.48333186E-04  9.66560619E-04  9.51836301E-04  8.74666380E-04
 6.97236717E-04  4.23340013E-04  1.72829805E-04  4.91876224E-05  1.25243341E-05
 3.27657936E-06  8.99742392E-07  2.61159280E-07  8.03794302E-08  2.62936706E-08
 9.16600613E-09  3.41702566E-09  1.36854072E-09  5.92198656E-10  2.79501313E-10
 1.45326139E-10  8.34686536E-11  5.27704026E-11  3.64495881E-11  2.71107467E-11
 2.12808690E-11  1.72801209E-11  1.42675141E-11  1.18065310E-11  9.66681296E-12
 7.72545727E-12  5.89951592E-12  4.12029175E-12  2.44240057E-12  9.61011208E-13
 1.81718753E-13  5.79456306E-15  4.30631568E-17  3.28113249E-20  1.47825968E-23
 4.82593425E-27  1.23555038E-30  2.60189854E-34  4.65338752E-38  7.23131077E-42
 0.00000000E+00
 0.00000000E+00 -5.88775222E-46 -3.58999281E-42 -1.88409142E-38 -8.28966293E-35
-2.94406734E-31 -7.95828942E-28 -1.47025939E-24 -1.29932051E-21 -1.17396264E-19
-1.54351010E-19 -1.66690212E-19 -1.76211149E-19 -1.85288738E-19 -1.94849033E-19
-2.05340124E-19 -2.16865560E-19 -2.29513086E-19 -2.43088786E-19 -2.57940871E-19
-2.73888627E-19 -2.90832779E-19 -3.08789177E-19 -3.27396995E-19 -3.47595644E-19
-3.69410668E-19 -3.92329310E-19 -4.16327153E-19 -4.40596906E-19 -4.65433602E-19
-4.91438911E-19 -5.17791371E-19 -5.45422891E-19 -5.74568144E-19 -6.07894419E-19
-6.50677718E-19 -7.12019023E-19 -7.99450946E-19 -9.58756808E-19 -1.17747366E-18
-1.39032556E-18 -1.29677250E-18 -7.32946005E-19 -2.46212894E-19 -6.66348197E-20
-1.75002690E-20 -4.64420136E-21 -1.26248987E-21 -3.52138544E-22 -1.00408630E-22
-2.88434832E-23 -8.11525328E-24 -2.07112568E-24 -3.37589507E-25  1.24223178E-25
 2.17737995E-25  2.12899874E-25  1.87755380E-25  1.62972940E-25  1.42952370E-25
 1.27430426E-25  1.15329900E-25  1.05659745E-25  9.76856165E-26  9.08949660E-26
 8.48673409E-26  7.92250993E-26  7.34931506E-26  6.71611108E-26  5.82618780E-26
 4.36368215E-26  1.53208598E-26  3.37846986E-27  4.36449215E-30  2.63821567E-33
 1.05627912E-36  3.16216665E-40  7.55939407E-44  1.50410668E-47  2.56256202E-51
 0.00000000E+00
C2H3
 0.00000000E+00  6.80620426E-75  1.57361746E-67  3.16006563E-60  5.16623834E-53
 6.49589282E-46  6.44221006E-39  6.96078383E-32  8.76593799E-25  1.37212933E-18
 4.36155534E-16  3.64952080E-15  1.60338535E-14  5.40370753E-14  1.57607966E-13
 4.25338848E-13  1.11850892E-12  2.98919488E-12  8.21301712E-12  2.22899807E-11
 5.63781712E-11  1.29613047E-10  2.76275478E-10  5.70581944E-10  1.18907935E-09
 2.55490600E-09  5.66851396E-09  1.27716082E-08  2.86712576E-08  6.34280413E-08
 1.36910948E-07  2.86015460E-07  5.75524304E-07  1.11450618E-06  2.08334342E-06
 3.77330300E-06  6.59892006E-06  1.10716944E-05  1.72933733E-05  2.34807708E-05
 2.45362866E-05  1.64047195E-05  6.37919602E-06  1.63815972E-06  3.74166689E-07
 8.88988370E-08  2.24583054E-08  6.04017999E-09  1.72047328E-09  5.15287974E-10
 1.61051381E-10  5.21465192E-11  1.73792150E-11  5.93011754E-12  2.07381003E-12
 7.48160447E-13  2.78869013E-13  1.06986392E-13  4.20974012E-14  1.68393002E-14
 6.71463775E-15  2.60644594E-15  9.63241887E-16  3.32333738E-16  1.05091734E-16
 2.96792642E-17  7.03019333E-18  1.21339564E-18  1.28943850E-19  5.42882596E-21
 8.42274312E-23  7.28821081E-26  4.00981690E-30  2.43062424E-36  5.33635587E-43
 6.38833588E-50  4.92565275E-57  2.71883494E-64  1.16165651E-71  4.09529899E-79
 0.00000000E+00
 0.00000000E+00 -2.19396627E-88 -5.09468369E-81 -1.03194676E-73 -1.72253983E-66
-2.31199940E-59 -2.80545028E-52 -4.17082008E-45 -5.42144732E-38 -4.13944205E-32
-1.08444326E-30 -2.45808305E-30  3.78750752E-31  2.21144198E-29  1.02854494E-28
 3.61392773E-28  1.16741624E-27  3.80776663E-27  1.20416727E-26  3.34960132E-26
 8.01404234E-26  1.71244340E-25  3.65396701E-25  8.35399298E-25  2.02487341E-24
 4.98448279E-24  1.21416861E-23  2.88371665E-23  6.58272437E-23  1.43220522E-22
 2.95397814E-22  5.79090252E-22  1.08090656E-21  1.95159346E-21  3.43317732E-21
 5.75819255E-21  9.44025734E-21  1.46593832E-20  1.65916344E-20  6.15065999E-21
-2.14110220E-20 -4.12735826E-20 -2.52909862E-20 -7.71700416E-21 -1.87867714E-21
-4.45207263E-22 -1.08275482E-22 -2.75151396E-23 -7.28205072E-24 -2.00977388E-24
-5.72552418E-25 -1.66183884E-25 -4.93011575E-26 -1.46130668E-26 -4.27788249E-27
-1.20862212E-27 -3.17626415E-28 -7.11015429E-29 -1.04644394E-29  1.19742703E-30
 1.99599096E-30  1.20077213E-30  5.87432797E-31  2.67042282E-31  1.11383999E-31
 4.04348649E-32  1.19501380E-32  2.61763143E-33  3.75398211E-34  2.39613099E-35
 6.68746139E-37  3.42740619E-39  6.72743539E-42  7.64116914E-48  2.39312651E-54
 3.65958253E-61  3.38588942E-68  2.14965245E-75  1.02254591E-82  3.90463850E-90
 0.00000000E+00
C2H4
 0.00000000E+00  5.03445613E-33  3.22059363E-29  1.78679815E-25  8.39770742E-22
 3.23454047E-18  9.71490865E-15  2.08560548E-11  2.39092986E-08  4.44867367E-06
 3.01855106E-05  5.97315798E-05  9.47577799E-05  1.35708722E-04  1.82262653E-04
 2.33942271E-04  2.90296037E-04  3.50891891E-04  4.15337469E-04  4.83279943E-04
 5.54393841E-04  6.28373349E-04  7.04977025E-04  7.84045970E-04  8.65390964E-04
 9.48687432E-04  1.03328547E-03  1.11761416E-03  1.20025359E-03  1.28054423E-03
 1.35739671E-03  1.42885440E-03  1.49157606E-03  1.54005845E-03  1.56563927E-03
 1.55526492E-03  1.49183717E-03  1.35597871E-03  1.13261640E-03  8.27245171E-04
 4.81680888E-04  1.99001198E-04  5.68271033E-05  1.28620806E-05  2.96029813E-06
 7.64181571E-07  2.19457091E-07  6.93083205E-08  2.38454406E-08  8.87617084E-09
 3.55829626E-09  1.53209172E-09  7.07812808E-10  3.50956583E-10  1.87469115E-10
 1.08385407E-10  6.77593072E-11  4.55679489E-11  3.27417607E-11  2.48664739E-11
 1.96689381E-11  1.59626343E-11  1.31148419E-11  1.07784451E-11  8.76066979E-12
 6.95266928E-12  5.27613519E-12  3.66459968E-12  2.16233518E-12  8.48017260E-13
 1.60106110E-13  5.10504633E-15  3.79388856E-17  2.89069635E-20  1.30235517E-23
 4.25167547E-27  1.08852690E-30  2.29228739E-34  4.09966082E-38  6.37082584E-42
 0.00000000E+00
 0.00000000E+00 -3.31168992E-46 -2.01737494E-42 -1.05758836E-38 -4.64702012E-35
-1.64758658E-31 -4.44371818E-28 -8.18211397E-25 -7.18516252E-22 -6.32822111E-20
-7.24125650E-20 -6.79906710E-20 -6.13935433E-20 -5.38836935E-20 -4.65539329E-20
-3.99744375E-20 -3.44815514E-20 -3.02378401E-20 -2.69203563E-20 -2.48222432E-20
-2.40691149E-20 -2.41375267E-20 -2.60682082E-20 -2.94270846E-20 -3.46651755E-20
-4.23978137E-20 -5.37398956E-20 -6.61743664E-20 -8.23856128E-20 -1.03127137E-19
-1.31044877E-19 -1.67758577E-19 -2.19957822E-19 -2.94115855E-19 -4.00495614E-19
-5.50106578E-19 -7.49463315E-19 -9.77490417E-19 -1.22658870E-18 -1.34464853E-18
-1.17859182E-18 -6.85490948E-19 -2.34870069E-19 -5.52026084E-20 -1.21839383E-20
-2.87454553E-21 -7.25250846E-22 -1.92314885E-22 -5.22194642E-23 -1.38145773E-23
-3.09964452E-24 -2.16615043E-25  4.43605109E-25  5.01039849E-25  4.22439571E-25
 3.34044687E-25  2.63197908E-25  2.10660894E-25  1.72162125E-25  1.43414206E-25
 1.20981335E-25  1.02577064E-25  8.67433012E-26  7.26746356E-26  5.98452783E-26
 4.79222231E-26  3.66335096E-26  2.56595826E-26  1.53921958E-26  6.39012476E-27
 1.56843106E-27  2.01929997E-28  3.73380596E-29  4.81080105E-32  2.90529078E-35
 1.16264874E-38  3.47956567E-42  8.31648350E-46  1.65450730E-49  2.81849572E-53
 0.00000000E+00
C2H5
 0.00000000E+00  2.60620318E-44  3.53089354E-40  4.48403368E-36  5.31415095E-32
 5.84722508E-28  5.93774812E-24  5.50405707E-20  4.06634294E-16  9.66333888E-13
 5.76370195E-11  2.17474762E-10  4.77591539E-10  8.71825157E-10  1.48048705E-09
 2.48638509E-09  4.28322372E-09  7.67922247E-09  1.42393266E-08  2.67711100E-08
 4.99923112E-08  9.16513407E-08  1.64529054E-07  2.89242433E-07  4.96614804E-07
 8.27659250E-07  1.32899831E-06  2.04037106E-06  2.99664897E-06  4.25233338E-06
 5.89632611E-06  8.06344431E-06  1.09306108E-05  1.46851760E-05  1.94487206E-05
 2.50912944E-05  3.08324022E-05  3.48814439E-05  3.41966467E-05  2.63153767E-05
 1.35855910E-05  3.98578522E-06  6.56483308E-07  7.57761523E-08  8.81748985E-09
 1.22974690E-09  2.13922918E-10  4.74113375E-11  1.32967645E-11  4.56027940E-12
 1.83346750E-12  8.35614914E-13  4.22691150E-13  2.34483710E-13  1.41876420E-13
 9.31524879E-14  6.55498994E-14  4.84428084E-14  3.66063876E-14  2.73743416E-14
 1.95500327E-14  1.28958303E-14  7.63503242E-15  3.96585512E-15  1.78054437E-15
 6.84652552E-16  2.19445916E-16  5.44070624E-17  9.41871644E-18  8.83571225E-19
 2.77049974E-20  8.43411940E-23  3.86500215E-26  3.87461389E-30  3.42421038E-34
 2.81540514E-38  2.16483959E-42  1.56330027E-46  1.06414847E-50  6.85055327E-55
 0.00000000E+00
 0.00000000E+00 -1.50079213E-59 -1.78339937E-55 -1.92991128E-51 -1.90711585E-47
-1.65769242E-43 -1.25292156E-39 -7.57142644E-36 -2.81460730E-32 -4.29052509E-28
 6.91036743E-29  4.07048110E-26  1.11817828E-25  2.55736341E-25  5.96893925E-25
 1.42330483E-24  3.39094507E-24  7.85960032E-24  1.73580537E-23  3.60845531E-23
 7.09207284E-23  1.33433632E-22  2.42216430E-22  4.24012393E-22  7.06966294E-22
 1.10912645E-21  1.62782299E-21  2.24890651E-21  2.96155846E-21  3.85017580E-21
 5.03081694E-21  6.56336322E-21  8.84284758E-21  1.15996315E-20  1.40586866E-20
 1.55475052E-20  1.28510818E-20  1.44069067E-21 -1.86809443E-20 -4.26865200E-20
-4.22659607E-20 -1.92468833E-20 -3.92723074E-21 -4.79626339E-22 -5.33724945E-23
-6.54892725E-24 -9.17316398E-25 -1.43239888E-25 -2.33238344E-26 -2.69382468E-27
 8.12231772E-28  1.17299057E-27  9.74927793E-28  7.41631503E-28  5.62592538E-28
 4.36582538E-28  3.44088355E-28  2.70934677E-28  2.07449687E-28  1.49475360E-28
 9.81505362E-29  5.70763389E-29  2.88571207E-29  1.27123869E-29  5.05317882E-30
 1.90515873E-30  6.90241930E-31  2.34199141E-31  7.40416234E-32  2.01646277E-32
 3.39581192E-33  5.60799747E-35  1.30305682E-37  1.38845967E-41  1.29694340E-45
 1.12755234E-49  9.16094172E-54  6.97901669E-58  5.00097558E-62  3.38038225E-66
 0.00000000E+00
C2H6
 0.00000000E+00  6.45148010E-33  4.12707852E-29  2.28971956E-25  1.07613694E-21
 4.14495090E-18  1.24493169E-14  2.67263075E-11  3.06389335E-08  5.70080833E-06
 3.86562817E-05  7.64329006E-05  1.21162916E-04  1.73382709E-04  2.32635155E-04
 2.98249597E-04  3.69569180E-04  4.45936639E-04  5.26710952E-04  6.11253984E-04
 6.98896609E-04  7.88903537E-04  8.80491192E-04  9.72791671E-04  1.06463579E-03
 1.15433110E-03  1.23936029E-03  1.31584238E-03  1.37982265E-03  1.42764435E-03
 1.45475513E-03  1.45557401E-03  1.42365080E-03  1.35222560E-03  1.23534923E-03
 1.07027826E-03  8.63005392E-04  6.28171721E-04  3.93797379E-04  1.98009700E-04
 7.06981140E-05  1.59952219E-05  2.30492289E-06  2.52526043E-07  2.85036942E-08
 3.75376770E-09  5.75822132E-10  1.02237340E-10  2.09515459E-11  4.97341294E-12
 1.38362706E-12  4.60281117E-13  1.87499660E-13  9.50257685E-14  5.96470059E-14
 4.48200055E-14  3.80966116E-14  3.45290677E-14  3.18289905E-14  2.89635210E-14
 2.56898491E-14  2.22051227E-14  1.88080223E-14  1.56782039E-14  1.28429144E-14
 1.02499688E-14  7.81537094E-15  5.45108356E-15  3.22798040E-15  1.26931184E-15
 2.39953409E-16  7.65143679E-18  5.68627836E-20  4.33257430E-23  1.95196930E-26
 6.37240916E-30  1.63148359E-33  3.43567923E-37  6.14456967E-41  9.54859071E-45
 0.00000000E+00
 0.00000000E+00 -2.00886389E-46 -1.22161807E-42 -6.39121150E-39 -2.80118581E-35
-9.90146314E-32 -2.65919328E-28 -4.86673678E-25 -4.22376408E-22 -3.54084841E-20
-2.82616354E-20 -1.32185178E-20  3.74326887E-21  2.20102687E-20  4.04567433E-20
 5.81011644E-20  7.47126230E-20  8.97613101E-20  1.03063412E-19  1.14685183E-19
 1.23642506E-19  1.29973446E-19  1.32495438E-19  1.31244008E-19  1.24490022E-19
 1.08768257E-19  8.24944162E-20  4.63384412E-20 -2.46282255E-21 -6.72598387E-20
-1.48882700E-19 -2.48293170E-19 -3.65459994E-19 -4.97891845E-19 -6.35754975E-19
-7.61214089E-19 -8.46136249E-19 -8.50411310E-19 -7.54226478E-19 -5.38434550E-19
-2.68784009E-19 -7.95257706E-20 -1.32660999E-20 -1.49564523E-21 -1.60912712E-22
-1.91114794E-23 -2.50005371E-24 -3.50852947E-25 -4.97269223E-26 -5.75531118E-27
 3.33668231E-28  8.35367647E-28  6.55438870E-28  4.88924128E-28  3.91412850E-28
 3.39533326E-28  3.09555378E-28  2.86060888E-28  2.61235467E-28  2.33896936E-28
 2.06688753E-28  1.82627882E-28  1.62828026E-28  1.46719658E-28  1.33117816E-28
 1.21080000E-28  1.09880514E-28  9.87794538E-29  8.72876106E-29  7.32210896E-29
 5.37777389E-29  1.88467829E-29  4.16835567E-30  5.38538491E-33  3.25547006E-36
 1.30345561E-39  3.90223322E-43  9.32876995E-47  1.85619507E-50  3.16246659E-54
 0.00000000E+00
HCCO
 0.00000000E+00  1.99294060E-68  8.93061641E-62  3.99688610E-55  1.77576787E-48
 7.62439753E-42  2.92236854E-35  8.57237682E-29  1.49752492E-22  7.16080100E-17
 1.67741328E-14  1.04528122E-13  3.35383608E-13  8.11467590E-13  1.67625290E-12
 3.14956150E-12  5.60488000E-12  9.76083336E-12  1.72724997E-11  3.25460645E-11
 6.73510071E-11  1.50024487E-10  3.42031338E-10  7.72402702E-10  1.71884037E-09
 3.79631178E-09  8.36948431E-09  1.83224767E-08  3.95666187E-08  8.42393721E-08
 1.76613570E-07  3.63785872E-07  7.33553300E-07  1.44046790E-06  2.73639444E-06
 4.98047131E-06  8.53847672E-06  1.36082090E-05  1.98018421E-05  2.57969180E-05
 2.94215658E-05  2.71360174E-05  1.71119849E-05  6.84291826E-06  2.15401342E-06
 6.44027121E-07  1.94331651E-07  6.08171720E-08  2.00094296E-08  6.96873705E-09
 2.57587120E-09  1.00968054E-09  4.18072979E-10  1.81619345E-10  8.22919986E-11
 3.86771351E-11  1.86437495E-11  9.08810971E-12  4.44064008E-12  2.16415165E-12
 1.04572035E-12  4.98214199E-13  2.32775195E-13  1.05756839E-13  4.60403580E-14
 1.87191356E-14  6.73190754E-15  1.90622598E-15  3.60125035E-16  2.85724100E-17
 6.61171598E-19  6.32676515E-22  3.51679490E-26  2.60008206E-32  8.20362130E-39
 1.73270011E-45  3.02412022E-52  4.90537869E-59  7.79089303E-66  1.23175506E-72
 0.00000000E+00
 0.00000000E+00  3.08921331E-81  1.38383767E-74  6.17474035E-68  2.69704827E-61
 1.08103248E-54  3.35366661E-48  5.24757889E-42 -3.27526255E-36 -3.29436503E-30
-7.17805306E-29 -1.79398286E-28 -2.80254941E-28 -3.27120646E-28 -2.47522329E-28
 9.54779709E-29  9.78076381E-28  3.26459308E-27  9.87761553E-27  2.96908410E-26
 8.69021825E-26  2.32206854E-25  5.62917786E-25  1.28588956E-24  2.89264836E-24
 6.50906261E-24  1.46341496E-23  3.26424474E-23  7.12243231E-23  1.51432213E-22
 3.12732436E-22  6.30275482E-22  1.22901714E-21  2.31302232E-21  4.12520986E-21
 6.86554962E-21  1.03306038E-20  1.34554572E-20  1.32679425E-20  6.97124264E-21
-8.43439113E-21 -3.46591450E-20 -4.74729310E-20 -2.79531530E-20 -1.03412923E-20
-3.26557463E-21 -9.81055305E-22 -2.93918682E-22 -8.95877846E-23 -2.80757059E-23
-9.05311550E-24 -3.00670080E-24 -1.02915861E-24 -3.60437505E-25 -1.29120576E-25
-4.76143279E-26 -1.81917576E-26 -7.21352675E-27 -2.94241856E-27 -1.18558564E-27
-4.25305692E-28 -1.13596976E-28 -3.64286124E-30  2.26980986E-29  2.04017404E-29
 1.22309332E-29  5.79597813E-30  2.13448618E-30  5.59226380E-31  7.37563839E-32
 4.10921831E-33  3.42998613E-35  7.25118291E-38  9.28032256E-44  3.85201924E-50
 9.39993506E-57  1.75209103E-63  2.90849414E-70  4.64705391E-77  7.35561738E-84
 0.00000000E+00
CH2C
 0.00000000E+00  7.99200463E-34  5.11256798E-30  2.83647304E-26  1.33310361E-22
 5.13470805E-19  1.54220422E-15  3.31081814E-12  3.79550886E-09  7.06209912E-07
 4.79186006E-06  9.48233577E-06  1.50429216E-05  2.15442953E-05  2.89355241E-05
 3.71410558E-05  4.60895701E-05  5.57131292E-05  6.59507166E-05  7.67488108E-05
 8.80602086E-05  9.98432846E-05  1.12068932E-04  1.24722611E-04  1.37784809E-04
 1.51212575E-04  1.64909128E-04  1.78629975E-04  1.92159780E-04  2.05416689E-04
 2.18263970E-04  2.30447198E-04  2.41529169E-04  2.50802605E-04  2.57194764E-04
 2.59137300E-04  2.54571198E-04  2.41096977E-04  2.16409351E-04  1.79698641E-04
 1.32464339E-04  8.16513970E-05  3.96128096E-05  1.53463503E-05  5.59531292E-06
 2.11531624E-06  8.40052397E-07  3.51717132E-07  1.55325054E-07  7.23124948E-08
 3.54663230E-08  1.83176246E-08  9.96249197E-09  5.70624772E-09  3.44957201E-09
 2.20635131E-09  1.48973253E-09  1.05642590E-09  7.83102836E-10  6.03069624E-10
 4.78231456E-10  3.86769992E-10  3.15961444E-10  2.58169523E-10  2.08790805E-10
 1.65046309E-10  1.24880692E-10  8.65657523E-11  5.10256739E-11  2.00071197E-11
 3.77772107E-12  1.20454820E-13  8.95177348E-16  6.82066922E-19  3.07293909E-22
 1.00319330E-25  2.56840602E-29  5.40870853E-33  9.67325064E-37  1.50321204E-40
 0.00000000E+00
 0.00000000E+00 -8.59927141E-47 -5.24034157E-43 -2.74845662E-39 -1.20832265E-35
-4.28706692E-32 -1.15729529E-28 -2.13371321E-25 -1.87830445E-22 -1.66992751E-20
-1.99166163E-20 -1.94599395E-20 -1.83786567E-20 -1.69880204E-20 -1.54803422E-20
-1.40165068E-20 -1.25890865E-20 -1.12522387E-20 -1.00434075E-20 -8.96410419E-21
-7.99973946E-21 -7.15842968E-21 -6.48998774E-21 -5.90313149E-21 -5.64926430E-21
-5.81184845E-21 -6.43324436E-21 -7.38854074E-21 -8.68540063E-21 -1.06740657E-20
-1.35323183E-20 -1.76156881E-20 -2.32417493E-20 -3.12679566E-20 -4.27402002E-20
-5.86035240E-20 -7.94534772E-20 -1.03686745E-19 -1.35121050E-19 -1.59875784E-19
-1.68224107E-19 -1.49762502E-19 -9.81869888E-20 -4.47701561E-20 -1.72040080E-20
-6.40195044E-21 -2.38001178E-21 -8.95813898E-22 -3.40650508E-22 -1.28875626E-22
-4.67834321E-23 -1.49170244E-23 -2.76713089E-24  1.61620957E-24  2.96129690E-24
 3.14840616E-24  2.93652324E-24  2.61312146E-24  2.28535907E-24  1.98685509E-24
 1.72286453E-24  1.48671402E-24  1.27095157E-24  1.07106310E-24  8.83815455E-25
 7.06880418E-25  5.38064548E-25  3.73443486E-25  2.19664368E-25  8.59683399E-26
 1.63659007E-26  6.00685645E-28  2.61225043E-29  3.18348896E-32  1.88291647E-35
 7.45084554E-39  2.21397009E-42  5.26511608E-46  1.04359911E-49  1.77270682E-53
 0.00000000E+00
HCCO
 0.00000000E+00  6.07572767E-36  3.88670580E-32  2.15635983E-28  1.01345969E-24
 3.90353725E-21  1.17242335E-17  2.51696918E-14  2.88544355E-11  5.36878956E-09
 3.64289090E-08  7.20866328E-08  1.14358547E-07  1.63781546E-07  2.19967836E-07
 2.82342205E-07  3.50361170E-07  4.23506152E-07  5.01309765E-07  5.83359935E-07
 6.69293308E-07  7.58797662E-07  8.51679328E-07  9.47900636E-07  1.04746632E-06
 1.15033708E-06  1.25626719E-06  1.36414842E-06  1.47347805E-06  1.58549996E-06
 1.70226259E-06  1.82685352E-06  1.96387377E-06  2.11994902E-06  2.30434835E-06
 2.52851236E-06  2.80117443E-06  3.12483011E-06  3.46935893E-06  3.71896404E-06
 3.59964632E-06  2.75274323E-06  1.42822940E-06  5.01370768E-07  1.50115246E-07
 4.46805765E-08  1.37187380E-08  4.41603091E-09  1.50339615E-09  5.44625588E-10
 2.11073736E-10  8.79808368E-11  3.96587197E-11  1.94367451E-11  1.04348107E-11
 6.17579454E-12  4.02346595E-12  2.86142219E-12  2.19298874E-12  1.77833364E-12
 1.49432668E-12  1.27723143E-12  1.09421235E-12  9.28772875E-13  7.73257081E-13
 6.24494455E-13  4.79950907E-13  3.36462574E-13  1.99852888E-13  7.87072740E-14
 1.48873981E-14  4.74728244E-16  3.52801396E-18  2.68811720E-21  1.21108650E-24
 3.95371930E-28  1.01224325E-31  2.13164456E-35  3.81235779E-39  5.92436023E-43
 0.00000000E+00
 0.00000000E+00 -3.75144551E-49 -2.28617039E-45 -1.19907386E-41 -5.27188595E-38
-1.87062145E-34 -5.05049319E-31 -9.31522046E-28 -8.20886317E-25 -7.34027773E-23
-9.40503030E-23 -1.00502226E-22 -1.06607767E-22 -1.13923744E-22 -1.23693469E-22
-1.36531475E-22 -1.52463205E-22 -1.71127770E-22 -1.92810594E-22 -2.17229248E-22
-2.44662182E-22 -2.74182565E-22 -3.05745897E-22 -3.39845891E-22 -3.77345830E-22
-4.17601026E-22 -4.60661609E-22 -5.05740435E-22 -5.51320837E-22 -5.96375060E-22
-6.40922531E-22 -6.82084329E-22 -7.20424002E-22 -7.52267597E-22 -7.84739318E-22
-8.22861187E-22 -8.99335847E-22 -1.05607392E-21 -1.54787639E-21 -2.63331602E-21
-4.62506186E-21 -6.42719625E-21 -5.18095529E-21 -2.29920800E-21 -7.58208281E-22
-2.31135649E-22 -6.94661744E-23 -2.11198231E-23 -6.55420064E-24 -2.07766881E-24
-6.65591173E-25 -2.10542452E-25 -6.15217088E-26 -1.24784334E-26  3.26240152E-27
 7.88556492E-27  8.85073953E-27  8.64201644E-27  8.06928718E-27  7.38692547E-27
 6.66518173E-27  5.92427972E-27  5.17512355E-27  4.43107438E-27  3.69963895E-27
 2.98664093E-27  2.28984968E-27  1.60007714E-27  9.48163099E-28  3.76436673E-28
 7.60390042E-29  4.44454684E-30  4.90677938E-31  6.24520650E-34  3.75369908E-37
 1.49813289E-40  4.47559014E-44  1.06830643E-47  2.12317048E-51  3.61391100E-55
 0.00000000E+00
AR  
 0.00000000E+00  0.00000000E+00  0.00000000E+00  0.00000000E+00  0.00000000E+00
 0.00000000E+00  0.00000000E+00  0.00000000E+00  0.00000000E+00  0.00000000E+00
 0.00000000E+00  0.00000000E+00  0.00000000E+00  0.00000000E+00  0.00000000E+00
 0.00000000E+00  0.00000000E+00  0.00000000E+00  0.00000000E+00  0.00000000E+00
 0.00000000E+00  0.00000000E+00  0.00000000E+00  0.00000000E+00  0.00000000E+00
 0.00000000E+00  0.00000000E+00  0.00000000E+00  0.00000000E+00  0.00000000E+00
 0.00000000E+00  0.00000000E+00  0.00000000E+00  0.00000000E+00  0.00000000E+00
 0.00000000E+00  0.00000000E+00  0.00000000E+00  0.00000000E+00  0.00000000E+00
 0.00000000E+00  0.00000000E+00  0.00000000E+00  0.00000000E+00  0.00000000E+00
 0.00000000E+00  0.00000000E+00  0.00000000E+00  0.00000000E+00  0.00000000E+00
 0.00000000E+00  0.00000000E+00  0.00000000E+00  0.00000000E+00  0.00000000E+00
 0.00000000E+00  0.00000000E+00  0.00000000E+00  0.00000000E+00  0.00000000E+00
 0.00000000E+00  0.00000000E+00  0.00000000E+00  0.00000000E+00  0.00000000E+00
 0.00000000E+00  0.00000000E+00  0.00000000E+00  0.00000000E+00  0.00000000E+00
 0.00000000E+00  0.00000000E+00  0.00000000E+00  0.00000000E+00  0.00000000E+00
 0.00000000E+00  0.00000000E+00  0.00000000E+00  0.00000000E+00  0.00000000E+00
 0.00000000E+00
 0.00000000E+00  0.00000000E+00  0.00000000E+00  0.00000000E+00  0.00000000E+00
 0.00000000E+00  0.00000000E+00  0.00000000E+00  0.00000000E+00  0.00000000E+00
 0.00000000E+00  0.00000000E+00  0.00000000E+00  0.00000000E+00  0.00000000E+00
 0.00000000E+00  0.00000000E+00  0.00000000E+00  0.00000000E+00  0.00000000E+00
 0.00000000E+00  0.00000000E+00  0.00000000E+00  0.00000000E+00  0.00000000E+00
 0.00000000E+00  0.00000000E+00  0.00000000E+00  0.00000000E+00  0.00000000E+00
 0.00000000E+00  0.00000000E+00  0.00000000E+00  0.00000000E+00  0.00000000E+00
 0.00000000E+00  0.00000000E+00  0.00000000E+00  0.00000000E+00  0.00000000E+00
 0.00000000E+00  0.00000000E+00  0.00000000E+00  0.00000000E+00  0.00000000E+00
 0.00000000E+00  0.00000000E+00  0.00000000E+00  0.00000000E+00  0.00000000E+00
 0.00000000E+00  0.00000000E+00  0.00000000E+00  0.00000000E+00  0.00000000E+00
 0.00000000E+00  0.00000000E+00  0.00000000E+00  0.00000000E+00  0.00000000E+00
 0.00000000E+00  0.00000000E+00  0.00000000E+00  0.00000000E+00  0.00000000E+00
 0.00000000E+00  0.00000000E+00  0.00000000E+00  0.00000000E+00  0.00000000E+00
 0.00000000E+00  0.00000000E+00  0.00000000E+00  0.00000000E+00  0.00000000E+00
 0.00000000E+00  0.00000000E+00  0.00000000E+00  0.00000000E+00  0.00000000E+00
 0.00000000E+00
H2  
 0.00000000E+00  7.17302464E-33  4.58865802E-29  2.54580570E-25  1.19649393E-21
 4.60852928E-18  1.38416697E-14  2.97154233E-11  3.40656441E-08  6.33841112E-06
 4.30080937E-05  8.51057287E-05  1.35012106E-04  1.93361089E-04  2.59694842E-04
 3.33334221E-04  4.13637349E-04  4.99991049E-04  5.91840292E-04  6.88688833E-04
 7.90083121E-04  8.95603611E-04  1.00493318E-03  1.11789093E-03  1.23428219E-03
 1.35376404E-03  1.47559854E-03  1.59783153E-03  1.71890177E-03  1.83870104E-03
 1.95714862E-03  2.07399785E-03  2.18874284E-03  2.30040703E-03  2.40729397E-03
 2.50610801E-03  2.59018829E-03  2.64969376E-03  2.66676984E-03  2.61205273E-03
 2.44063516E-03  2.11227517E-03  1.66450739E-03  1.23236555E-03  9.25060723E-04
 7.18308664E-04  5.69396068E-04  4.56099719E-04  3.66986881E-04  2.95740235E-04
 2.38517292E-04  1.92728137E-04  1.56436398E-04  1.28024941E-04  1.06143538E-04
 8.95146554E-05  7.67939618E-05  6.67862865E-05  5.86039743E-05  5.16153236E-05
 4.53848519E-05  3.96530560E-05  3.42782073E-05  2.91778949E-05  2.43027062E-05
 1.96225277E-05  1.50762911E-05  1.05668565E-05  6.27584726E-06  2.47148576E-06
 4.67472582E-07  1.49067228E-08  1.10781540E-10  8.44083286E-14  3.80287687E-17
 1.24148917E-20  3.17849836E-24  6.69347878E-28  1.19710089E-31  1.86028104E-35
 0.00000000E+00
 0.00000000E+00 -4.84329158E-46 -2.95064481E-42 -1.54707821E-38 -6.79890543E-35
-2.41114242E-31 -6.50571650E-28 -1.19868226E-24 -1.05410356E-21 -9.34444179E-20
-1.13316035E-19 -1.14071523E-19 -1.13021877E-19 -1.12119958E-19 -1.12452845E-19
-1.15265711E-19 -1.20397390E-19 -1.28157181E-19 -1.38534615E-19 -1.51198266E-19
-1.66494202E-19 -1.84259932E-19 -2.04112736E-19 -2.26845136E-19 -2.51465923E-19
-2.80567870E-19 -3.13965288E-19 -3.50199442E-19 -3.87551003E-19 -4.28439445E-19
-4.71875947E-19 -5.19442452E-19 -5.72188289E-19 -6.27971291E-19 -6.97006794E-19
-7.78499672E-19 -8.88367096E-19 -1.01773768E-18 -1.25839623E-18 -1.57874993E-18
-1.99586713E-18 -2.36717909E-18 -2.34299146E-18 -1.89674388E-18 -1.45615393E-18
-1.15002479E-18 -9.35993812E-19 -7.72936624E-19 -6.40818778E-19 -5.27272977E-19
-4.27381526E-19 -3.39607835E-19 -2.63564992E-19 -1.98907746E-19 -1.46350124E-19
-1.06054216E-19 -7.69302327E-20 -5.70128887E-20 -4.40478890E-20 -3.56039009E-20
-2.97060999E-20 -2.51724281E-20 -2.14299884E-20 -1.81907005E-20 -1.53396631E-20
-1.27642033E-20 -1.02932273E-20 -7.72456532E-21 -5.03614574E-21 -2.26964308E-21
-5.60473706E-22 -2.74228912E-23 -2.27695041E-25 -1.56200586E-28 -5.89866484E-32
-1.50477759E-35 -2.73053289E-39 -3.32709100E-43 -1.57798407E-47  4.34678388E-51
 0.00000000E+00
C3H7
 0.00000000E+00  1.14228326E-37  7.30730414E-34  4.05412139E-30  1.90538172E-26
 7.33894860E-23  2.20424559E-19  4.73209462E-16  5.42485552E-13  1.00978239E-10
 7.63695090E-10  1.66195277E-09  2.82459338E-09  4.29483405E-09  6.09294323E-09
 8.21960759E-09  1.06401931E-08  1.32447803E-08  1.57851301E-08  1.77987678E-08
 1.85992894E-08  1.75269446E-08  1.45697056E-08  1.07815772E-08  7.54718819E-09
 5.41882366E-09  4.16208461E-09  3.42402560E-09  2.98182848E-09  2.71937334E-09
 2.58141624E-09  2.54741770E-09  2.62686688E-09  2.86954075E-09  3.38812173E-09
 4.37271758E-09  5.99436272E-09  8.05750187E-09  9.29273140E-09  7.63102579E-09
 3.42628111E-09  6.41267737E-10  5.10859327E-11  2.49720325E-12  1.21379940E-13
 7.42953533E-15  6.07023657E-16  6.57949501E-17  9.02943166E-18  1.50005843E-18
 2.94071022E-19  6.73900450E-20  1.80562575E-20  5.68899764E-21  2.13406359E-21
 9.65057168E-22  5.27137885E-22  3.45586460E-22  2.67825582E-22  2.36449123E-22
 2.21877047E-22  2.01347281E-22  1.62691985E-22  1.13043547E-22  6.78778226E-23
 3.57400883E-23  1.64459618E-23  6.34564735E-24  1.93506541E-24  3.95035340E-25
 4.91905029E-26  1.53177098E-27  1.13808215E-29  8.67144518E-33  3.90677542E-36
 1.27540794E-39  3.26533823E-43  6.87635157E-47  1.22980693E-50  1.91110585E-54
 0.00000000E+00
 0.00000000E+00  2.82014871E-51  1.71905341E-47  9.01928862E-44  3.96644684E-40
 1.40790501E-36  3.80221352E-33  7.01168915E-30  6.16777903E-27  5.44630572E-25
 8.87850270E-25  1.21200761E-24  1.56631424E-24  1.94645636E-24  2.30865553E-24
 2.57531962E-24  2.60223030E-24  2.14660425E-24  7.39881736E-25 -2.30232329E-24
-7.39575322E-24 -1.36696457E-23 -1.80100818E-23 -1.70135375E-23 -1.26639626E-23
-8.28849425E-24 -5.51405309E-24 -3.63677732E-24 -2.65265949E-24 -1.86328395E-24
-1.34552706E-24 -8.18002688E-25 -4.00620603E-25  1.20499643E-25  1.30305519E-24
 2.50560557E-24  3.57797352E-24  2.10081325E-24 -5.98942628E-24 -1.73623284E-23
-1.66266720E-23 -4.93621927E-24 -4.94627940E-25 -2.63462465E-26 -1.27602110E-27
-7.19924817E-29 -5.12612372E-30 -4.59956457E-31 -4.96130670E-32 -6.12348220E-33
-7.38328387E-34 -5.91809132E-35  1.74606632E-35  1.64804721E-35  1.06518525E-35
 6.83413943E-36  4.85716266E-36  3.90438404E-36  3.54393310E-36  3.47122543E-36
 3.45176613E-36  3.20658987E-36  2.66235143E-36  1.98879151E-36  1.38583356E-36
 9.31347528E-37  6.12455376E-37  3.88427187E-37  2.32218237E-37  1.24340922E-37
 6.38913710E-38  1.61174803E-38  2.84344149E-39  3.64915326E-42  2.19839548E-45
 8.78166457E-49  2.62433772E-52  6.26470342E-56  1.24499073E-59  2.11887197E-63
 0.00000000E+00
C3H8
 0.00000000E+00  2.42626204E-38  1.55210490E-34  8.61113958E-31  4.04711803E-27
 1.55882626E-23  4.68191839E-20  1.00511850E-16  1.15226382E-13  2.14386997E-11
 1.43861108E-10  2.81877570E-10  4.43869177E-10  6.31557787E-10  8.43041082E-10
 1.07571240E-09  1.32705752E-09  1.59449869E-09  1.87517436E-09  2.16532174E-09
 2.45940621E-09  2.74975701E-09  3.02783073E-09  3.28657965E-09  3.52169510E-09
 3.73056106E-09  3.90985828E-09  4.05396571E-09  4.15807242E-09  4.21864502E-09
 4.23141450E-09  4.19170667E-09  4.09509108E-09  3.93798938E-09  3.71713364E-09
 3.42649389E-09  3.05133651E-09  2.54986061E-09  1.87209130E-09  1.06530901E-09
 3.80679977E-10  7.27674204E-11  8.21792802E-12  7.17491741E-13  6.67783722E-14
 7.46182274E-15  9.92125755E-16  1.54923239E-16  2.81071843E-17  5.87887244E-18
 1.41029572E-18  3.86852992E-19  1.21167895E-19  4.33253833E-20  1.77465732E-20
 8.35188325E-21  4.49163768E-21  2.72864598E-21  1.84456160E-21  1.35818590E-21
 1.06152173E-21  8.59736697E-22  7.07732158E-22  5.83455856E-22  4.75831064E-22
 3.78920653E-22  2.88510986E-22  2.01031836E-22  1.18965401E-22  4.67619578E-23
 8.83865790E-24  2.81838085E-25  2.09452126E-27  1.59588898E-30  7.19001242E-34
 2.34725520E-37  6.00951423E-41  1.26552074E-44  2.26333130E-48  3.51719086E-52
 0.00000000E+00
 0.00000000E+00 -7.57472570E-51 -4.61884442E-47 -2.42421824E-43 -1.06669532E-39
-3.78866196E-36 -1.02422763E-32 -1.89245130E-29 -1.67269582E-26 -1.51140892E-24
-1.97899800E-24 -2.12497223E-24 -2.22947424E-24 -2.32125806E-24 -2.41117663E-24
-2.50494349E-24 -2.60330960E-24 -2.70809794E-24 -2.82064450E-24 -2.94343776E-24
-3.07811916E-24 -3.23130258E-24 -3.39608693E-24 -3.55757708E-24 -3.70506870E-24
-3.83846952E-24 -3.95536355E-24 -4.05156474E-24 -4.13098489E-24 -4.19495899E-24
-4.24679049E-24 -4.28143726E-24 -4.30118971E-24 -4.30404734E-24 -4.29034327E-24
-4.29559254E-24 -4.36205130E-24 -4.49784417E-24 -4.57026913E-24 -3.86705730E-24
-2.05384076E-24 -5.11947374E-25 -6.45098358E-26 -5.67399235E-27 -5.01295184E-28
-5.10105660E-29 -5.94025796E-30 -7.75509369E-31 -1.10045020E-31 -1.60563830E-32
-2.05139406E-33 -4.15729026E-35  1.56203050E-34  1.17670485E-34  7.37811224E-35
 4.69442541E-35  3.23644497E-35  2.50550902E-35  2.21730690E-35  2.21633355E-35
 2.41417067E-35  2.75752462E-35  3.21000084E-35  3.74358899E-35  4.33268284E-35
 4.95175171E-35  5.57882757E-35  6.18587930E-35  6.65826642E-35  6.67167465E-35
 5.43374075E-35  1.97191734E-35  4.38693321E-36  5.66845658E-39  3.42677593E-42
 1.37209322E-45  4.10782456E-49  9.82046302E-53  1.95406302E-56  3.32925592E-60
 0.00000000E+00
CH2C
 0.00000000E+00  2.46969759E-58  6.23514741E-53  1.56887414E-47  3.93425957E-42
 9.83253702E-37  2.44867896E-31  6.02642887E-26  1.18915371E-20  3.79821310E-16
 8.38230928E-14  8.72711390E-13  4.90565500E-12  2.29812271E-11  9.80767158E-11
 3.72624189E-10  1.22399445E-09  3.44000675E-09  8.27295227E-09  1.70864952E-08
 3.04872333E-08  4.73927779E-08  6.48129508E-08  7.87241071E-08  8.59680858E-08
 8.65727265E-08  8.44676734E-08  8.50083680E-08  9.17077538E-08  1.06113612E-07
 1.29288915E-07  1.62539408E-07  2.07514217E-07  2.66245871E-07  3.41413249E-07
 4.36354146E-07  5.53170047E-07  6.90294075E-07  8.30445243E-07  9.24682969E-07
 8.90282964E-07  6.62698299E-07  3.41874991E-07  1.23266798E-07  3.82120043E-08
 1.19550270E-08  3.94419905E-09  1.39292305E-09  5.29399344E-10  2.17140818E-10
 9.63934728E-11  4.64944716E-11  2.44908926E-11  1.41637178E-11  9.04385501E-12
 6.38040284E-12  4.92095384E-12  4.06126145E-12  3.47734925E-12  2.97078370E-12
 2.42955697E-12  1.83065838E-12  1.22925545E-12  7.14275811E-13  3.49521820E-13
 1.39620390E-13  4.28015467E-14  8.82674864E-15  1.03469355E-15  4.54971025E-17
 6.33856094E-19  5.39119239E-22  3.36422911E-26  1.13982616E-31  3.19594288E-37
 8.85110620E-43  2.44467662E-48  6.73645885E-54  1.85197210E-59  5.07963053E-65
 0.00000000E+00
 0.00000000E+00  3.49764537E-72  8.84360212E-67  2.22882352E-61  5.59856118E-56
 1.40146709E-50  3.49418322E-45  8.43982823E-40  1.26738079E-34 -2.35342855E-30
-2.63448847E-28 -9.59020480E-28 -5.91452670E-29  1.83963601E-26  1.30684143E-25
 5.83363120E-25  1.93101583E-24  4.98701869E-24  1.01515417E-23  1.59834785E-23
 1.84831402E-23  1.21282872E-23 -6.48139186E-24 -3.52914123E-23 -6.43869927E-23
-7.87138259E-23 -7.14523416E-23 -4.77956501E-23 -2.27184696E-23  3.36553041E-24
 3.40331758E-23  5.85067556E-23  9.00265562E-23  1.35458506E-22  1.99391939E-22
 3.03442807E-22  4.03118156E-22  5.63890836E-22  5.96810702E-22  3.69011028E-22
-5.47037339E-23 -6.36626818E-22 -7.28168258E-22 -3.47084194E-22 -1.19890512E-22
-3.61800879E-23 -1.11849870E-23 -3.27805008E-24 -9.18703262E-25 -2.37468686E-25
-4.10323820E-26  1.53624955E-26  2.93891460E-26  2.88807815E-26  2.56983922E-26
 2.30531530E-26  2.06733234E-26  1.84166874E-26  1.59744097E-26  1.28644774E-26
 9.23261232E-27  5.65330366E-27  2.81779775E-27  1.07988152E-27  2.92001544E-28
 4.51177121E-29  6.47653589E-31  4.89761304E-31  7.61116967E-31  1.11642968E-31
 4.24762304E-33  2.37518938E-35  4.72261120E-38  1.90248910E-43  5.43962607E-49
 1.50937880E-54  4.17273883E-60  1.15085355E-65  3.16674734E-71  8.69368532E-77
 0.00000000E+00
CH3C
 0.00000000E+00  4.55866121E-35  2.91622270E-31  1.61793195E-27  7.60405932E-24
 2.92885145E-20  8.79677488E-17  1.88849968E-13  2.16496859E-10  4.02824059E-08
 2.73340459E-07  5.40975765E-07  8.58323007E-07  1.22943230E-06  1.65141035E-06
 2.11995219E-06  2.63098714E-06  3.18062661E-06  3.76535475E-06  4.38203921E-06
 5.02784251E-06  5.70019186E-06  6.39725136E-06  7.11818670E-06  7.86228324E-06
 8.62821144E-06  9.41262097E-06  1.02049785E-05  1.09979403E-05  1.17945103E-05
 1.25991254E-05  1.34163560E-05  1.42494415E-05  1.50960525E-05  1.59397329E-05
 1.67286736E-05  1.73353102E-05  1.75211276E-05  1.68655790E-05  1.48047576E-05
 1.09146094E-05  5.97686911E-06  2.24265835E-06  6.21889048E-07  1.62695013E-07
 4.56269276E-08  1.39054552E-08  4.60187314E-09  1.64649337E-09  6.33987757E-10
 2.61784982E-10  1.15656837E-10  5.46220652E-11  2.75769964E-11  1.49286965E-11
 8.69328698E-12  5.42802346E-12  3.60459126E-12  2.52226696E-12  1.83860066E-12
 1.37787479E-12  1.04921936E-12  8.04197947E-13  6.15319921E-13  4.65936546E-13
 3.45244357E-13  2.45047604E-13  1.59144044E-13  8.77932648E-14  3.23370079E-14
 5.88745431E-15  1.87399139E-16  1.39265923E-18  1.06111576E-21  4.78068058E-25
 1.56070347E-28  3.99576054E-32  8.41452013E-36  1.50490199E-39  2.33860041E-43
 0.00000000E+00
 0.00000000E+00 -1.05241055E-48 -6.38603461E-45 -3.33195678E-41 -1.45575337E-37
-5.12358879E-34 -1.36801545E-30 -2.48159895E-27 -2.11455014E-24 -1.62522555E-22
-6.92579857E-24  1.98249129E-22  4.31119007E-22  6.89867799E-22  9.67662989E-22
 1.25542003E-21  1.55037653E-21  1.84893816E-21  2.15234579E-21  2.45734579E-21
 2.75941641E-21  3.06440578E-21  3.36782092E-21  3.67441729E-21  3.97153336E-21
 4.25874415E-21  4.53402814E-21  4.80606554E-21  5.07614993E-21  5.33260525E-21
 5.59763644E-21  5.86921014E-21  6.15064508E-21  6.42977426E-21  6.64004685E-21
 6.63952314E-21  6.16022069E-21  4.83362059E-21  1.52809679E-21 -3.89112090E-21
-9.77054806E-21 -1.10557543E-20 -6.20553692E-21 -2.03109327E-21 -5.45699605E-22
-1.45654187E-22 -4.01796171E-23 -1.14717376E-23 -3.33898080E-24 -9.54315407E-25
-2.41289136E-25 -3.26614751E-26  2.20874169E-26  3.12433044E-26  2.82123115E-26
 2.29897249E-26  1.82360342E-26  1.43985500E-26  1.13940083E-26  9.05090625E-27
 7.21153396E-27  5.74534594E-27  4.56141153E-27  3.59300368E-27  2.78860021E-27
 2.11081113E-27  1.52687896E-27  1.01052023E-27  5.70396303E-28  2.19860916E-28
 4.74991392E-29  5.07556423E-30  9.80601989E-31  1.26632467E-33  7.65761974E-37
 3.06740408E-40  9.18713421E-44  2.19721314E-47  4.37360854E-51  7.45416758E-55
 0.00000000E+00
<    
