>DATA
> TIME (S)  1.000E+03     1.000000000000000000E+03
> GRIDS:           81> NPDE             42
> PSI      
 0.000000000000000000E+00   4.599999999999908849E-03   9.199999999999590450E-03
 1.379999999999744625E-02   1.839999999845090550E-02   2.299999896195331281E-02
 2.759965706790337356E-02   3.216759201992806794E-02   3.620082880422655081E-02
 3.828646535295530950E-02   3.878568066354122490E-02   3.889603437576197309E-02
 3.895476480410908771E-02   3.899808820282223143E-02   3.903422921582895555E-02
 3.906623528214960700E-02   3.909560757813679982E-02   3.912321087462025671E-02
 3.914958410694446139E-02   3.917509069561479762E-02   3.919999141372702139E-02
 3.922448228369692508E-02   3.924872536789313776E-02   3.927287571697619245E-02
 3.929706692206168944E-02   3.932138973408907251E-02   3.934591601655837434E-02
 3.937060716570977420E-02   3.939522941229906677E-02   3.941968249409088382E-02
 3.944407802297993787E-02   3.946852349854203940E-02   3.949311997405736269E-02
 3.951796892319648508E-02   3.954313610398559053E-02   3.956855846109419428E-02
 3.959477699624013719E-02   3.962140721431098300E-02   3.964819717365823670E-02
 3.967604408474785516E-02   3.970638422232666137E-02   3.973820713066796712E-02
 3.977162809067431859E-02   3.980675366373792601E-02   3.984070842525493789E-02
 3.987097342994275206E-02   3.989873955430107977E-02   3.992476255124820933E-02
 3.994954705168449888E-02   3.997344833287966304E-02   3.999673126686623809E-02
 4.001960420524441203E-02   4.004223869126396357E-02   4.006478365308131784E-02
 4.008738613142183438E-02   4.010999074763508393E-02   4.013253391054596303E-02
 4.015517828085857222E-02   4.017802766708040291E-02   4.020105076340515365E-02
 4.022428598366033226E-02   4.024791940415999025E-02   4.027219599186496191E-02
 4.029740588270410567E-02   4.032394109256670633E-02   4.035235117318903414E-02
 4.038364261600214250E-02   4.042072384970046145E-02   4.046674404146376886E-02
 4.053458823628313529E-02   4.065669165998265361E-02   4.102272461397011433E-02
 4.334855893057371068E-02   4.780309992519497092E-02   5.240000969128634500E-02
 5.700000001508045283E-02   6.160000000001604470E-02   6.620000000000018925E-02
 7.080000000000008509E-02   7.540000000000006419E-02   8.000000000000000167E-02
  r(
 0.00000000E+00  4.60000000E-03  9.20000000E-03  1.38000000E-02  1.84000000E-02
 2.29999990E-02  2.75996571E-02  3.21675920E-02  3.62008288E-02  3.82864654E-02
 3.87856807E-02  3.88960344E-02  3.89547648E-02  3.89980882E-02  3.90342292E-02
 3.90662353E-02  3.90956076E-02  3.91232109E-02  3.91495841E-02  3.91750907E-02
 3.91999914E-02  3.92244823E-02  3.92487254E-02  3.92728757E-02  3.92970669E-02
 3.93213897E-02  3.93459160E-02  3.93706072E-02  3.93952294E-02  3.94196825E-02
 3.94440780E-02  3.94685235E-02  3.94931200E-02  3.95179689E-02  3.95431361E-02
 3.95685585E-02  3.95947770E-02  3.96214072E-02  3.96481972E-02  3.96760441E-02
 3.97063842E-02  3.97382071E-02  3.97716281E-02  3.98067537E-02  3.98407084E-02
 3.98709734E-02  3.98987396E-02  3.99247626E-02  3.99495471E-02  3.99734483E-02
 3.99967313E-02  4.00196042E-02  4.00422387E-02  4.00647837E-02  4.00873861E-02
 4.01099907E-02  4.01325339E-02  4.01551783E-02  4.01780277E-02  4.02010508E-02
 4.02242860E-02  4.02479194E-02  4.02721960E-02  4.02974059E-02  4.03239411E-02
 4.03523512E-02  4.03836426E-02  4.04207238E-02  4.04667440E-02  4.05345882E-02
 4.06566917E-02  4.10227246E-02  4.33485589E-02  4.78030999E-02  5.24000097E-02
 5.70000000E-02  6.16000000E-02  6.62000000E-02  7.08000000E-02  7.54000000E-02
 8.00000000E-02
 0.00000000E+00  0.00000000E+00  0.00000000E+00  0.00000000E+00  0.00000000E+00
 0.00000000E+00  0.00000000E+00  0.00000000E+00  0.00000000E+00  0.00000000E+00
 0.00000000E+00  0.00000000E+00  0.00000000E+00  0.00000000E+00  0.00000000E+00
 0.00000000E+00  0.00000000E+00  0.00000000E+00  0.00000000E+00  0.00000000E+00
 0.00000000E+00  0.00000000E+00  0.00000000E+00  0.00000000E+00  0.00000000E+00
 0.00000000E+00  0.00000000E+00  0.00000000E+00  0.00000000E+00  0.00000000E+00
 0.00000000E+00  0.00000000E+00  0.00000000E+00  0.00000000E+00  0.00000000E+00
 0.00000000E+00  0.00000000E+00  0.00000000E+00  0.00000000E+00  0.00000000E+00
 0.00000000E+00  0.00000000E+00  0.00000000E+00  0.00000000E+00  0.00000000E+00
 0.00000000E+00  0.00000000E+00  0.00000000E+00  0.00000000E+00  0.00000000E+00
 0.00000000E+00  0.00000000E+00  0.00000000E+00  0.00000000E+00  0.00000000E+00
 0.00000000E+00  0.00000000E+00  0.00000000E+00  0.00000000E+00  0.00000000E+00
 0.00000000E+00  0.00000000E+00  0.00000000E+00  0.00000000E+00  0.00000000E+00
 0.00000000E+00  0.00000000E+00  0.00000000E+00  0.00000000E+00  0.00000000E+00
 0.00000000E+00  0.00000000E+00  0.00000000E+00  0.00000000E+00  0.00000000E+00
 0.00000000E+00  0.00000000E+00  0.00000000E+00  0.00000000E+00  0.00000000E+00
 0.00000000E+00
  J 
-3.18000000E+05 -3.18000000E+05 -3.18000000E+05 -3.18000000E+05 -3.18000000E+05
-3.18000000E+05 -3.18000000E+05 -3.18000000E+05 -3.18000000E+05 -3.18000000E+05
-3.18000000E+05 -3.18000000E+05 -3.18000000E+05 -3.18000000E+05 -3.18000000E+05
-3.18000000E+05 -3.18000000E+05 -3.18000000E+05 -3.18000000E+05 -3.18000000E+05
-3.18000000E+05 -3.18000000E+05 -3.18000000E+05 -3.18000000E+05 -3.18000000E+05
-3.18000000E+05 -3.18000000E+05 -3.18000000E+05 -3.18000000E+05 -3.18000000E+05
-3.18000000E+05 -3.18000000E+05 -3.18000000E+05 -3.18000000E+05 -3.18000000E+05
-3.18000000E+05 -3.18000000E+05 -3.18000000E+05 -3.18000000E+05 -3.18000000E+05
-3.18000000E+05 -3.18000000E+05 -3.18000000E+05 -3.18000000E+05 -3.18000000E+05
-3.18000000E+05 -3.18000000E+05 -3.18000000E+05 -3.18000000E+05 -3.18000000E+05
-3.18000000E+05 -3.18000000E+05 -3.18000000E+05 -3.18000000E+05 -3.18000000E+05
-3.18000000E+05 -3.18000000E+05 -3.18000000E+05 -3.18000000E+05 -3.18000000E+05
-3.18000000E+05 -3.18000000E+05 -3.18000000E+05 -3.18000000E+05 -3.18000000E+05
-3.18000000E+05 -3.18000000E+05 -3.18000000E+05 -3.18000000E+05 -3.18000000E+05
-3.18000000E+05 -3.18000000E+05 -3.18000000E+05 -3.18000000E+05 -3.18000000E+05
-3.18000000E+05 -3.18000000E+05 -3.18000000E+05 -3.18000000E+05 -3.18000000E+05
-3.18000000E+05
 0.00000000E+00  0.00000000E+00  0.00000000E+00  0.00000000E+00  0.00000000E+00
 0.00000000E+00  0.00000000E+00  0.00000000E+00  0.00000000E+00  0.00000000E+00
 0.00000000E+00  0.00000000E+00  0.00000000E+00  0.00000000E+00  0.00000000E+00
 0.00000000E+00  0.00000000E+00  0.00000000E+00  0.00000000E+00  0.00000000E+00
 0.00000000E+00  0.00000000E+00  0.00000000E+00  0.00000000E+00  0.00000000E+00
 0.00000000E+00  0.00000000E+00  0.00000000E+00  0.00000000E+00  0.00000000E+00
 0.00000000E+00  0.00000000E+00  0.00000000E+00  0.00000000E+00  0.00000000E+00
 0.00000000E+00  0.00000000E+00  0.00000000E+00  0.00000000E+00  0.00000000E+00
 0.00000000E+00  0.00000000E+00  0.00000000E+00  0.00000000E+00  0.00000000E+00
 0.00000000E+00  0.00000000E+00  0.00000000E+00  0.00000000E+00  0.00000000E+00
 0.00000000E+00  0.00000000E+00  0.00000000E+00  0.00000000E+00  0.00000000E+00
 0.00000000E+00  0.00000000E+00  0.00000000E+00  0.00000000E+00  0.00000000E+00
 0.00000000E+00  0.00000000E+00  0.00000000E+00  0.00000000E+00  0.00000000E+00
 0.00000000E+00  0.00000000E+00  0.00000000E+00  0.00000000E+00  0.00000000E+00
 0.00000000E+00  0.00000000E+00  0.00000000E+00  0.00000000E+00  0.00000000E+00
 0.00000000E+00  0.00000000E+00  0.00000000E+00  0.00000000E+00  0.00000000E+00
 0.00000000E+00
   G
 5.54121325E+02  5.54121325E+02  5.54121325E+02  5.54121325E+02  5.54121325E+02
 5.54121325E+02  5.54121325E+02  5.54121326E+02  5.54122963E+02  5.54518896E+02
 5.59321741E+02  5.65846154E+02  5.74174012E+02  5.84688158E+02  5.97398026E+02
 6.12110279E+02  6.28556159E+02  6.46451591E+02  6.65516561E+02  6.85490502E+02
 7.06137100E+02  7.27242728E+02  7.48620802E+02  7.70120073E+02  7.91598861E+02
 8.12895633E+02  8.33844626E+02  8.54199070E+02  8.73584605E+02  8.91785389E+02
 9.08774471E+02  9.24524626E+02  9.39001799E+02  9.52165531E+02  9.63949253E+02
 9.74234182E+02  9.83115436E+02  9.90332351E+02  9.95761409E+02  9.99476571E+02
 1.00133056E+03  1.00087753E+03  9.97835144E+02  9.91886503E+02  9.83535215E+02
 9.74003042E+02  9.63582973E+02  9.52415115E+02  9.40567733E+02  9.28071432E+02
 9.14934120E+02  9.01148608E+02  8.86697421E+02  8.71554916E+02  8.55680806E+02
 8.39174543E+02  8.22155364E+02  8.04578145E+02  7.86443805E+02  7.67873227E+02
 7.48950784E+02  7.29661770E+02  7.09975234E+02  6.89877045E+02  6.69359331E+02
 6.48437973E+02  6.27055336E+02  6.04506503E+02  5.81376992E+02  5.57076770E+02
 5.34807496E+02  5.19847983E+02  5.17309163E+02  5.17299922E+02  5.17299917E+02
 5.17299917E+02  5.17299917E+02  5.17299917E+02  5.17299917E+02  5.17299917E+02
 5.17299917E+02
-1.67648955E-16 -1.67648955E-16  4.33654474E-16 -1.71872018E-16 -1.40875493E-16
-1.48801890E-16 -1.89092354E-16 -2.25621640E-17 -9.50840043E-16 -3.54656386E-16
 5.40073134E-16  1.67897786E-15  2.62837628E-15  3.38923713E-15  4.19405006E-15
 5.06405731E-15  5.75260085E-15  6.63105089E-15  7.01801294E-15  7.35292612E-15
 7.54019706E-15  7.62442634E-15  7.67042280E-15  7.54419739E-15  7.52492313E-15
 7.47512929E-15  7.25664819E-15  6.92097735E-15  6.60603710E-15  5.98210595E-15
 5.51492544E-15  5.22990057E-15  4.43554430E-15  3.84500040E-15  3.33506866E-15
 2.54910147E-15  2.09534823E-15  1.20906094E-15  6.51606885E-16  2.20065625E-16
-4.02213940E-16 -1.34987202E-15 -1.88284341E-15 -2.54698638E-15 -3.33967740E-15
-3.89005913E-15 -4.77086819E-15 -5.12514414E-15 -5.50575099E-15 -5.71975726E-15
-6.44829720E-15 -6.82432246E-15 -6.95717086E-15 -7.49107499E-15 -7.49389933E-15
-7.71224831E-15 -8.00925725E-15 -8.11611796E-15 -8.82039829E-15 -8.78095402E-15
-9.00202471E-15 -9.14444983E-15 -9.09279977E-15 -9.00461464E-15 -8.82476943E-15
-8.25488287E-15 -8.00108768E-15 -7.30229429E-15 -6.12351701E-15 -4.88834682E-15
-2.86088191E-15 -1.01367790E-15 -9.72271569E-17  1.43522749E-17  5.05967061E-17
 8.29484300E-17  2.09843042E-21 -1.33095327E-23 -4.49262708E-27 -9.05121504E-31
 0.00000000E+00
 v(m
 4.35470911E+01  3.84491749E+01  3.33512587E+01  2.82533425E+01  2.31554264E+01
 1.80575113E+01  1.29599740E+01  7.89759375E+00  3.42783282E+00  1.12075237E+00
 5.92170240E-01  4.95745990E-01  4.58822628E-01  4.42007443E-01  4.35484234E-01
 4.34779533E-01  4.37197331E-01  4.40937672E-01  4.44748348E-01  4.47741069E-01
 4.49275551E-01  4.48880396E-01  4.46197542E-01  4.40936941E-01  4.32845841E-01
 4.21704518E-01  4.07320770E-01  3.89600344E-01  3.68685043E-01  3.44739688E-01
 3.17768136E-01  2.87746853E-01  2.54630308E-01  2.18346225E-01  1.78856537E-01
 1.36338802E-01  8.99424161E-02  4.03961552E-02 -1.16368019E-02 -6.76523306E-02
-1.30255487E-01 -1.96525813E-01 -2.64661787E-01 -3.31897591E-01 -3.91295452E-01
-4.39789413E-01 -4.80850113E-01 -5.16363240E-01 -5.47385577E-01 -5.74540994E-01
-5.98209667E-01 -6.18619970E-01 -6.35896157E-01 -6.50087124E-01 -6.61188851E-01
-6.69086668E-01 -6.73735684E-01 -6.75179235E-01 -6.73434905E-01 -6.68569905E-01
-6.60727153E-01 -6.50053556E-01 -6.36689283E-01 -6.20795323E-01 -6.02579435E-01
-5.82380531E-01 -5.60732604E-01 -5.38243849E-01 -5.18836799E-01 -5.13506201E-01
-5.66399486E-01 -8.95914012E-01 -3.29190293E+00 -7.90042942E+00 -1.26563913E+01
-1.74155405E+01 -2.21746997E+01 -2.69338590E+01 -3.16930182E+01 -3.64521774E+01
-4.12113367E+01
 0.00000000E+00 -1.68893524E-18  6.16756928E-18 -5.17325618E-18 -3.87906020E-18
-2.67792607E-18 -2.43411171E-17 -1.74958173E-17 -2.26264253E-17 -1.25617699E-17
-8.28838954E-18 -5.11066214E-18 -2.77819562E-18 -2.26474768E-19 -1.11151441E-19
 2.01340834E-18  1.92014957E-18  1.87239601E-18  1.94271807E-18  1.44448874E-18
 7.16082932E-19  5.30175922E-19 -1.36240996E-18 -2.36572841E-18 -3.76148058E-18
-4.94788859E-18 -5.60782231E-18 -7.10186756E-18 -7.38802319E-18 -9.37707915E-18
-1.02948283E-17 -1.05301002E-17 -1.13660110E-17 -1.25559856E-17 -1.33251810E-17
-1.44792693E-17 -1.48122149E-17 -1.55354072E-17 -1.60245035E-17 -1.64481984E-17
-1.64839147E-17 -1.68878697E-17 -1.59281087E-17 -1.43600227E-17 -1.28747762E-17
-1.23299467E-17 -1.06570826E-17 -1.02286340E-17 -8.25884390E-18 -7.21793256E-18
-6.17925567E-18 -5.55487988E-18 -3.30637497E-18 -1.76615293E-18 -1.06950435E-19
 6.80347583E-19  3.30484688E-18  3.09637650E-18  4.39187045E-18  6.14277993E-18
 6.60152578E-18  7.52549587E-18  8.46596873E-18  9.56064522E-18  1.07043350E-17
 1.08246791E-17  1.08779029E-17  1.02794855E-17  8.18050277E-18  4.62550736E-18
-1.18967385E-18 -6.39970592E-18 -8.59433514E-18  4.07702161E-19 -1.51474864E-19
-1.18527258E-19 -1.13363675E-18 -6.76844130E-18  7.30875305E-18  2.61635181E-18
-5.82997043E-18
  T(
 2.98000000E+02  2.98000000E+02  2.98000000E+02  2.98000000E+02  2.98000000E+02
 2.98000000E+02  2.98000000E+02  2.98000002E+02  2.98002172E+02  2.98523071E+02
 3.06507818E+02  3.21299869E+02  3.41166182E+02  3.66451982E+02  3.97001139E+02
 4.32279547E+02  4.71644012E+02  5.14479750E+02  5.60240372E+02  6.08474903E+02
 6.58828176E+02  7.11026685E+02  7.64881601E+02  8.20307357E+02  8.77258233E+02
 9.35648619E+02  9.95387090E+02  1.05613565E+03  1.11707757E+03  1.17773198E+03
 1.23816284E+03  1.29843258E+03  1.35858176E+03  1.41863104E+03  1.47847809E+03
 1.53766921E+03  1.59705096E+03  1.65517800E+03  1.71074690E+03  1.76423631E+03
 1.81513357E+03  1.85541681E+03  1.87614307E+03  1.86925497E+03  1.83954199E+03
 1.80137914E+03  1.76026486E+03  1.71762618E+03  1.67363014E+03  1.62811769E+03
 1.58086617E+03  1.53165609E+03  1.48028711E+03  1.42657791E+03  1.37033729E+03
 1.31190829E+03  1.25174142E+03  1.18974206E+03  1.12601473E+03  1.06111730E+03
 9.95499883E+02  9.29275651E+02  8.62498010E+02  7.95263911E+02  7.27670984E+02
 6.59882624E+02  5.91847244E+02  5.21641554E+02  4.51691405E+02  3.81839129E+02
 3.24463630E+02  2.95407479E+02  2.92012430E+02  2.92000008E+02  2.92000000E+02
 2.92000000E+02  2.92000000E+02  2.92000000E+02  2.92000000E+02  2.92000000E+02
 2.92000000E+02
 0.00000000E+00 -4.65121748E-20  7.11649167E-21  7.08213921E-21 -5.76475003E-20
-4.41597775E-17 -4.51667867E-16 -7.89816293E-17 -6.25150623E-16 -1.01239621E-16
 1.53321608E-15  2.99332895E-15  4.95526463E-15  7.37269134E-15  9.61461214E-15
 1.16524087E-14  1.35865256E-14  1.47438035E-14  1.59271291E-14  1.66253755E-14
 1.72746401E-14  1.77631655E-14  1.81211784E-14  1.84778382E-14  1.81810670E-14
 1.86623000E-14  1.85514468E-14  1.82365162E-14  1.91223972E-14  1.90342651E-14
 1.88628981E-14  1.99199758E-14  1.93193301E-14  1.96677659E-14  1.89324110E-14
 1.82789933E-14  1.77338289E-14  1.69568692E-14  1.63839671E-14  1.45085288E-14
 1.15485983E-14  7.21162982E-15  9.61439979E-16 -5.98837309E-15 -1.08802434E-14
-1.33675902E-14 -1.49309359E-14 -1.58713784E-14 -1.74791859E-14 -1.83966232E-14
-2.00330683E-14 -2.08883499E-14 -2.18677048E-14 -2.33548415E-14 -2.42010853E-14
-2.47859137E-14 -2.57856702E-14 -2.73614667E-14 -2.75393077E-14 -2.78485584E-14
-2.73342947E-14 -2.71888978E-14 -2.62794110E-14 -2.53284444E-14 -2.51566023E-14
-2.40798818E-14 -2.17388467E-14 -1.90776771E-14 -1.57593161E-14 -1.06121080E-14
-4.46684857E-15 -7.99251820E-16 -1.98391503E-17 -7.41819930E-17 -5.88447652E-17
 4.94723602E-17 -3.80917605E-20 -9.93419284E-23 -2.80158026E-26 -5.26614164E-30
 0.00000000E+00
  p(
 1.00000000E+05  1.00000000E+05  1.00000000E+05  1.00000000E+05  1.00000000E+05
 1.00000000E+05  1.00000000E+05  1.00000000E+05  1.00000000E+05  1.00000000E+05
 1.00000000E+05  1.00000000E+05  1.00000000E+05  1.00000000E+05  1.00000000E+05
 1.00000000E+05  1.00000000E+05  1.00000000E+05  1.00000000E+05  1.00000000E+05
 1.00000000E+05  1.00000000E+05  1.00000000E+05  1.00000000E+05  1.00000000E+05
 1.00000000E+05  1.00000000E+05  1.00000000E+05  1.00000000E+05  1.00000000E+05
 1.00000000E+05  1.00000000E+05  1.00000000E+05  1.00000000E+05  1.00000000E+05
 1.00000000E+05  1.00000000E+05  1.00000000E+05  1.00000000E+05  1.00000000E+05
 1.00000000E+05  1.00000000E+05  1.00000000E+05  1.00000000E+05  1.00000000E+05
 1.00000000E+05  1.00000000E+05  1.00000000E+05  1.00000000E+05  1.00000000E+05
 1.00000000E+05  1.00000000E+05  1.00000000E+05  1.00000000E+05  1.00000000E+05
 1.00000000E+05  1.00000000E+05  1.00000000E+05  1.00000000E+05  1.00000000E+05
 1.00000000E+05  1.00000000E+05  1.00000000E+05  1.00000000E+05  1.00000000E+05
 1.00000000E+05  1.00000000E+05  1.00000000E+05  1.00000000E+05  1.00000000E+05
 1.00000000E+05  1.00000000E+05  1.00000000E+05  1.00000000E+05  1.00000000E+05
 1.00000000E+05  1.00000000E+05  1.00000000E+05  1.00000000E+05  1.00000000E+05
 1.00000000E+05
 0.00000000E+00  0.00000000E+00  0.00000000E+00  0.00000000E+00  0.00000000E+00
 0.00000000E+00  0.00000000E+00  0.00000000E+00  0.00000000E+00  0.00000000E+00
 0.00000000E+00  0.00000000E+00  0.00000000E+00  0.00000000E+00  0.00000000E+00
 0.00000000E+00  0.00000000E+00  0.00000000E+00  0.00000000E+00  0.00000000E+00
 0.00000000E+00  0.00000000E+00  0.00000000E+00  0.00000000E+00  0.00000000E+00
 0.00000000E+00  0.00000000E+00  0.00000000E+00  0.00000000E+00  0.00000000E+00
 0.00000000E+00  0.00000000E+00  0.00000000E+00  0.00000000E+00  0.00000000E+00
 0.00000000E+00  0.00000000E+00  0.00000000E+00  0.00000000E+00  0.00000000E+00
 0.00000000E+00  0.00000000E+00  0.00000000E+00  0.00000000E+00  0.00000000E+00
 0.00000000E+00  0.00000000E+00  0.00000000E+00  0.00000000E+00  0.00000000E+00
 0.00000000E+00  0.00000000E+00  0.00000000E+00  0.00000000E+00  0.00000000E+00
 0.00000000E+00  0.00000000E+00  0.00000000E+00  0.00000000E+00  0.00000000E+00
 0.00000000E+00  0.00000000E+00  0.00000000E+00  0.00000000E+00  0.00000000E+00
 0.00000000E+00  0.00000000E+00  0.00000000E+00  0.00000000E+00  0.00000000E+00
 0.00000000E+00  0.00000000E+00  0.00000000E+00  0.00000000E+00  0.00000000E+00
 0.00000000E+00  0.00000000E+00  0.00000000E+00  0.00000000E+00  0.00000000E+00
 0.00000000E+00
N2  
 6.49046641E-01  6.49046641E-01  6.49046641E-01  6.49046641E-01  6.49046641E-01
 6.49046641E-01  6.49046641E-01  6.49046641E-01  6.49046721E-01  6.49065819E-01
 6.49359005E-01  6.49904394E-01  6.50641724E-01  6.51588771E-01  6.52746521E-01
 6.54102796E-01  6.55641135E-01  6.57344994E-01  6.59198584E-01  6.61187610E-01
 6.63299336E-01  6.65522293E-01  6.67846862E-01  6.70266607E-01  6.72775971E-01
 6.75366994E-01  6.78030956E-01  6.80745610E-01  6.83467236E-01  6.86169985E-01
 6.88853567E-01  6.91518819E-01  6.94166932E-01  6.96799787E-01  6.99415913E-01
 7.02001301E-01  7.04602827E-01  7.07174456E-01  7.09687739E-01  7.12221865E-01
 7.14895321E-01  7.17609754E-01  7.20379492E-01  7.23229463E-01  7.25950553E-01
 7.28359659E-01  7.30558538E-01  7.32607869E-01  7.34546626E-01  7.36401340E-01
 7.38191021E-01  7.39929841E-01  7.41628640E-01  7.43295946E-01  7.44939406E-01
 7.46551413E-01  7.48123918E-01  7.49664333E-01  7.51174776E-01  7.52647554E-01
 7.54078908E-01  7.55471815E-01  7.56829095E-01  7.58152533E-01  7.59443987E-01
 7.60704059E-01  7.61937236E-01  7.63180508E-01  7.64393322E-01  7.65582002E-01
 7.66543652E-01  7.67026096E-01  7.67082283E-01  7.67082488E-01  7.67082489E-01
 7.67082489E-01  7.67082489E-01  7.67082489E-01  7.67082489E-01  7.67082489E-01
 7.67082489E-01
 0.00000000E+00  1.39761758E-35  1.09273493E-31  7.41016757E-28  4.25709727E-24
 2.00448032E-20  8.67469593E-20 -4.44141909E-20 -1.34659832E-19 -1.69186454E-20
-3.87498280E-20  4.99146585E-19  9.68049190E-20  2.68271569E-19  2.87249370E-19
 7.28452004E-19  3.43864786E-19  5.39006707E-19  5.44803817E-19  8.96762971E-19
 6.14953054E-19  6.75114786E-19  9.72306858E-19  1.05530670E-18  1.13707773E-18
 1.08368957E-18  7.39583394E-19  7.54705681E-19  7.35090450E-19  1.03083800E-18
 1.08531627E-18  1.10591953E-18  8.18494839E-19  7.74373765E-19  7.88862056E-19
 7.68474980E-19  7.62463862E-19  9.08772256E-19  3.55557471E-18  3.15653484E-19
 1.26064872E-19  1.89062842E-19  6.00976192E-19  4.59893928E-19  5.20735394E-19
 4.53067452E-19  5.56283723E-19  9.34526833E-19  9.63496529E-19  5.37449957E-19
 8.58448154E-19  5.77770209E-19  5.57776854E-19  9.67177547E-19  5.97778182E-19
 9.05450504E-19  9.72812308E-19  4.35936098E-19  9.02987732E-19  4.27362883E-19
 5.17626107E-19  3.76419071E-19  3.77153105E-19  7.90203360E-19  3.02935218E-19
 3.30164741E-19  2.07633515E-19  3.01822143E-19  1.86312522E-19  1.27337038E-19
 9.35964372E-20  8.02781222E-20  8.61888012E-20  3.87701904E-20  3.67121478E-20
-3.90893477E-20 -8.14493760E-24 -1.39732725E-27 -2.03731140E-31 -2.58236842E-35
 0.00000000E+00
CO2 
 0.00000000E+00  5.48458372E-33  4.28814327E-29  2.90791393E-25  1.67057519E-21
 7.86601984E-18  2.88826068E-14  7.53430980E-11  9.99581648E-08  2.40736759E-05
 3.92106179E-04  1.07672659E-03  2.00228819E-03  3.19110254E-03  4.64440842E-03
 6.34691705E-03  8.27796262E-03  1.04167779E-02  1.27435404E-02  1.52403048E-02
 1.78910801E-02  2.06814682E-02  2.35993905E-02  2.66367608E-02  2.97865974E-02
 3.30388934E-02  3.63826815E-02  3.97900024E-02  4.32059188E-02  4.65978863E-02
 4.99653714E-02  5.33091317E-02  5.66301482E-02  5.99298929E-02  6.32049669E-02
 6.64351620E-02  6.96741573E-02  7.28558185E-02  7.59305329E-02  7.89690128E-02
 8.20577245E-02  8.49839769E-02  8.76001093E-02  8.96031583E-02  9.04536944E-02
 9.01114178E-02  8.88545915E-02  8.68982874E-02  8.43989450E-02  8.14706984E-02
 7.81989691E-02  7.46497286E-02  7.08755938E-02  6.69194523E-02  6.28146932E-02
 5.86254520E-02  5.44130445E-02  5.01907540E-02  4.59785739E-02  4.18185655E-02
 3.77375925E-02  3.37392890E-02  2.98243135E-02  2.59937793E-02  2.22467349E-02
 1.85845142E-02  1.49961824E-02  1.13753920E-02  7.84118673E-03  4.37583951E-03
 1.57157004E-03  1.64481384E-04  5.99808005E-07  3.67729854E-10  1.34353089E-13
 3.56422862E-17  7.42668077E-21  1.27410118E-24  1.85764260E-28  2.35462646E-32
 0.00000000E+00
 0.00000000E+00  6.49031482E-49  5.17320983E-45  3.56843101E-41  2.11825129E-37
 1.01427935E-33  3.90546080E-30  1.06244987E-26  1.44694604E-23  3.69225926E-21
 5.93457537E-20  1.51384814E-19  2.63835972E-19  3.72891852E-19  4.70891745E-19
 5.79504278E-19  6.78154689E-19  7.67378149E-19  8.32823146E-19  8.76826765E-19
 9.23703040E-19  9.75614471E-19  1.02403592E-18  1.03303532E-18  1.03955085E-18
 1.06774668E-18  1.08592367E-18  1.09333983E-18  1.10743860E-18  1.10680850E-18
 1.13900126E-18  1.14279644E-18  1.14117881E-18  1.13397157E-18  1.09564776E-18
 1.07604956E-18  1.04518819E-18  1.03530133E-18  1.25498641E-18  8.96753420E-19
 7.83666323E-19  7.54819175E-19  5.89132828E-19  3.26100588E-19  5.30801562E-20
-2.65937280E-19 -5.33435588E-19 -7.81559783E-19 -9.42332896E-19 -1.11677251E-18
-1.33718374E-18 -1.41752613E-18 -1.49416234E-18 -1.60928067E-18 -1.64214704E-18
-1.66574443E-18 -1.70037500E-18 -1.70915506E-18 -1.67130110E-18 -1.62859866E-18
-1.58794377E-18 -1.53373050E-18 -1.44161747E-18 -1.37645800E-18 -1.30014925E-18
-1.20418158E-18 -1.09368970E-18 -9.57698899E-19 -7.71200065E-19 -5.18054186E-19
-2.15631678E-19 -2.65687146E-20 -1.07436929E-22 -6.82222217E-26 -2.56207395E-29
-6.95974772E-33 -1.47001800E-36 -2.53608423E-40 -3.73028683E-44 -4.79594742E-48
 0.00000000E+00
H2O 
 0.00000000E+00  7.53696000E-33  5.89280171E-29  3.99607921E-25  2.29571815E-21
 1.08095491E-17  3.96907156E-14  1.03537104E-10  1.37363331E-07  3.30822419E-05
 5.38834017E-04  1.47962584E-03  2.75149836E-03  4.38510237E-03  6.38212702E-03
 8.72154671E-03  1.13749436E-02  1.43137566E-02  1.75107180E-02  2.09411332E-02
 2.45829843E-02  2.84164315E-02  3.24248064E-02  3.65969041E-02  4.09230031E-02
 4.53891762E-02  4.99800960E-02  5.46569801E-02  5.93438495E-02  6.39952272E-02
 6.86091269E-02  7.31846053E-02  7.77198666E-02  8.22119394E-02  8.66482894E-02
 9.09892004E-02  9.52857940E-02  9.94145888E-02  1.03254314E-01  1.06785961E-01
 1.09867208E-01  1.11849033E-01  1.12094353E-01  1.10106774E-01  1.06349356E-01
 1.02019321E-01  9.75696576E-02  9.31512137E-02  8.87967368E-02  8.44978606E-02
 8.02341499E-02  7.59837972E-02  7.17276391E-02  6.74503627E-02  6.31387933E-02
 5.88217139E-02  5.45329025E-02  5.02656349E-02  4.60271752E-02  4.18517708E-02
 3.77615323E-02  3.37573228E-02  2.98382653E-02  2.60046688E-02  2.22551976E-02
 1.85910150E-02  1.50010861E-02  1.13789445E-02  7.84358911E-03  4.37719112E-03
 1.57206615E-03  1.64534063E-04  6.00000114E-07  3.67847632E-10  1.34396121E-13
 3.56537018E-17  7.42905942E-21  1.27450925E-24  1.85823757E-28  2.35538061E-32
 0.00000000E+00
 0.00000000E+00  6.41917868E-49  5.27338675E-45  3.72080417E-41  2.26091395E-37
 1.11524960E-33  4.50933429E-30  1.26394156E-26  1.79051089E-23  4.88018109E-21
 7.87760417E-20  2.02286440E-19  3.52039293E-19  4.97475714E-19  6.37785119E-19
 7.80804748E-19  9.04660992E-19  1.02062274E-18  1.11126630E-18  1.17538723E-18
 1.23189666E-18  1.28991437E-18  1.33893088E-18  1.37850540E-18  1.37050791E-18
 1.38611480E-18  1.42377224E-18  1.42490667E-18  1.46343791E-18  1.43739254E-18
 1.45324602E-18  1.44933334E-18  1.48459318E-18  1.43123348E-18  1.40114283E-18
 1.37313617E-18  1.30577909E-18  1.17906449E-18  1.45131922E-18  8.26438382E-19
 5.15108493E-19  1.54541836E-19 -3.56504132E-19 -9.52116691E-19 -1.27101938E-18
-1.50785746E-18 -1.58248302E-18 -1.65770882E-18 -1.62023649E-18 -1.65450808E-18
-1.71379404E-18 -1.76548795E-18 -1.71817992E-18 -1.75850428E-18 -1.76744462E-18
-1.78312549E-18 -1.75949689E-18 -1.76838437E-18 -1.74227858E-18 -1.70076396E-18
-1.62752741E-18 -1.58709301E-18 -1.49689236E-18 -1.40716170E-18 -1.34467162E-18
-1.24427801E-18 -1.12880012E-18 -9.83074224E-19 -7.92487787E-19 -5.26491814E-19
-2.19640418E-19 -2.75667789E-20 -1.12556502E-22 -7.18205410E-26 -2.70757201E-29
-7.45235051E-33 -1.57811586E-36 -2.76537228E-40 -4.11574522E-44 -5.28754477E-48
 0.00000000E+00
O2  
 1.95431437E-01  1.95431437E-01  1.95431437E-01  1.95431437E-01  1.95431437E-01
 1.95431437E-01  1.95431437E-01  1.95431437E-01  1.95431233E-01  1.95382222E-01
 1.94629841E-01  1.93230296E-01  1.91338251E-01  1.88908115E-01  1.85937378E-01
 1.82457320E-01  1.78510218E-01  1.74138558E-01  1.69382909E-01  1.64280011E-01
 1.58862637E-01  1.53160331E-01  1.47197935E-01  1.40992161E-01  1.34557491E-01
 1.27914629E-01  1.21086333E-01  1.14130224E-01  1.07159225E-01  1.00240846E-01
 9.33778214E-02  8.65711552E-02  7.98228237E-02  7.31360663E-02  6.65275675E-02
 6.00532355E-02  5.36308881E-02  4.74338672E-02  4.16234452E-02  3.61845936E-02
 3.12330748E-02  2.76298547E-02  2.63147245E-02  2.83326343E-02  3.36104533E-02
 4.05303982E-02  4.82243764E-02  5.62845838E-02  6.45299583E-02  7.28805476E-02
 8.12997419E-02  8.97686815E-02  9.82746974E-02  1.06806724E-01  1.15357619E-01
 1.23845701E-01  1.32190492E-01  1.40400288E-01  1.48463495E-01  1.56324257E-01
 1.63955389E-01  1.71371321E-01  1.78588518E-01  1.85618536E-01  1.92472720E-01
 1.99155092E-01  2.05690060E-01  2.12274199E-01  2.18693538E-01  2.24982349E-01
 2.30068350E-01  2.32619351E-01  2.32916424E-01  2.32917511E-01  2.32917511E-01
 2.32917511E-01  2.32917511E-01  2.32917511E-01  2.32917511E-01  2.32917511E-01
 2.32917511E-01
 0.00000000E+00 -3.58668576E-35 -2.80424271E-31 -1.90163877E-27 -1.09247796E-23
 3.73451465E-20 -3.25034282E-20  5.14023196E-21 -1.59774089E-20  2.61694732E-20
-1.15180498E-19 -3.09172528E-19 -6.02389812E-19 -7.79668534E-19 -9.50794028E-19
-1.22177514E-18 -1.45130866E-18 -1.52522253E-18 -1.70054813E-18 -1.80491869E-18
-1.79254810E-18 -1.87404048E-18 -2.03690819E-18 -2.06478314E-18 -2.07370732E-18
-2.11559654E-18 -2.18706986E-18 -2.14407910E-18 -2.19378180E-18 -2.16893154E-18
-2.18843033E-18 -2.25464293E-18 -2.23139667E-18 -2.16518469E-18 -2.12522913E-18
-2.05774658E-18 -1.98964327E-18 -1.84425528E-18 -1.52333413E-18 -1.47306969E-18
-1.18086143E-18 -6.31953813E-19  1.33210280E-19  1.04153788E-18  1.81488724E-18
 2.34089435E-18  2.71760447E-18  2.92648427E-18  3.03017103E-18  3.15462360E-18
 3.27829333E-18  3.35553965E-18  3.39794399E-18  3.45805999E-18  3.46885397E-18
 3.40636168E-18  3.36304221E-18  3.34502494E-18  3.24515466E-18  3.17221576E-18
 2.96659270E-18  2.86729540E-18  2.74442258E-18  2.57380966E-18  2.44270491E-18
 2.28378498E-18  2.00244434E-18  1.76753340E-18  1.38180374E-18  9.50318050E-19
 4.26973151E-19  3.79439095E-20 -2.73504508E-21  4.10910170E-20  2.96255639E-20
-2.91051446E-20 -4.30643990E-23 -7.38800822E-27 -1.07717298E-30 -1.36535366E-34
 0.00000000E+00
H   
 0.00000000E+00  3.81371609E-56  5.36819183E-52  6.99966517E-48  8.40156468E-44
 9.21430470E-40  9.48558163E-36  1.22266583E-30  1.71138790E-24  4.34453975E-19
 1.23534696E-15  2.31942447E-14  1.35369808E-13  5.31199395E-13  1.74434121E-12
 5.30189328E-12  1.57316046E-11  4.69092852E-11  1.42515458E-10  4.31761075E-10
 1.22648373E-09  3.07560296E-09  6.63036711E-09  1.23923942E-08  2.07303107E-08
 3.23708580E-08  4.90952913E-08  7.42760020E-08  1.13329769E-07  1.74999707E-07
 2.73864006E-07  4.34109481E-07  6.96743175E-07  1.13336888E-06  1.87214876E-06
 3.14436164E-06  5.44860865E-06  9.71339349E-06  1.77174830E-05  3.32729994E-05
 6.40615940E-05  1.16254506E-04  1.84717438E-04  2.43242846E-04  2.64462190E-04
 2.56767515E-04  2.35808828E-04  2.09697593E-04  1.82309706E-04  1.55538236E-04
 1.30344412E-04  1.07226779E-04  8.64386814E-05  6.80925904E-05  5.22060929E-05
 3.88469948E-05  2.79609633E-05  1.93132027E-05  1.26824123E-05  7.84903599E-06
 4.52833004E-06  2.39918519E-06  1.14757811E-06  4.86935369E-07  1.80591795E-07
 5.82727983E-08  1.63668765E-08  3.79297954E-09  6.81061031E-10  7.10392865E-11
 2.99696382E-12  1.69256613E-14  2.22266078E-19  1.11421350E-25  2.52472694E-32
 4.02180672E-39  5.52269649E-46  8.41072287E-53  7.68473211E-58  4.54330612E-62
 0.00000000E+00
 0.00000000E+00  1.29562186E-71  1.56694417E-67  1.85440642E-63  2.10900426E-59
 2.25972298E-55  2.20776751E-51  3.87446033E-46  5.44040075E-40  1.66750542E-34
 4.85541226E-31  8.48149608E-30  4.77962654E-29  1.74839940E-28  5.56477768E-28
 1.74407024E-27  5.38704693E-27  1.65189975E-26  5.13317853E-26  1.52476209E-25
 3.73552209E-25  8.52860614E-25  1.60335502E-24  2.22741650E-24  3.22440151E-24
 4.17935071E-24  6.28331301E-24  9.67302412E-24  1.50024045E-23  2.38668852E-23
 3.93081739E-23  6.58454614E-23  1.09211747E-22  1.77720565E-22  3.16838360E-22
 5.34816823E-22  9.79161640E-22  1.76881526E-21  3.32470619E-21  6.25174680E-21
 1.11690556E-20  1.64023383E-20  1.71078965E-20  9.00170506E-21 -4.00687432E-22
-6.29781910E-21 -8.91670112E-21 -1.00595594E-20 -1.02449224E-20 -1.01048682E-20
-9.71566266E-21 -8.98421261E-21 -8.00279184E-21 -7.15507148E-21 -6.10047548E-21
-5.04087714E-21 -4.02881735E-21 -3.17455895E-21 -2.35267346E-21 -1.64867035E-21
-1.08106702E-21 -6.48385002E-22 -3.48968926E-22 -1.66079980E-22 -6.77429726E-23
-2.32339697E-23 -6.66752685E-24 -1.54163471E-24 -2.68269118E-25 -2.64275148E-26
-9.40628120E-28 -4.64185297E-30 -6.48784742E-35 -3.30586855E-41 -7.58933949E-48
-1.22121689E-54 -1.67804979E-61 -1.89011978E-68  7.74820319E-73  1.17964168E-76
 0.00000000E+00
O   
 0.00000000E+00  5.04560696E-41  3.95717972E-37  2.69308818E-33  1.55369976E-29
 7.35343726E-26  2.71790676E-22  7.15524512E-19  9.63536836E-16  2.39154098E-13
 4.33257195E-12  1.48532162E-11  3.14765438E-11  5.53321156E-11  8.74365338E-11
 1.29315580E-10  1.85038023E-10  2.65487431E-10  3.97827943E-10  6.47354330E-10
 1.16481091E-09  2.26915539E-09  4.54153139E-09  8.87394489E-09  1.65059649E-08
 2.92721240E-08  5.03078616E-08  8.50864287E-08  1.42502180E-07  2.36974168E-07
 3.92219620E-07  6.46342376E-07  1.06066626E-06  1.73552932E-06  2.83856254E-06
 4.65358828E-06  7.77880947E-06  1.33175342E-05  2.35691568E-05  4.45591013E-05
 9.42598763E-05  2.17271944E-04  5.10181200E-04  1.06358219E-03  1.69493632E-03
 2.14863886E-03  2.40461254E-03  2.50347593E-03  2.48713267E-03  2.38699624E-03
 2.22576044E-03  2.02067339E-03  1.78594363E-03  1.53421687E-03  1.27726573E-03
 1.02856892E-03  8.00239483E-04  5.99711698E-04  4.32289198E-04  3.00540786E-04
 2.02499844E-04  1.32920372E-04  8.54931895E-05  5.41398063E-05  3.37918225E-05
 2.07028495E-05  1.22894648E-05  6.79484513E-06  3.37849373E-06  1.32576532E-06
 3.33028514E-07  2.84052203E-08  1.03533390E-10  6.34741669E-14  2.31908025E-17
 6.15224573E-21  1.28192577E-24  2.19923702E-28  3.20649290E-32  4.06434102E-36
 0.00000000E+00
 0.00000000E+00  1.61110622E-56  1.21508455E-52  7.93995653E-49  4.36268925E-45
 1.95717088E-41  6.79062158E-38  1.63199260E-34  1.91825552E-31  3.73422994E-29
 5.68203170E-28  2.05907788E-27  4.23203847E-27  6.72605773E-27  9.48172085E-27
 1.32654478E-26  1.91161951E-26  3.04195570E-26  5.50188319E-26  1.10674629E-25
 2.38699725E-25  5.21879370E-25  1.05906582E-24  1.85222335E-24  3.13686407E-24
 5.09687046E-24  8.77968515E-24  1.42922574E-23  2.24041574E-23  3.71502638E-23
 6.20970742E-23  1.04394329E-22  1.66713117E-22  2.75977652E-22  4.60506954E-22
 7.47076061E-22  1.29623989E-21  2.26527640E-21  4.38747667E-21  8.94649387E-21
 2.09771007E-20  5.01605582E-20  1.06815237E-19  1.58733593E-19  1.51654636E-19
 1.05153087E-19  5.81124327E-20  1.37379343E-20 -2.21266302E-20 -5.35653497E-20
-7.83941109E-20 -9.14832482E-20 -1.03527154E-19 -1.09182757E-19 -1.08021984E-19
-1.01439370E-19 -9.18092750E-20 -7.87767159E-20 -6.26814368E-20 -4.76659709E-20
-3.40219580E-20 -2.30437880E-20 -1.48226832E-20 -9.27819232E-21 -5.70705300E-21
-3.42269442E-21 -1.99314458E-21 -1.08095414E-21 -5.22999153E-22 -1.96264875E-22
-4.36239356E-23 -3.41831683E-24 -1.35186109E-26 -8.64568665E-30 -3.19748914E-33
-8.74179429E-37 -1.84540888E-40 -3.19152329E-44 -4.66668759E-48 -6.08163116E-52
 0.00000000E+00
OH  
 0.00000000E+00  2.96336146E-44  2.32418958E-40  1.58215513E-36  9.14863185E-33
 4.43355070E-29  2.14317269E-25  2.94277648E-21  9.45145835E-17  1.05450781E-12
 2.02062459E-10  1.12966608E-09  2.71392913E-09  4.75276622E-09  7.03801306E-09
 9.46151986E-09  1.20558838E-08  1.49646528E-08  1.84034437E-08  2.26446605E-08
 2.80304171E-08  3.50303247E-08  4.43903530E-08  5.74294041E-08  7.65387535E-08
 1.06058356E-07  1.53949582E-07  2.34443284E-07  3.71708230E-07  6.07501747E-07
 1.01601958E-06  1.72812887E-06  2.97724906E-06  5.18946259E-06  9.16341515E-06
 1.64222208E-05  3.04082867E-05  5.81308434E-05  1.14378951E-04  2.34279047E-04
 5.01748513E-04  1.03819766E-03  1.93376566E-03  3.02246188E-03  3.78474136E-03
 4.05668842E-03  4.01026736E-03  3.78373625E-03  3.46041754E-03  3.08863106E-03
 2.69795247E-03  2.30811073E-03  1.93332704E-03  1.58423902E-03  1.26849759E-03
 9.93401638E-04  7.62221420E-04  5.72633870E-04  4.21079007E-04  3.03357053E-04
 2.14016696E-04  1.47486133E-04  9.90628381E-05  6.47988337E-05  4.12555526E-05
 2.54959339E-05  1.51228250E-05  8.26787656E-06  4.00435215E-06  1.48958789E-06
 3.41344303E-07  2.70292886E-08  9.84977012E-11  6.03868876E-14  2.20628399E-17
 5.85301058E-21  1.21957500E-24  2.09226974E-28  3.05053434E-32  3.86665814E-36
 0.00000000E+00
 0.00000000E+00  9.44359207E-60  7.13300836E-56  4.66971827E-52  2.57096253E-48
 1.17920661E-44  5.52356002E-41  7.90382551E-37  2.61246494E-32  2.85595836E-28
 4.72259739E-26  2.17419563E-25  4.14902213E-25  5.45713769E-25  6.20343437E-25
 6.88852812E-25  7.83788124E-25  9.38077729E-25  1.13653889E-24  1.50273050E-24
 1.84447704E-24  2.47408747E-24  3.61050670E-24  5.03615412E-24  7.27114352E-24
 1.14068413E-23  1.91410366E-23  3.26398284E-23  5.54383922E-23  9.39721382E-23
 1.68328427E-22  3.05602308E-22  5.26937283E-22  9.52739127E-22  1.73552854E-21
 3.09374881E-21  5.98169573E-21  1.18050505E-20  2.47148654E-20  5.03689233E-20
 1.04308906E-19  1.89266083E-19  2.63068476E-19  2.38108078E-19  1.29461846E-19
 1.82045785E-20 -6.95909922E-20 -1.09293735E-19 -1.37507720E-19 -1.52398897E-19
-1.60174442E-19 -1.57924295E-19 -1.52491789E-19 -1.41036124E-19 -1.25797141E-19
-1.07255707E-19 -8.96009258E-20 -7.23317487E-20 -5.62128411E-20 -4.24730010E-20
-3.14695528E-20 -2.25836919E-20 -1.55890143E-20 -1.04022709E-20 -6.74829118E-21
-4.17314721E-21 -2.46222548E-21 -1.34131705E-21 -6.48873545E-22 -2.33835889E-22
-4.65219437E-23 -2.98442894E-24 -1.10010144E-26 -6.64444466E-30 -2.42184013E-33
-6.46723428E-37 -1.35986793E-40 -2.32817534E-44 -3.39438907E-48 -4.29236674E-52
 0.00000000E+00
H2O2
 0.00000000E+00  2.08149212E-37  1.62742277E-33  1.10360243E-29  6.34011489E-26
 2.98528733E-22  1.09614369E-18  2.85939777E-15  3.79358108E-12  9.13614472E-10
 1.47542944E-08  3.91009551E-08  7.09417791E-08  1.10738162E-07  1.58212069E-07
 2.12611364E-07  2.73096895E-07  3.38892293E-07  4.09291616E-07  4.83665129E-07
 5.61437830E-07  6.42048632E-07  7.24924441E-07  8.09444705E-07  8.94714452E-07
 9.79213354E-07  1.06048222E-06  1.13428322E-06  1.19432274E-06  1.23389928E-06
 1.24701588E-06  1.23009919E-06  1.18540316E-06  1.12382100E-06  1.06466601E-06
 1.03026836E-06  1.03616255E-06  1.08217469E-06  1.14067994E-06  1.15633008E-06
 1.04840942E-06  8.02933161E-07  5.58649704E-07  4.60027593E-07  5.00764020E-07
 5.94997609E-07  7.08033680E-07  8.34689661E-07  9.79628681E-07  1.15206158E-06
 1.36569510E-06  1.64153439E-06  2.01357832E-06  2.53542255E-06  3.27623107E-06
 4.27563161E-06  5.48550118E-06  6.76692462E-06  7.92733237E-06  8.79443818E-06
 9.27939547E-06  9.37500684E-06  9.12406924E-06  8.59155202E-06  7.84216103E-06
 6.92830797E-06  5.88296380E-06  4.69065251E-06  3.39777771E-06  1.99870292E-06
 7.56043785E-07  8.13810688E-08  2.96787700E-10  1.81954390E-13  6.64785144E-17
 1.76359639E-20  3.67475513E-24  6.30431007E-28  9.19169935E-32  1.16507979E-35
 0.00000000E+00
 0.00000000E+00 -2.35955958E-52 -1.71868253E-48 -1.07542804E-44 -5.61387951E-41
-2.33385417E-37 -7.26643716E-34 -1.47373460E-30 -1.21674382E-27 -3.29221200E-26
 1.94254717E-24  5.03760362E-24  8.53148232E-24  1.15929934E-23  1.44304785E-23
 1.72230748E-23  1.95779109E-23  2.10149769E-23  2.21670626E-23  2.23390378E-23
 2.29007345E-23  2.26474375E-23  2.30881946E-23  2.21825556E-23  2.07915658E-23
 1.85741972E-23  1.67272072E-23  1.18402389E-23  6.02628253E-24 -1.79321373E-24
-1.20837943E-23 -2.42295772E-23 -3.86321937E-23 -4.24807370E-23 -4.08071462E-23
-1.14012929E-23  1.00810778E-23  5.18581906E-24  7.86111728E-24 -1.84079335E-23
-3.14994529E-23 -7.04735300E-23 -5.31386990E-23 -4.72151056E-24  2.17627131E-23
 3.07385638E-23  3.64360415E-23  4.78509546E-23  6.26874633E-23  7.97284732E-23
 9.46466897E-23  1.35852794E-22  1.87189805E-22  2.61093780E-22  3.69542975E-22
 4.63449166E-22  5.43617384E-22  5.38270100E-22  4.46908299E-22  3.00297924E-22
 1.30913391E-22 -2.44468538E-23 -1.48052426E-22 -2.40660491E-22 -3.03562312E-22
-3.34377591E-22 -3.47941858E-22 -3.41914948E-22 -3.06302091E-22 -2.25564088E-22
-1.06861700E-22 -1.67029388E-23 -7.84742861E-26 -5.32045596E-29 -2.08641300E-32
-5.82972901E-36 -1.26500654E-39 -2.26008739E-43 -3.37775780E-47 -4.41754953E-51
 0.00000000E+00
C   
 0.00000000E+00  3.42593451-111  4.44387824-103  5.76423630E-95  7.47683730E-87
 9.69818508E-79  1.25779891E-70  1.61438286E-62  1.71645844E-54  6.70887474E-47
 2.61474841E-40  1.27478851E-36  1.93029192E-34  8.41219774E-33  2.00665274E-31
 3.54500419E-30  5.49802368E-29  8.27891693E-28  1.27903604E-26  1.97599129E-25
 2.73142084E-24  3.01973292E-23  2.54662650E-22  1.67753573E-21  9.28237184E-21
 4.73118154E-20  2.41719129E-19  1.30217905E-18  7.45738615E-18  4.51533364E-17
 2.88227331E-16  1.92966592E-15  1.35139278E-14  9.92544862E-14  7.68833838E-13
 6.29294158E-12  5.61628937E-11  5.19126191E-10  4.60131680E-09  3.73818505E-08
 2.58964465E-07  1.15412105E-06  2.48531805E-06  2.04894339E-06  7.70465077E-07
 2.06707026E-07  4.84571627E-08  1.09117171E-08  2.46579041E-09  5.69013889E-10
 1.34602596E-10  3.25363471E-11  7.97977581E-12  1.96584145E-12  4.79814114E-13
 1.15259539E-13  2.69595782E-14  5.96275182E-15  1.20857505E-15  2.18687520E-16
 3.42025115E-17  4.42847985E-18  4.53256592E-19  3.50613641E-20  1.97312034E-21
 7.93059867E-23  2.23345139E-24  3.71031442E-26  3.05892668E-28  5.81568611E-31
 9.29175175E-35  8.77975639E-41  1.27895763E-48  7.25429490E-57  3.92408618E-65
 2.12052114E-73  1.14588990E-81  6.19213984E-90  3.34607911E-98  1.80812827-106
 0.00000000E+00
 0.00000000E+00  3.74336213-126  4.86184710-118  6.30748004-110  8.17164242-102
 1.05942931E-93  1.37428957E-85  1.77286704E-77  1.88528200E-69  7.42123432E-62
 2.89678432E-55  1.32005887E-51  1.88979129E-49  7.40335673E-48  1.65871618E-46
 2.93874193E-45  4.63981924E-44  7.12846113E-43  1.12632651E-41  1.72427103E-40
 2.14682246E-39  2.23120702E-38  1.73670916E-37  9.45873113E-37  4.93232375E-36
 2.35952266E-35  1.24373474E-34  6.88899349E-34  4.09685343E-33  2.56726517E-32
 1.71465764E-31  1.21009530E-30  8.62708464E-30  6.49320080E-29  5.21422300E-28
 4.29719298E-27  3.90968899E-26  3.51926682E-25  2.96746187E-24  2.19015552E-23
 1.23755760E-22  3.47366779E-22  1.65298300E-22 -3.56517275E-22 -2.60021323E-22
-8.93476717E-23 -2.36335443E-23 -5.58962112E-24 -1.28297411E-24 -2.99229558E-25
-7.21224295E-26 -1.73874438E-26 -4.28736562E-27 -1.06596594E-27 -2.62850516E-28
-6.46275862E-29 -1.54494893E-29 -3.63740404E-30 -7.77793177E-31 -1.50062576E-31
-2.53503887E-32 -3.58207095E-33 -4.00597571E-34 -3.37844924E-35 -2.05314186E-36
-8.62278089E-38 -2.47639653E-39 -4.09269514E-41 -3.28964853E-43 -5.95721975E-46
-8.54470906E-50 -1.00301723E-55 -1.45955934E-63 -8.27365862E-72 -4.47859220E-80
-2.42116605E-88 -1.30939284E-96 -7.07048817-105 -3.82315859-113 -2.06792374-121
 0.00000000E+00
CH  
 0.00000000E+00  5.58210779-106  5.35919107E-97  5.14617138E-88  4.94161356E-79
 4.74518002E-70  4.55604099E-61  4.32907392E-52  3.40521014E-43  9.37060675E-35
 1.87140122E-28  5.14066229E-26  1.39428232E-24  1.62150403E-23  1.23153413E-22
 7.44662934E-22  4.01932967E-21  2.07766491E-20  1.07236125E-19  5.51474399E-19
 2.69230089E-18  1.18391834E-17  4.58814236E-17  1.59013231E-16  5.13230080E-16
 1.62153397E-15  5.24363627E-15  1.77770768E-14  6.30321446E-14  2.31710560E-13
 8.79121852E-13  3.42362118E-12  1.36310365E-11  5.54256936E-11  2.30141788E-10
 9.71700423E-10  4.28265556E-09  1.91561231E-08  8.35043271E-08  3.47502065E-07
 1.28974684E-06  3.30363475E-06  4.63979260E-06  3.11010531E-06  1.18862496E-06
 3.66372062E-07  1.05491811E-07  3.02321275E-08  8.85237592E-09  2.67374124E-09
 8.34467898E-10  2.68537046E-10  8.87101267E-11  2.98910896E-11  1.01808782E-11
 3.49224787E-12  1.19770717E-12  4.02146170E-13  1.29345321E-13  3.91613341E-14
 1.09250998E-14  2.73040298E-15  5.93643221E-16  1.09215715E-16  1.66013922E-17
 2.05487162E-18  2.02774174E-19  1.40707215E-20  6.11998995E-22  1.01700272E-23
 3.39365722E-26  4.01514432E-30  1.48847546E-37  3.09447946E-46  5.39292280E-55
 9.33645586E-64  1.61614993E-72  2.79756132E-81  4.84257993E-90  8.38249315E-99
 0.00000000E+00
 0.00000000E+00  4.55627351-121  3.50475325-112  3.31743412-103  3.19593658E-94
 3.06655113E-85  2.95613381E-76  2.83730639E-67  2.23848209E-58  6.35720338E-50
 1.34991997E-43  3.47041789E-41  8.82353980E-40  9.13051042E-39  6.39413629E-38
 3.78825436E-37  2.04534621E-36  1.06841130E-35  5.60066045E-35  2.87640944E-34
 1.28791035E-33  5.46231384E-33  2.01416182E-32  6.03363664E-32  1.87575283E-31
 5.77105524E-31  1.95479739E-30  6.83434937E-30  2.52062050E-29  9.49206707E-29
 3.74581278E-28  1.53242119E-27  6.12005921E-27  2.52540888E-26  1.08128201E-25
 4.50428062E-25  2.01528746E-24  8.74544639E-24  3.67775487E-23  1.38856300E-22
 4.10627424E-22  5.68069833E-22 -6.40723540E-23 -5.89476481E-22 -3.65970967E-22
-1.35761810E-22 -4.29423572E-23 -1.27488646E-23 -3.72828653E-24 -1.12936393E-24
-3.51932432E-25 -1.11683276E-25 -3.64277674E-26 -1.22448126E-26 -4.12652049E-27
-1.42099525E-27 -4.89660215E-28 -1.71279969E-28 -5.72942219E-29 -1.80913076E-29
-5.41406574E-30 -1.45417689E-30 -3.41419064E-31 -6.76818939E-32 -1.10387828E-32
-1.42374194E-33 -1.43614465E-34 -9.96922875E-36 -4.25769118E-37 -6.77606141E-39
-2.08040601E-41 -3.78771187E-45 -1.99441782E-52 -4.25925132E-61 -7.43522279E-70
-1.28730111E-78 -2.22950901E-87 -3.85441581E-96 -6.67362220-105 -1.15580825-113
 0.00000000E+00
CH2 
 0.00000000E+00  9.96618844E-72  6.18583518E-65  3.83627319E-58  2.36393709E-51
 1.41026615E-44  7.48559898E-38  2.89740574E-31  5.00987889E-25  1.87379471E-19
 5.34213321E-16  9.21129567E-15  4.53065492E-14  1.38687219E-13  3.27958384E-13
 6.62541301E-13  1.21602605E-12  2.11263468E-12  3.57249969E-12  5.99665234E-12
 1.01307633E-11  1.73731174E-11  3.04004671E-11  5.46296248E-11  1.01688511E-10
 1.97572086E-10  4.02552921E-10  8.57890558E-10  1.88785312E-09  4.23888622E-09
 9.65187193E-09  2.21692827E-08  5.11605187E-08  1.18333806E-07  2.73713633E-07
 6.29715114E-07  1.45652658E-06  3.31180752E-06  7.18133933E-06  1.45263821E-05
 2.58826919E-05  3.45329553E-05  2.95456351E-05  1.48404965E-05  5.21607148E-06
 1.67497808E-06  5.37071120E-07  1.78416458E-07  6.22698674E-08  2.29254830E-08
 8.90113477E-09  3.63658299E-09  1.55828610E-09  6.97452262E-10  3.24268990E-10
 1.56336769E-10  7.77884122E-11  3.94093325E-11  2.00686426E-11  1.01759844E-11
 5.08194448E-12  2.46586472E-12  1.14761479E-12  5.06588233E-13  2.09885826E-13
 8.06789756E-14  2.81339063E-14  8.27940392E-15  1.94677522E-15  2.92852918E-16
 1.98093852E-17  1.58163943E-19  2.15474951E-24  1.05567076E-30  2.29130553E-37
 3.41949501E-44  4.31383193E-51  5.12755099E-58  6.00046858E-65  7.00048422E-72
 0.00000000E+00
 0.00000000E+00  8.70469784E-75  6.48383553E-71  4.15384410E-67  2.22869494E-63
 1.06552489E-59  6.46340837E-54  3.52252751E-47  1.05513708E-40  7.18505682E-35
 1.90805257E-31  2.98450537E-30  1.30834120E-29  3.32799213E-29  6.71843367E-29
 1.22894407E-28  2.05665108E-28  3.39708949E-28  5.65689130E-28  9.83544740E-28
 1.68095991E-27  3.01430288E-27  5.69345640E-27  1.03284395E-26  2.02048877E-26
 4.17327085E-26  9.24069018E-26  2.05985302E-25  4.69413080E-25  1.07011654E-24
 2.52426876E-24  6.05869426E-24  1.38260831E-23  3.22083623E-23  7.46548704E-23
 1.66053896E-22  3.78633159E-22  8.07356942E-22  1.62670359E-21  2.71852802E-21
 3.17913602E-21  6.90838829E-22 -3.28177352E-21 -3.42790646E-21 -1.59905300E-21
-5.69300101E-22 -1.93799387E-22 -6.45574693E-23 -2.18484918E-23 -7.85132173E-24
-2.93582609E-24 -1.14504321E-24 -4.68867811E-25 -2.00208076E-25 -8.80599899E-26
-4.05047523E-26 -1.93039576E-26 -9.58480364E-27 -4.84682466E-27 -2.45470807E-27
-1.25047750E-27 -6.24220092E-28 -3.00360993E-28 -1.37873557E-28 -6.04996104E-29
-2.38474157E-29 -8.57257254E-30 -2.55251342E-30 -5.98838526E-31 -8.90906488E-32
-6.40125681E-33 -1.22296696E-34 -2.76839649E-39 -1.60009933E-45 -3.77805701E-52
-5.88211981E-59 -7.39834734E-66  2.56428673E-71  4.09171682E-75  5.44183679E-79
 0.00000000E+00
CH2(
 0.00000000E+00  9.10702789E-77  5.81963587E-72  1.67887564E-64  5.23355308E-57
 1.17662354E-49  2.13792688E-42  7.78458268E-35  3.13671377E-27  8.34862698E-21
 2.75573837E-17  5.00445681E-16  2.60563347E-15  8.47188184E-15  2.12422437E-14
 4.52101594E-14  8.65880363E-14  1.55229136E-13  2.67645925E-13  4.52348417E-13
 7.58984927E-13  1.27273515E-12  2.14077752E-12  3.64034531E-12  6.35348498E-12
 1.15752695E-11  2.22828970E-11  4.53728083E-11  9.65245190E-11  2.11680223E-10
 4.74753879E-10  1.08175508E-09  2.49254536E-09  5.79414622E-09  1.35675735E-08
 3.18664409E-08  7.61492644E-08  1.81624104E-07  4.21228508E-07  9.35336477E-07
 1.88913477E-06  2.92958373E-06  2.94913350E-06  1.71230687E-06  6.52558416E-07
 2.14862580E-07  6.87022902E-08  2.24465596E-08  7.64711651E-09  2.73473957E-09
 1.02739601E-09  4.04771649E-10  1.66778848E-10  7.16278651E-11  3.19219381E-11
 1.47612312E-11  7.05965239E-12  3.44752408E-12  1.69785573E-12  8.35570976E-13
 4.06325213E-13  1.92416453E-13  8.74565370E-14  3.76347609E-14  1.51097809E-14
 5.55203869E-15  1.79975175E-15  4.64735057E-16  8.62929188E-17  8.36408642E-18
 2.79790002E-19  1.26863295E-21  1.67207502E-26  6.31604582E-33  8.50804374E-40
 6.06631198E-47  2.67978163E-54  8.06154173E-62  1.76135231E-69  2.94356668E-77
 0.00000000E+00
 0.00000000E+00  3.75418155E-76  2.79636527E-72  1.79148192E-68  9.61130132E-65
 4.15506793E-61  2.19334899E-57  3.09670931E-50  1.27017136E-42  3.37149440E-36
 1.00635933E-32  1.65367138E-31  7.84578471E-31  2.17939744E-30  4.66609388E-30
 8.93063595E-30  1.53918975E-29  2.63864966E-29  4.37885890E-29  7.49147327E-29
 1.21855172E-28  2.10029001E-28  3.72811537E-28  6.22648405E-28  1.13303943E-27
 2.24238473E-27  4.78755896E-27  1.04747007E-26  2.34193060E-26  5.22039280E-26
 1.21701724E-25  2.96103176E-25  6.75601905E-25  1.59001674E-24  3.76760628E-24
 8.64002965E-24  2.06504869E-23  4.74138008E-23  1.05697655E-22  2.04450433E-22
 3.03930183E-22  1.82301440E-22 -2.15168223E-22 -3.48443374E-22 -1.92242761E-22
-7.29834838E-23 -2.51172608E-23 -8.31761474E-24 -2.76894498E-24 -9.67832922E-25
-3.55619960E-25 -1.33447877E-25 -5.29906257E-26 -2.19999459E-26 -9.24439721E-27
-4.09801946E-27 -1.88644920E-27 -8.99403210E-28 -4.38184469E-28 -2.10369187E-28
-1.04948849E-28 -5.10468540E-29 -2.34992179E-29 -1.06609829E-29 -4.50253407E-30
-1.73089991E-30 -5.89084534E-31 -1.59776541E-31 -3.09507370E-32 -2.95610819E-33
-8.47804520E-35 -3.66247339E-37 -6.11909809E-42 -2.53976068E-48 -3.63170192E-55
-2.74868376E-62  5.36688133E-69  1.21626512E-72  1.87493639E-76  2.49353355E-80
 0.00000000E+00
CH3 
 0.00000000E+00  9.37807944E-37  7.00032144E-33  4.74705657E-29  2.72714788E-25
 1.28409590E-21  4.71496525E-18  1.22994325E-14  1.63176284E-11  3.92925213E-09
 6.54587705E-08  2.01505978E-07  4.12337912E-07  7.25546370E-07  1.17690195E-06
 1.81151633E-06  2.68821820E-06  3.88479138E-06  5.50423334E-06  7.68411885E-06
 1.06099995E-05  1.45342667E-05  1.98037075E-05  2.69001029E-05  3.64873794E-05
 4.94674303E-05  6.70760409E-05  9.08860747E-05  1.22655149E-04  1.64594526E-04
 2.19741321E-04  2.91874534E-04  3.85527934E-04  5.05864084E-04  6.57908839E-04
 8.44176132E-04  1.06744501E-03  1.31208445E-03  1.54087735E-03  1.69130447E-03
 1.64496331E-03  1.28878918E-03  7.27330888E-04  2.76204205E-04  8.35079626E-05
 2.52333924E-05  8.07200221E-06  2.78884706E-06  1.04342981E-06  4.21157697E-07
 1.82435816E-07  8.44198144E-08  4.15775439E-08  2.17269628E-08  1.20020627E-08
 6.99917319E-09  4.28638897E-09  2.72202201E-09  1.77020305E-09  1.16706342E-09
 7.71936663E-10  5.06452581E-10  3.25934316E-10  2.03424254E-10  1.21514060E-10
 6.83534223E-11  3.53211430E-11  1.57912894E-11  5.79268617E-12  1.48311476E-12
 2.23071254E-13  1.33443380E-14  4.85809677E-17  2.97839710E-20  1.08818158E-23
 2.88681707E-27  6.01517779E-31  1.03194756E-34  1.50458204E-38  1.90710995E-42
 0.00000000E+00
 0.00000000E+00  1.08760497E-52  8.59583775E-49  5.81550769E-45  3.39091527E-41
 1.60223288E-37  5.99632829E-34  1.58390086E-30  2.15331501E-27  5.27959382E-25
 8.29503788E-24  2.63414592E-23  5.45445493E-23  9.16764380E-23  1.41861492E-22
 2.14689866E-22  3.10698645E-22  4.35050814E-22  5.95552500E-22  7.99013904E-22
 1.07653993E-21  1.46760181E-21  1.97085499E-21  2.62527901E-21  3.42417502E-21
 4.66891674E-21  6.29514451E-21  8.43923388E-21  1.13740350E-20  1.50352829E-20
 2.00535817E-20  2.66929472E-20  3.44421659E-20  4.36862281E-20  5.40929112E-20
 6.45573901E-20  7.28691780E-20  7.36388888E-20  6.55104767E-20  1.75623034E-20
-6.06656982E-20 -1.39074455E-19 -1.44509582E-19 -7.77946848E-20 -2.75921742E-20
-8.74821189E-21 -2.83919654E-21 -9.49568943E-22 -3.33824003E-22 -1.27152397E-22
-5.19507709E-23 -2.22113387E-23 -9.98986716E-24 -4.77643189E-24 -2.35954397E-24
-1.21902055E-24 -6.72929747E-25 -3.94557877E-25 -2.39679963E-25 -1.51772107E-25
-9.91098885E-26 -6.54961085E-26 -4.39752002E-26 -2.88617054E-26 -1.85539629E-26
-1.14414306E-26 -6.44415635E-27 -3.09226647E-27 -1.18675797E-27 -2.91043969E-28
-3.57524454E-29 -2.35210330E-30 -1.22317679E-32 -8.69741499E-36 -3.47821273E-39
-9.95086275E-43 -2.18322583E-46 -3.93466655E-50 -5.96822192E-54 -7.85147622E-58
 0.00000000E+00
CH4 
 1.55521922E-01  1.55521922E-01  1.55521922E-01  1.55521922E-01  1.55521922E-01
 1.55521922E-01  1.55521922E-01  1.55521921E-01  1.55521738E-01  1.55477620E-01
 1.54800354E-01  1.53540505E-01  1.51837285E-01  1.49649643E-01  1.46975308E-01
 1.43842428E-01  1.40289047E-01  1.36353397E-01  1.32071979E-01  1.27477841E-01
 1.22600442E-01  1.17466315E-01  1.12097735E-01  1.06509645E-01  1.00714988E-01
 9.47323256E-02  8.85820622E-02  8.23159714E-02  7.60355902E-02  6.98014960E-02
 6.36158350E-02  5.74791307E-02  5.13927457E-02  4.53592024E-02  3.93932898E-02
 3.35455958E-02  2.77427566E-02  2.21437399E-02  1.68982693E-02  1.19938928E-02
 7.50280534E-03  4.00586581E-03  1.75306698E-03  6.26831541E-04  2.10165151E-04
 7.56309057E-05  2.94241595E-05  1.23655830E-05  5.59685585E-06  2.72043181E-06
 1.41700231E-06  7.89952472E-07  4.71078070E-07  3.00379039E-07  2.04519104E-07
 1.48514075E-07  1.14342550E-07  9.22566534E-08  7.70740751E-08  6.59475885E-08
 5.72128012E-08  4.98879692E-08  4.34144441E-08  3.74751352E-08  3.18860846E-08
 2.65448155E-08  2.13763563E-08  1.61963491E-08  1.11572826E-08  6.22430658E-09
 2.23504199E-09  2.33905332E-10  8.52973554E-13  5.22940404E-16  1.91060525E-19
 5.06860983E-23  1.05613167E-26  1.81187080E-30  2.64171201E-34  3.34846165E-38
 0.00000000E+00
 0.00000000E+00 -3.22856801E-35 -2.52425819E-31 -1.71177316E-27 -9.83401547E-24
 4.24810931E-20  3.30072847E-21 -3.23659819E-20  4.03202685E-20  9.49728222E-21
-1.76849013E-19 -3.13534117E-19 -4.51238877E-19 -6.35659833E-19 -8.69161697E-19
-1.01582903E-18 -1.26515678E-18 -1.36479593E-18 -1.58728754E-18 -1.67345073E-18
-1.69900082E-18 -1.73079684E-18 -1.87975325E-18 -1.86096082E-18 -1.88599386E-18
-1.92909618E-18 -1.98997651E-18 -1.98229095E-18 -1.97347800E-18 -2.01585528E-18
-2.02782032E-18 -2.04730942E-18 -2.03017910E-18 -2.00382377E-18 -1.97831515E-18
-1.93019507E-18 -1.83928549E-18 -1.71344245E-18 -1.51907410E-18 -1.39765771E-18
-1.13519537E-18 -7.75951387E-19 -4.14527019E-19 -1.68873456E-19 -5.97645295E-20
-2.17239299E-20 -8.31034548E-21 -3.32789037E-21 -1.39575650E-21 -6.28667194E-22
-2.99318355E-22 -1.46884263E-22 -7.53753712E-23 -3.99057806E-23 -2.15744349E-23
-1.18414848E-23 -6.46701758E-24 -3.58117525E-24 -1.95924164E-24 -1.13461791E-24
-7.23985059E-25 -5.20329849E-25 -4.86482156E-25 -5.01812511E-25 -5.78419942E-25
-6.51387871E-25 -7.05814794E-25 -7.11384108E-25 -6.53574980E-25 -5.04053203E-25
-2.49736281E-25 -6.00485931E-26 -3.53557288E-28 -2.60509805E-31 -1.06985360E-34
-3.09571331E-38 -6.88116040E-42 -1.24838194E-45 -1.90681936E-49 -2.51796719E-53
 0.00000000E+00
CO  
 0.00000000E+00  3.27408719E-33  2.55985790E-29  1.73591365E-25  9.97269640E-22
 4.69571368E-18  1.72418141E-14  4.49769544E-11  5.96712100E-08  1.43710659E-05
 2.34072425E-04  6.42764557E-04  1.19528912E-03  1.90496509E-03  2.77253180E-03
 3.78886234E-03  4.94161990E-03  6.21840694E-03  7.60738951E-03  9.09785332E-03
 1.06802493E-02  1.23459770E-02  1.40878169E-02  1.59009267E-02  1.77811127E-02
 1.97223584E-02  2.17180450E-02  2.37513636E-02  2.57893304E-02  2.78122069E-02
 2.98191409E-02  3.18096740E-02  3.37828288E-02  3.57367831E-02  3.76648463E-02
 3.95471122E-02  4.14001466E-02  4.31591625E-02  4.47505165E-02  4.61185816E-02
 4.70770382E-02  4.70824013E-02  4.53848047E-02  4.14171672E-02  3.62308273E-02
 3.14446144E-02  2.73665225E-02  2.39605386E-02  2.11148551E-02  1.87212709E-02
 1.66904873E-02  1.49511290E-02  1.34460232E-02  1.21287692E-02  1.09607504E-02
 9.91874975E-03  8.98231019E-03  8.12595144E-03  7.33209090E-03  6.59166371E-03
 5.89622294E-03  5.23660910E-03  4.60591801E-03  3.99933550E-03  3.41319466E-03
 2.84525955E-03  2.29216934E-03  1.73651439E-03  1.19581843E-03  6.66818218E-04
 2.39350067E-04  2.50443559E-05  9.13282516E-08  5.59914579E-11  2.04569340E-14
 5.42698272E-18  1.13080480E-21  1.93997799E-25  2.82849261E-29  3.58521254E-33
 0.00000000E+00
 0.00000000E+00  4.85114455E-50  5.84968667E-46  5.57873551E-42  4.19954987E-38
 2.44593418E-34  1.20437612E-30  3.89739036E-27  6.34321549E-24  1.96981252E-21
 3.42440182E-20  8.87955364E-20  1.55246912E-19  2.18668218E-19  2.78446142E-19
 3.43461060E-19  4.02751912E-19  4.50909471E-19  4.92294616E-19  5.20719987E-19
 5.44501320E-19  5.75056853E-19  5.97287059E-19  6.15974811E-19  6.21682086E-19
 6.31240565E-19  6.33356084E-19  6.41850707E-19  6.37831447E-19  6.35581486E-19
 6.45135029E-19  6.40824794E-19  6.36878272E-19  6.35352211E-19  6.18232090E-19
 6.20761302E-19  5.70739356E-19  5.37156491E-19  6.28860436E-19  3.07148815E-19
 8.26139343E-20 -2.41308211E-19 -7.27692114E-19 -1.22998809E-18 -1.39734692E-18
-1.35961977E-18 -1.24112929E-18 -1.07342703E-18 -9.19705074E-19 -7.94229402E-19
-6.98000664E-19 -6.07119822E-19 -5.30610495E-19 -4.72741349E-19 -4.17898391E-19
-3.76666223E-19 -3.45927501E-19 -3.11889209E-19 -2.87878323E-19 -2.66936393E-19
-2.48072733E-19 -2.33048915E-19 -2.19610828E-19 -2.07122794E-19 -1.93815305E-19
-1.79844613E-19 -1.64499553E-19 -1.43251920E-19 -1.15499382E-19 -7.78700962E-20
-3.30783487E-20 -4.40782178E-21 -1.90782813E-23 -1.24783691E-26 -4.76513442E-30
-1.31557643E-33 -2.83401296E-37 -5.00723966E-41 -7.41840727E-45 -9.62672088E-49
 0.00000000E+00
HCO 
 0.00000000E+00  2.89475406E-62  6.29677162E-57  1.58391519E-51  3.98797853E-46
 1.00019570E-40  2.50916719E-35  6.90597299E-30  3.53302058E-24  2.62500246E-18
 7.83495351E-15  1.19729152E-13  5.36708278E-13  1.51971780E-12  3.37943870E-12
 6.57182830E-12  1.19986142E-11  2.15874479E-11  3.92711247E-11  7.26875601E-11
 1.36638332E-10  2.60693311E-10  5.04019989E-10  9.81126974E-10  1.91046237E-09
 3.71920830E-09  7.26151322E-09  1.41795020E-08  2.73592984E-08  5.16719353E-08
 9.52370910E-08  1.71059510E-07  2.99545808E-07  5.12727975E-07  8.61527734E-07
 1.42759801E-06  2.37624887E-06  3.98689883E-06  6.76701556E-06  1.17515110E-05
 2.06036316E-05  3.21769186E-05  3.74929278E-05  2.74372813E-05  1.32783660E-05
 5.38584059E-06  2.07458479E-06  8.14215709E-07  3.40797295E-07  1.57335437E-07
 8.17566090E-08  4.77588829E-08  3.06353904E-08  2.08377954E-08  1.45187626E-08
 1.00988325E-08  6.87790262E-09  4.50159291E-09  2.78685929E-09  1.61246601E-09
 8.61238745E-10  4.18091344E-10  1.81324942E-10  6.90204220E-11  2.27104854E-11
 6.42944753E-12  1.56789432E-12  3.12454545E-13  4.94972435E-14  5.19128827E-15
 2.88331385E-16  2.15419338E-18  2.86031764E-23  1.14869629E-29  2.43617482E-36
 2.38851125E-42  6.23424311E-48  1.71100744E-53  4.68748679E-59  1.28084409E-64
 0.00000000E+00
 0.00000000E+00  6.09991656E-78  1.56155501E-72  3.98089062E-67  9.97811315E-62
 2.48855996E-56  6.29974739E-51  1.78773630E-45  1.04129562E-39  1.04581057E-33
 2.95298227E-30  3.99425230E-29  1.54095795E-28  3.59174395E-28  6.74234553E-28
 1.21870701E-27  2.17438262E-27  4.02735588E-27  7.70890057E-27  1.47028473E-26
 2.82389723E-26  5.57241342E-26  1.11735628E-25  2.10763960E-25  4.02780767E-25
 7.71045032E-25  1.50865238E-24  2.87722582E-24  5.48036424E-24  1.00231526E-23
 1.78032629E-23  3.14768475E-23  5.31247724E-23  8.73876360E-23  1.42797462E-22
 2.30422016E-22  3.94572120E-22  6.46129915E-22  1.13438125E-21  1.95609717E-21
 2.98878901E-21  2.70397616E-21 -6.47480660E-22 -3.73150120E-21 -3.04109380E-21
-1.50600318E-21 -6.22281423E-22 -2.47714301E-22 -9.55659849E-23 -3.93878273E-23
-1.73984094E-23 -8.50710363E-24 -4.62631530E-24 -2.87775494E-24 -2.01189188E-24
-1.46583208E-24 -1.08001717E-24 -8.08611729E-25 -5.77196527E-25 -3.75627624E-25
-2.26962463E-25 -1.25577729E-25 -6.11578954E-26 -2.62014193E-26 -9.38109945E-27
-2.81628011E-27 -6.95809369E-28 -1.35659139E-28 -1.98212300E-29 -1.71751729E-30
-7.38935972E-32 -6.60789740E-34 -1.18278085E-38 -5.46598055E-45 -1.54894810E-51
-2.10342431E-57 -5.59592915E-63 -1.53910900E-68 -4.22963887E-74 -1.15688095E-79
 0.00000000E+00
CH2O
 0.00000000E+00  6.55973856E-35  5.12875722E-31  3.47795845E-27  1.99806144E-23
 9.40801000E-20  3.45444983E-16  9.01125133E-13  1.19551522E-09  2.87893597E-07
 4.68255796E-06  1.28109682E-05  2.37559875E-05  3.77649463E-05  5.48311441E-05
 7.47504447E-05  9.72530003E-05  1.22064475E-04  1.48917464E-04  1.77561144E-04
 2.07758978E-04  2.39277069E-04  2.71880313E-04  3.05339723E-04  3.39397822E-04
 3.73730447E-04  4.07969947E-04  4.41532074E-04  4.73536955E-04  5.03303958E-04
 5.30378989E-04  5.54206878E-04  5.74110969E-04  5.89294606E-04  5.98846897E-04
 6.01844176E-04  5.97418671E-04  5.84913376E-04  5.64393401E-04  5.34964406E-04
 4.92031688E-04  4.24719610E-04  3.12231046E-04  1.71124341E-04  7.30680081E-05
 2.88443892E-05  1.13148498E-05  4.58616591E-06  1.95711421E-06  8.86243750E-07
 4.26888002E-07  2.18734255E-07  1.19120678E-07  6.88547432E-08  4.21466233E-08
 2.73023458E-08  1.86421511E-08  1.32887887E-08  9.80177810E-09  7.42948456E-09
 5.74633573E-09  4.50190828E-09  3.54868430E-09  2.79746877E-09  2.19196190E-09
 1.69481335E-09  1.27787009E-09  9.11826460E-10  5.95355743E-10  3.16242271E-10
 1.08880807E-10  1.11570278E-11  4.06890039E-14  2.49458088E-17  9.11416602E-21
 2.41788119E-24  5.03806997E-28  8.64317620E-32  1.26017720E-35  1.59731833E-39
 0.00000000E+00
 0.00000000E+00 -1.69717294E-51 -7.79000934E-48 -1.42619273E-44  1.69380337E-40
 2.17780633E-36  1.49917439E-32  6.04221171E-29  1.08695029E-25  3.79235494E-23
 6.83259511E-22  1.77381218E-21  3.03691249E-21  4.25216783E-21  5.37370930E-21
 6.59795952E-21  7.69281380E-21  8.53813015E-21  9.17649483E-21  9.62828640E-21
 1.00831416E-20  1.05424270E-20  1.09503798E-20  1.07405128E-20  1.05706243E-20
 1.04590386E-20  1.01738952E-20  9.69429793E-21  9.19327278E-21  8.47340356E-21
 7.84139059E-21  6.75059598E-21  5.49654379E-21  3.84543769E-21  1.50391731E-21
-5.21051430E-22 -2.88237192E-21 -5.09613581E-21 -5.14158591E-21 -1.04551848E-20
-1.46785084E-20 -2.28073268E-20 -3.44997140E-20 -3.18482327E-20 -1.78430607E-20
-7.94188811E-21 -3.29316015E-21 -1.32334194E-21 -5.35625337E-22 -2.29410926E-22
-1.03479400E-22 -4.83241702E-23 -2.36460803E-23 -1.21459206E-23 -6.44745325E-24
-3.55161368E-24 -2.04855536E-24 -1.24719517E-24 -7.73420331E-25 -5.00280280E-25
-3.33866231E-25 -2.37671646E-25 -1.71631713E-25 -1.28862331E-25 -9.80854115E-26
-7.97466321E-26 -6.30068321E-26 -5.09404015E-26 -3.89824078E-26 -2.55395050E-26
-1.11751298E-26 -2.14167964E-27 -1.21562140E-29 -8.85417133E-33 -3.60514598E-36
-1.03093148E-39 -2.27689156E-43 -4.12391037E-47 -6.28083602E-51 -8.27643055E-55
 0.00000000E+00
CH2O
 0.00000000E+00  8.38385763E-77  1.89144691E-69  4.02916660E-62  7.64656175E-55
 1.20480268E-47  1.51952901E-40  1.72985299E-33  1.83632839E-26  3.41567712E-20
 1.03966372E-16  1.55001993E-15  6.73059922E-15  1.84061870E-14  3.94736382E-14
 7.37957142E-14  1.28783105E-13  2.21924592E-13  4.01964484E-13  8.21270562E-13
 1.93591142E-12  4.88427998E-12  1.19451313E-11  2.70540154E-11  5.71094238E-11
 1.15805661E-10  2.32775804E-10  4.72096861E-10  9.66793058E-10  1.99303024E-09
 4.13341777E-09  8.61212505E-09  1.80090540E-08  3.78017047E-08  7.96771505E-08
 1.68303216E-07  3.61267470E-07  7.75891322E-07  1.62790930E-06  3.27699765E-06
 6.00726943E-06  8.56999133E-06  8.14780999E-06  4.62868893E-06  1.78290137E-06
 6.01606412E-07  1.97430150E-07  6.61328027E-08  2.30748419E-08  8.44460215E-09
 3.24497980E-09  1.30814315E-09  5.52636651E-10  2.44444685E-10  1.13022787E-10
 5.47172718E-11  2.76204495E-11  1.42869484E-11  7.42137685E-12  3.80798950E-12
 1.90500802E-12  9.20898975E-13  4.28941012E-13  1.92712095E-13  8.35739373E-14
 3.48803719E-14  1.37933423E-14  4.85526204E-15  1.44263171E-15  2.85332034E-16
 2.43942813E-17  2.14731408E-19  2.89808461E-24  1.17526491E-30  1.80325748E-37
 1.56589562E-44  9.18139610E-52  4.09382048E-59  1.52212118E-66  5.07594999E-74
 0.00000000E+00
 0.00000000E+00  1.30106445E-92  2.96154125E-85  6.45272679E-78  1.27262456E-70
 2.18476216E-63  3.14624752E-56  4.39361314E-49  5.47575775E-42  1.22457153E-35
 3.76638696E-32  4.89828088E-31  1.78525242E-30  3.90254897E-30  7.05438522E-30
 1.20305111E-29  2.06795136E-29  3.72617926E-29  7.99544334E-29  2.04489253E-28
 5.44283217E-28  1.44759885E-27  3.40239729E-27  6.48792954E-27  1.28347943E-26
 2.40264398E-26  4.88782115E-26  9.89732529E-26  2.06008936E-25  4.24624836E-25
 9.07063323E-25  2.00705355E-24  4.21042086E-24  8.46362005E-24  1.73100576E-23
 3.79354893E-23  7.38322782E-23  1.58403233E-22  3.30892731E-22  6.23266781E-22
 8.84081386E-22  3.16371813E-22 -7.76692279E-22 -9.83015099E-22 -4.70705721E-22
-1.98471002E-22 -6.89068139E-23 -2.37964478E-23 -8.39279531E-24 -2.87140582E-24
-1.07546226E-24 -4.18672471E-25 -1.67385784E-25 -6.96878271E-26 -3.04651596E-26
-1.38602267E-26 -6.65664165E-27 -3.33959250E-27 -1.72824463E-27 -9.05540903E-28
-4.70012773E-28 -2.35496395E-28 -1.10445575E-28 -5.07622317E-29 -2.20551591E-29
-8.97939609E-30 -3.51603840E-30 -1.19651658E-30 -3.50207872E-31 -6.92819654E-32
-5.92927808E-33 -8.02642169E-35 -1.56566537E-39 -7.31599092E-46 -1.21939080E-52
-1.12635579E-59 -6.92169873E-67 -3.18418018E-74 -1.20752913E-81 -4.06465997E-89
 0.00000000E+00
CH3O
 0.00000000E+00  1.25929907E-42  1.77259104E-38  2.31130783E-34  2.77421822E-30
 3.04233781E-26  3.02074952E-22  2.65856525E-18  1.71642327E-14  3.61129221E-11
 5.15543190E-09  3.51427578E-08  9.31636139E-08  1.80449995E-07  2.94184784E-07
 4.26960587E-07  5.68258564E-07  7.05612605E-07  8.25037100E-07  9.11306525E-07
 9.49356918E-07  9.28962668E-07  8.52554833E-07  7.39833289E-07  6.21234723E-07
 5.22688864E-07  4.55453091E-07  4.19024593E-07  4.08642183E-07  4.19863147E-07
 4.50600125E-07  5.01014952E-07  5.72938370E-07  6.69435296E-07  7.94146478E-07
 9.49585231E-07  1.13980651E-06  1.35446796E-06  1.56145317E-06  1.69573679E-06
 1.63143501E-06  1.27476478E-06  7.58412867E-07  3.35958152E-07  1.24052695E-07
 4.47868215E-08  1.66497929E-08  6.55756549E-09  2.77274250E-09  1.26550361E-09
 6.24822675E-10  3.34246261E-10  1.94152813E-10  1.22832386E-10  8.49021579E-11
 6.43352007E-11  5.33118007E-11  4.78754944E-11  4.60748427E-11  4.68620565E-11
 4.94537680E-11  5.28186753E-11  5.52252232E-11  5.44103845E-11  4.88670503E-11
 3.92003518E-11  2.77262590E-11  1.66135875E-11  7.92162431E-12  2.34235784E-12
 2.27892420E-13  1.57932433E-15  4.51441269E-19  4.49902474E-23  3.89569553E-27
 3.09427257E-31  2.27189761E-35  1.55083745E-39  9.89104194E-44  5.91945323E-48
 0.00000000E+00
 0.00000000E+00  2.96346408E-58  4.17615235E-54  5.47315482E-50  6.59134728E-46
 7.25410392E-42  7.33834308E-38  6.40559844E-34  4.19194721E-30  8.99443138E-27
 1.16732634E-24  6.83317318E-24  1.60416533E-23  2.55145624E-23  3.40798235E-23
 4.04261401E-23  4.30048234E-23  3.93422380E-23  3.03747218E-23  1.65436533E-23
-9.76314990E-25 -2.33094148E-23 -4.49607200E-23 -4.59612352E-23 -4.73889983E-23
-2.66807259E-23 -2.34404610E-23 -9.27319879E-24  1.04581836E-23  1.02297386E-23
 5.89877629E-24  6.01672952E-24  2.48738400E-23  1.56522483E-23 -1.49070084E-23
 5.38785743E-23 -3.01070671E-23  1.28016196E-23  5.44875651E-24  3.74856139E-23
-2.50585159E-23 -1.28644503E-22 -1.36089518E-22 -7.50652817E-23 -3.38117195E-23
-1.33763572E-23 -5.06657264E-24 -1.84133217E-24 -7.17603871E-25 -2.67813136E-25
-1.40360378E-25 -6.97527646E-26 -3.11012249E-26 -1.66998298E-26 -6.32603822E-27
-5.37732071E-27 -1.39140049E-27  1.13396736E-27  1.84781546E-27  2.16470826E-27
 2.01045160E-27  3.18952983E-27  3.43205781E-27  1.62082706E-27 -4.87925829E-28
-1.86678207E-27 -2.24293709E-27 -1.84198886E-27 -1.11011312E-27 -4.08405496E-28
-4.81336756E-29 -3.96221589E-31 -1.15535602E-34 -1.15292229E-38 -1.00377400E-42
-8.04680688E-47 -5.92774335E-51 -4.05471008E-55 -2.60878477E-59 -1.56612773E-63
 0.00000000E+00
CH3O
 0.00000000E+00  5.74519676E-36  4.49190460E-32  3.04609038E-28  1.74995655E-24
 8.23979249E-21  3.02550326E-17  7.89232045E-14  1.04707915E-10  2.52175936E-08
 4.10737009E-07  1.12773661E-06  2.09673073E-06  3.34067766E-06  4.86024334E-06
 6.63848867E-06  8.65225097E-06  1.08769914E-05  1.32867644E-05  1.58537260E-05
 1.85468590E-05  2.13312144E-05  2.41701392E-05  2.70301913E-05  2.98817013E-05
 3.26962457E-05  3.54465055E-05  3.80899637E-05  4.05621633E-05  4.28144214E-05
 4.48129269E-05  4.65112814E-05  4.78463544E-05  4.87341863E-05  4.90648166E-05
 4.87054330E-05  4.74757663E-05  4.51914767E-05  4.17008284E-05  3.66891750E-05
 2.96204458E-05  2.08873301E-05  1.19213162E-05  5.19408860E-06  1.93408455E-06
 7.23537178E-07  2.83513979E-07  1.18882288E-07  5.38426584E-08  2.64169719E-08
 1.40441998E-08  8.08786070E-09  5.04630706E-09  3.41410531E-09  2.50596306E-09
 1.99502097E-09  1.70983562E-09  1.55276068E-09  1.46499161E-09  1.40703926E-09
 1.35194710E-09  1.28360839E-09  1.19499788E-09  1.08564940E-09  9.58824968E-10
 8.19310574E-10  6.71346897E-10  5.14150858E-10  3.56024562E-10  1.98786080E-10
 7.12498569E-11  7.44600860E-12  2.71529903E-14  1.66469354E-17  6.08209310E-21
 1.61350739E-24  3.36201899E-28  5.76778845E-32  8.40944953E-36  1.06592691E-39
 0.00000000E+00
 0.00000000E+00 -1.34696778E-51 -9.57810809E-48 -5.76065515E-44 -2.84008030E-40
-1.08369909E-36 -2.90977994E-33 -3.99892687E-30  5.05205907E-28  2.21638990E-24
 5.41647874E-23  1.41693644E-22  2.44110266E-22  3.38357557E-22  4.23466111E-22
 5.13094207E-22  5.85651646E-22  6.34760837E-22  6.66004127E-22  6.76326525E-22
 6.76913896E-22  6.58557051E-22  6.38154357E-22  5.80666991E-22  5.02475958E-22
 4.38199772E-22  3.51216083E-22  2.74718476E-22  1.79591164E-22  7.36572679E-23
-5.83578807E-23 -2.00355457E-22 -3.46484840E-22 -5.29530178E-22 -7.54745787E-22
-9.54999662E-22 -1.23671790E-21 -1.41520178E-21 -1.43940601E-21 -1.85291831E-21
-2.20346407E-21 -2.43410404E-21 -2.10073066E-21 -1.22213904E-21 -5.22002166E-22
-2.04040108E-22 -8.03274844E-23 -3.22798785E-23 -1.32841178E-23 -5.88386047E-24
-2.76111658E-24 -1.35637604E-24 -6.83821026E-25 -3.47708524E-25 -1.73014224E-25
-7.15988976E-26 -1.37836588E-26  1.91003746E-26  3.52578594E-26  3.99879481E-26
 3.46235840E-26  2.52512620E-26  1.28550310E-26  2.28249145E-27 -7.57175839E-27
-1.50273928E-26 -1.96303024E-26 -2.19400529E-26 -2.13360411E-26 -1.65950428E-26
-8.17662135E-27 -1.97377363E-27 -1.16603776E-29 -8.63344294E-33 -3.54238300E-36
-1.02446362E-39 -2.28061106E-43 -4.13201919E-47 -6.30040144E-51 -8.30340947E-55
 0.00000000E+00
HO2 
 0.00000000E+00  1.98940760E-36  1.48254688E-32  1.00534312E-28  5.77560693E-25
 2.71946633E-21  9.98518743E-18  2.60453437E-14  3.45399982E-11  8.28451619E-09
 1.30371173E-07  3.38385098E-07  6.02215888E-07  9.27724144E-07  1.31708948E-06
 1.77088696E-06  2.29039426E-06  2.87786398E-06  3.53542883E-06  4.26287764E-06
 5.05304151E-06  5.88691129E-06  6.73622461E-06  7.57872598E-06  8.41673451E-06
 9.28389218E-06  1.02349518E-05  1.13205034E-05  1.25631848E-05  1.39654145E-05
 1.55226184E-05  1.72213666E-05  1.90442487E-05  2.09747857E-05  2.30015507E-05
 2.51200734E-05  2.73970306E-05  2.98203009E-05  3.22586579E-05  3.42966351E-05
 3.47684748E-05  3.19773068E-05  2.59981042E-05  1.98887629E-05  1.69317236E-05
 1.68347125E-05  1.83537499E-05  2.07620965E-05  2.37028605E-05  2.70283632E-05
 3.06965003E-05  3.47166643E-05  3.91233400E-05  4.39604763E-05  4.92680442E-05
 5.50063201E-05  6.10577070E-05  6.72287177E-05  7.30523747E-05  7.76408036E-05
 7.97833419E-05  7.82759480E-05  7.24657038E-05  6.27739838E-05  5.07063446E-05
 3.82281673E-05  2.68794431E-05  1.71991758E-05  9.71783284E-06  4.26526336E-06
 1.16825023E-06  1.03518289E-07  3.77347051E-10  2.31343635E-13  8.45232764E-17
 2.24230259E-20  4.67222149E-24  8.01553625E-28  1.16866713E-31  1.48132614E-35
 0.00000000E+00
 0.00000000E+00  8.70128249E-53  7.77888959E-49  5.62908015E-45  3.75441128E-41
 2.00027268E-37  8.66484098E-34  2.61718411E-30  4.00927562E-27  1.18358922E-24
 1.89845650E-23  4.44230434E-23  7.27172831E-23  9.87807037E-23  1.24446112E-22
 1.51197324E-22  1.79885672E-22  2.06176807E-22  2.28937445E-22  2.47440939E-22
 2.60340584E-22  2.73796431E-22  2.76229334E-22  2.61244487E-22  2.54871997E-22
 2.69561881E-22  3.01601593E-22  3.45833591E-22  4.10762207E-22  4.53397242E-22
 4.96955003E-22  5.24174033E-22  5.46545072E-22  5.50797393E-22  5.39598050E-22
 6.13872182E-22  6.85601117E-22  7.37327526E-22  8.68469936E-22  5.16944459E-22
-1.08341052E-22 -1.12057140E-21 -1.66068750E-21 -1.08597809E-21 -2.63445610E-22
 3.32001136E-22  7.41835282E-22  9.65697716E-22  1.17751789E-21  1.37555574E-21
 1.61275898E-21  1.71795292E-21  1.98078991E-21  2.26134579E-21  2.38755619E-21
 2.59452322E-21  2.70256549E-21  2.72101410E-21  2.43031060E-21  1.64338161E-21
 2.82199790E-22 -1.39326685E-21 -2.99218124E-21 -4.08041351E-21 -4.39871926E-21
-3.96783901E-21 -3.14460088E-21 -2.17958858E-21 -1.32150901E-21 -6.13657612E-22
-1.65635736E-22 -1.52443026E-23 -6.28745081E-26 -4.05154235E-29 -1.52084222E-32
-4.14182257E-36 -8.79275160E-40 -1.52920479E-43 -2.26852631E-47 -2.92738946E-51
 0.00000000E+00
C2H 
 0.00000000E+00  9.07233042E-89  5.12449898E-81  2.21349337E-73  6.99789574E-66
 1.57268510E-58  3.07757636E-51  1.14005176E-43  4.03791858E-36  1.09040213E-29
 6.87900517E-26  3.56645525E-24  6.97090502E-23  1.02111584E-21  1.24800370E-20
 1.27423307E-19  1.07920391E-18  7.60579449E-18  4.51271692E-17  2.29153546E-16
 1.01395090E-15  3.98133258E-15  1.41457358E-14  4.64813831E-14  1.44366091E-13
 4.31802383E-13  1.26182708E-12  3.61758061E-12  1.00848786E-11  2.71696054E-11
 7.08127212E-11  1.78766430E-10  4.38211471E-10  1.04780722E-09  2.45766245E-09
 5.67715387E-09  1.32218176E-08  3.08392909E-08  7.12296832E-08  1.62970752E-07
 3.58155373E-07  6.43737834E-07  7.79136313E-07  5.26021632E-07  2.14562615E-07
 7.01136363E-08  2.08521746E-08  5.97821743E-09  1.69560750E-09  4.81360573E-10
 1.37455585E-10  3.95509286E-11  1.14692729E-11  3.34996760E-12  9.84282248E-13
 2.93006627E-13  8.88608520E-14  2.72284862E-14  8.34244293E-15  2.52859727E-15
 7.42742111E-16  2.04797420E-16  5.11221063E-17  1.11141134E-17  2.01099194E-18
 2.85643351E-19  2.89920569E-20  1.66563763E-21  4.45192823E-23  3.16806917E-25
 5.89303158E-28  4.20791915E-31  4.07701617E-36  1.54279693E-42  2.09018565E-49
 1.50274378E-56  6.71261883E-64  2.04803955E-71  4.55001680E-79  7.70845884E-87
 0.00000000E+00
 0.00000000E+00 -4.09029671-104 -2.13364277E-96 -8.36627260E-89 -2.33706385E-81
-4.42675966E-74 -6.67972330E-67 -1.24944852E-59 -9.72181197E-53  2.76797106E-45
 3.40248570E-41  1.95247634E-39  4.50911166E-38  6.92980940E-37  8.47515232E-36
 8.46920827E-35  7.00402628E-34  4.58011946E-33  2.49444612E-32  1.15113640E-31
 4.69931382E-31  1.74012159E-30  5.63617036E-30  1.69255657E-29  5.00678242E-29
 1.43225758E-28  4.19875687E-28  1.15283471E-27  3.06077199E-27  7.90079321E-27
 2.02337227E-26  5.08789249E-26  1.21731229E-25  2.83040315E-25  6.51603136E-25
 1.44653061E-24  3.30910724E-24  7.52754471E-24  1.74135434E-23  3.75920987E-23
 6.68340959E-23  6.73845076E-23 -2.08072185E-23 -9.37583263E-23 -6.26263810E-23
-2.52743292E-23 -8.53328377E-24 -2.57029764E-24 -7.48720412E-25 -2.18653922E-25
-6.42182713E-26 -1.85101270E-26 -5.35888271E-27 -1.56471213E-27 -4.53682142E-28
-1.32915942E-28 -4.02465706E-29 -1.23430123E-29 -3.83421796E-30 -1.17129075E-30
-3.63870571E-31 -1.09833575E-31 -3.02902987E-32 -7.62902634E-33 -1.62956464E-33
-2.77661506E-34 -3.41721713E-35 -2.49670234E-36 -8.88508723E-38 -9.74674439E-40
-4.13321857E-42 -2.08879670E-44 -4.04871256E-49 -1.95102039E-55 -3.05072415E-62
-2.42790033E-69 -1.17307314E-76 -3.81486710E-84 -8.94162707E-92 -1.58618658E-99
 0.00000000E+00
C2H2
 0.00000000E+00  5.37066046E-35  4.19907192E-31  2.84751207E-27  1.63587477E-23
 7.70263048E-20  2.82826705E-16  7.37781056E-13  9.78818795E-10  2.35736285E-07
 3.83961531E-06  1.05436163E-05  1.96069897E-05  3.12482239E-05  4.54794599E-05
 6.21509985E-05  8.10604897E-05  1.02004594E-04  1.24789235E-04  1.49238744E-04
 1.75196664E-04  2.02522312E-04  2.31098052E-04  2.60845853E-04  2.91699151E-04
 3.23562614E-04  3.56332853E-04  3.89742242E-04  4.23262130E-04  4.56588742E-04
 4.89741445E-04  5.22765535E-04  5.55722374E-04  5.88677985E-04  6.21590705E-04
 6.54021930E-04  6.85634960E-04  7.13321591E-04  7.31087553E-04  7.27607627E-04
 6.77611011E-04  5.49055189E-04  3.44651926E-04  1.50289901E-04  5.11295990E-05
 1.65399070E-05  5.35274912E-06  1.77379475E-06  6.08797737E-07  2.17837442E-07
 8.16462078E-08  3.21936733E-08  1.34179102E-08  5.94359270E-09  2.81571840E-09
 1.44268704E-09  8.06012481E-10  4.90905054E-10  3.25040358E-10  2.32379800E-10
 1.76910404E-10  1.40900010E-10  1.15412071E-10  9.57775029E-11  7.94760478E-11
 6.51340508E-11  5.19481553E-11  3.91284749E-11  2.68630681E-11  1.49580242E-11
 5.36610285E-12  5.61404029E-13  2.04724910E-15  1.25512598E-18  4.58570475E-22
 1.21653325E-25  2.53485539E-29  4.34872904E-33  6.34045747E-37  8.03674987E-41
 0.00000000E+00
 0.00000000E+00 -4.77111239E-50 -3.47898532E-46 -2.17443450E-42 -1.13138859E-38
-4.71021249E-35 -1.45884434E-31 -2.95096296E-28 -2.39156388E-25 -3.26828917E-24
 4.67483554E-22  1.29041872E-21  2.27802969E-21  3.17799598E-21  4.03867049E-21
 4.94865630E-21  5.74573892E-21  6.26129456E-21  6.70797431E-21  6.96982281E-21
 7.17636952E-21  7.24600875E-21  7.43727147E-21  7.35680991E-21  7.16539031E-21
 6.99783714E-21  6.86080279E-21  6.65952341E-21  6.23132468E-21  6.06197877E-21
 5.65951345E-21  5.68055539E-21  5.23156100E-21  4.90433966E-21  4.40385138E-21
 3.91751264E-21  2.70507775E-21  6.45917060E-22 -9.85783246E-22 -1.34570368E-20
-3.05791216E-20 -4.90764859E-20 -5.70353629E-20 -3.76617795E-20 -1.58382048E-20
-5.66199609E-21 -1.95210891E-21 -6.53938660E-22 -2.20504719E-22 -7.73729762E-23
-2.80587675E-23 -1.04898408E-23 -4.07250233E-24 -1.65389585E-24 -6.98121402E-25
-3.08704908E-25 -1.42845175E-25 -6.98084161E-26 -3.56242942E-26 -2.01449934E-26
-1.34744569E-26 -1.14918728E-26 -1.21408020E-26 -1.43087143E-26 -1.73185469E-26
-2.08414305E-26 -2.45729878E-26 -2.84033402E-26 -3.19688409E-26 -3.47258482E-26
-3.49092062E-26 -2.77623541E-26 -2.03313653E-28 -1.58933267E-31 -6.70812791E-35
-1.97164381E-38 -4.44787563E-42 -8.14162752E-46 -1.25380610E-49 -1.66626006E-53
 0.00000000E+00
C2H3
 0.00000000E+00  1.81793916E-77  4.64612419E-70  1.09590018E-62  2.22076081E-55
 3.54724855E-48  4.13025539E-41  3.67429069E-34  3.10611329E-27  5.72219697E-21
 2.07951722E-17  4.22365531E-16  2.67366108E-15  1.11910867E-14  3.75886100E-14
 1.09944421E-13  2.94727312E-13  7.55020120E-13  1.92329344E-12  5.02073265E-12
 1.33388311E-11  3.43845824E-11  8.22951482E-11  1.82000966E-10  3.83361480E-10
 8.01172718E-10  1.71104457E-09  3.76137058E-09  8.40615408E-09  1.88327611E-08
 4.19114359E-08  9.17957528E-08  1.96235474E-07  4.07135815E-07  8.17363678E-07
 1.58391938E-06  3.00137672E-06  5.49514332E-06  9.55192993E-06  1.55045853E-05
 2.22126973E-05  2.42163836E-05  1.71958095E-05  7.40414845E-06  2.33903965E-06
 6.92288455E-07  2.05361871E-07  6.26354058E-08  1.97954731E-08  6.48381629E-09
 2.19401444E-09  7.63519595E-10  2.71936472E-10  9.86850372E-11  3.63618704E-11
 1.36750635E-11  5.28170328E-12  2.08997471E-12  8.45439118E-13  3.48936344E-13
 1.45420701E-13  6.00114073E-14  2.39810854E-14  9.07976016E-15  3.19050482E-15
 1.01914095E-15  2.85985524E-16  6.35408182E-17  1.02267105E-17  8.71824617E-19
 2.86680955E-20  1.35955405E-22  1.69317665E-27  6.78107491E-34  1.01795229E-40
 8.54389914E-48  4.76285333E-55  1.97600922E-62  6.66146112E-70  1.96077315E-77
 0.00000000E+00
 0.00000000E+00  1.21225293E-93  3.30869909E-86  8.51964891E-79  1.98086351E-71
 3.80551031E-64  5.85038435E-57  8.24578762E-50  9.62531717E-43  2.21365649E-36
 8.37889005E-33  1.61179279E-31  9.85528047E-31  3.83838460E-30  1.21169248E-29
 3.38188030E-29  8.93035296E-29  2.26065698E-28  5.78657673E-28  1.56579162E-27
 4.07824266E-27  1.02026123E-26  2.27765342E-26  4.31050835E-26  8.70393109E-26
 1.83273073E-25  4.07871021E-25  9.19654950E-25  2.07333819E-24  4.64594196E-24
 1.04823012E-23  2.33004936E-23  4.90276569E-23  9.57010761E-23  1.80297601E-22
 3.42287772E-22  6.50242215E-22  1.06280501E-21  1.61198731E-21  2.20311878E-21
 2.19316051E-21 -1.20580207E-21 -2.78206896E-21 -1.96478399E-21 -7.20684967E-22
-2.50842389E-22 -7.58854496E-23 -2.45753561E-23 -7.73761268E-24 -2.43379373E-24
-8.44164623E-25 -2.85911487E-25 -9.97331867E-26 -3.54862039E-26 -1.29308495E-26
-4.77468667E-27 -1.78222686E-27 -6.91277929E-28 -2.68858145E-28 -1.06285064E-28
-4.35627979E-29 -1.81758513E-29 -7.48841208E-30 -2.98556677E-30 -1.10861378E-30
-3.72897444E-31 -1.09405529E-31 -2.52446689E-32 -4.17456094E-33 -3.49020939E-34
-1.03495692E-35 -8.51213074E-38 -1.72975554E-42 -8.40116035E-49 -1.41192045E-55
-1.28155000E-62 -7.57514534E-70 -3.27716330E-77 -1.13670360E-84 -3.40453759E-92
 0.00000000E+00
C2H4
 0.00000000E+00  1.27613291E-34  9.97749519E-31  6.76602796E-27  3.88703335E-23
 1.83023678E-19  6.72029949E-16  1.75305569E-12  2.32579006E-09  5.60137450E-07
 9.12337179E-06  2.50527438E-05  4.65880568E-05  7.42483231E-05  1.08062166E-04
 1.47673548E-04  1.92601155E-04  2.42361043E-04  2.96490787E-04  3.54570837E-04
 4.16225765E-04  4.81115000E-04  5.48948153E-04  6.19520754E-04  6.92641518E-04
 7.68028790E-04  8.45348941E-04  9.23832755E-04  1.00203107E-03  1.07891670E-03
 1.15400269E-03  1.22646325E-03  1.29483030E-03  1.35655518E-03  1.40724467E-03
 1.43973122E-03  1.44356313E-03  1.40275469E-03  1.30062087E-03  1.11793369E-03
 8.37180638E-04  5.06314606E-04  2.25606628E-04  7.26905303E-05  2.05821548E-05
 6.14477784E-06  1.97081414E-06  6.79995338E-07  2.51543055E-07  9.93702040E-08
 4.17881086E-08  1.86679860E-08  8.85118839E-09  4.45519324E-09  2.38328538E-09
 1.36256247E-09  8.35391178E-10  5.47545872E-10  3.82092345E-10  2.82256624E-10
 2.18489033E-10  1.74950748E-10  1.43076958E-10  1.18109461E-10  9.73330171E-11
 7.91911836E-11  6.27213262E-11  4.69377427E-11  3.20418594E-11  1.77540083E-11
 6.34444888E-12  6.62584354E-13  2.41621035E-15  1.48132849E-18  5.41215397E-22
 1.43578046E-25  2.99169450E-29  5.13246980E-33  7.48315340E-37  9.48515662E-41
 0.00000000E+00
 0.00000000E+00 -1.49524528E-50 -1.00881152E-46 -5.72666532E-43 -2.58194768E-39
-8.12428532E-36 -1.21149295E-32  2.29753345E-29  1.26502486E-25  6.51051011E-23
 1.31401277E-21  3.42113503E-21  5.92224637E-21  8.33265247E-21  1.06068245E-20
 1.29854112E-20  1.51482209E-20  1.68078470E-20  1.82291010E-20  1.90974254E-20
 1.98147305E-20  2.09554539E-20  2.17525659E-20  2.22425083E-20  2.20283522E-20
 2.23183555E-20  2.24767143E-20  2.25154093E-20  2.20250872E-20  2.15489871E-20
 2.11962815E-20  2.05545742E-20  1.78112692E-20  1.57220887E-20  1.15773876E-20
 3.70938386E-21 -8.21624231E-21 -2.52908722E-20 -4.28992765E-20 -6.89927079E-20
-8.74043980E-20 -8.72649796E-20 -5.55777414E-20 -2.23116666E-20 -6.84095533E-21
-2.10155565E-21 -6.76070025E-22 -2.27275302E-22 -7.92984254E-23 -2.99037855E-23
-1.18801491E-23 -4.90751615E-24 -2.13723121E-24 -9.67576206E-25 -4.54232606E-25
-2.19912544E-25 -1.11432520E-25 -5.76131019E-26 -2.97702848E-26 -1.54666801E-26
-7.92894527E-27 -4.05564559E-27 -1.99520443E-27 -1.21838447E-27 -1.03631485E-27
-1.13756214E-27 -1.30789590E-27 -1.43576917E-27 -1.50752704E-27 -1.33510828E-27
-8.12604806E-28 -3.27217148E-28 -2.20428830E-30 -1.69331523E-33 -7.07009636E-37
-2.06757594E-40 -4.64405643E-44 -8.48394728E-48 -1.30254463E-51 -1.72623215E-55
 0.00000000E+00
C2H5
 0.00000000E+00  9.13992641E-46  1.36819874E-41  1.90626155E-37  2.45837099E-33
 2.91561688E-29  3.15540445E-25  3.05605313E-21  2.19687826E-17  5.22141431E-14
 9.56596361E-12  8.15398744E-11  2.43265719E-10  5.22970221E-10  9.62601772E-10
 1.64329855E-09  2.73961544E-09  4.61825352E-09  8.02035517E-09  1.43828685E-08
 2.63372721E-08  4.84040136E-08  8.80317398E-08  1.57397160E-07  2.76123371E-07
 4.74112748E-07  7.93080169E-07  1.28239990E-06  1.98713715E-06  2.94865689E-06
 4.22085416E-06  5.88551726E-06  8.07215218E-06  1.09678593E-05  1.47958975E-05
 1.97204076E-05  2.58254716E-05  3.24031691E-05  3.75767206E-05  3.82048677E-05
 3.04593584E-05  1.64285889E-05  5.28708862E-06  1.02371395E-06  1.59184405E-07
 2.59767430E-08  4.73697738E-09  1.00297039E-09  2.53332306E-10  7.72676306E-11
 2.82173651E-11  1.20410779E-11  5.83954424E-12  3.14753342E-12  1.85731404E-12
 1.19093582E-12  8.22665446E-13  6.02976922E-13  4.60031696E-13  3.56640973E-13
 2.72854756E-13  1.99619389E-13  1.35446441E-13  8.28453659E-14  4.45268693E-14
 2.06227220E-14  8.08483956E-15  2.54460245E-15  6.15728468E-16  9.59945075E-17
 7.02146087E-18  6.50231949E-20  1.82732280E-23  1.77423202E-27  1.50014354E-31
 1.16573256E-35  8.38751327E-40  5.61858971E-44  3.52088945E-48  2.07257006E-52
 0.00000000E+00
 0.00000000E+00  2.45682549E-61  3.66852613E-57  5.12959714E-53  6.62521860E-49
 7.86871603E-45  8.59586773E-41  8.38690932E-37  6.06599667E-33  1.40573538E-29
 2.44677690E-27  1.80863191E-26  4.74884773E-26  8.77916112E-26  1.45001896E-25
 2.42391789E-25  4.22158574E-25  7.62153491E-25  1.43052865E-24  2.70145962E-24
 5.07515012E-24  9.43182969E-24  1.68881961E-23  2.88398276E-23  4.80292773E-23
 7.86138627E-23  1.23152786E-22  1.83760929E-22  2.68208380E-22  3.64695440E-22
 4.94411165E-22  6.34477923E-22  8.04822484E-22  1.20874538E-21  8.88609335E-22
 1.42957033E-21  1.56956567E-21  2.05231444E-21  2.52932461E-21 -1.55432092E-21
-4.47333460E-21 -3.87020838E-21 -2.02980717E-21 -4.65531968E-22 -8.06823645E-23
-1.31797051E-23 -2.38614817E-24 -4.73132143E-25 -1.07506207E-25 -2.80789485E-26
-8.61950916E-27 -3.09953145E-27 -1.23534808E-27 -5.39585197E-28 -2.51002365E-28
-1.23013692E-28 -6.40329952E-29 -3.42934032E-29 -2.11244611E-29 -1.52671795E-29
-1.47081185E-29 -1.48266202E-29 -1.40084782E-29 -1.17901272E-29 -8.17343301E-30
-4.60833822E-30 -2.07562611E-30 -7.31852395E-31 -1.99832615E-31 -4.48098008E-32
-9.27050216E-33 -7.70823988E-34 -2.39485266E-37 -2.40957491E-41 -2.10437079E-45
-1.68478361E-49 -1.24623506E-53 -8.56597027E-58 -5.49884695E-62 -3.31143245E-66
 0.00000000E+00
C2H6
 0.00000000E+00  1.81247052E-34  1.41708718E-30  9.60967785E-27  5.52068933E-23
 2.59945509E-19  9.54473047E-16  2.48983607E-12  3.30328127E-09  7.95553773E-07
 1.29561944E-05  3.55565110E-05  6.60851071E-05  1.05257224E-04  1.53080739E-04
 2.09005614E-04  2.72289669E-04  3.42168595E-04  4.17884632E-04  4.98708592E-04
 5.83929858E-04  6.72826744E-04  7.64663496E-04  8.58702450E-04  9.54053298E-04
 1.04947034E-03  1.14331771E-03  1.23302410E-03  1.31489064E-03  1.38544499E-03
 1.44133679E-03  1.47831452E-03  1.49105830E-03  1.47314369E-03  1.41737538E-03
 1.31738423E-03  1.16588059E-03  9.65516504E-04  7.31108575E-04  4.81715720E-04
 2.49553064E-04  9.34930152E-05  2.33087302E-05  3.93979807E-06  5.81405858E-07
 9.31209505E-08  1.65871113E-08  3.30672199E-09  7.38407347E-10  1.84836370E-10
 5.20322695E-11  1.65958577E-11  6.07630588E-12  2.60150283E-12  1.32835958E-12
 8.18709618E-13  5.98916613E-13  4.96635241E-13  4.42144442E-13  4.03448613E-13
 3.65983051E-13  3.25297157E-13  2.82511700E-13  2.40474080E-13  2.01167428E-13
 1.65048910E-13  1.31507427E-13  9.89177465E-14  6.78262610E-14  3.77299865E-14
 1.35264700E-14  1.41477963E-15  5.15921614E-18  3.16300847E-21  1.15563084E-24
 3.06575198E-28  6.38801933E-32  1.09591124E-35  1.59784124E-39  2.02531923E-43
 0.00000000E+00
 0.00000000E+00  3.41159926E-51  3.81394251E-47  3.54854988E-43  2.59121716E-39
 1.49373292E-35  6.76219473E-32  2.22758327E-28  3.57759520E-25  1.09178263E-22
 1.90174297E-21  4.94087915E-21  8.48340378E-21  1.19950505E-20  1.52642529E-20
 1.87323801E-20  2.16924948E-20  2.43440781E-20  2.61958061E-20  2.76839826E-20
 2.87686619E-20  2.97339939E-20  3.08062498E-20  3.07838076E-20  2.96402246E-20
 2.89688537E-20  2.79350962E-20  2.63204962E-20  2.29237914E-20  1.88506240E-20
 1.38455676E-20  7.25293982E-21 -1.42314257E-21 -1.25459367E-20 -2.60058862E-20
-4.07632322E-20 -5.72361378E-20 -6.85008691E-20 -7.27401052E-20 -7.37552757E-20
-5.60584032E-20 -2.93965220E-20 -9.60234532E-21 -1.88146891E-21 -2.96178286E-22
-4.80161210E-23 -8.53839857E-24 -1.63820227E-24 -3.43909799E-25 -8.04692633E-26
-2.08371151E-26 -5.85280413E-27 -1.81883418E-27 -6.07657401E-28 -2.12297739E-28
-7.02929519E-29 -1.48874506E-29  6.25991539E-30  1.22676506E-29  1.05577819E-29
 5.04672547E-30 -1.17774622E-30 -6.52935817E-30 -1.13946619E-29 -1.58810682E-29
-2.02569544E-29 -2.48687965E-29 -2.96035579E-29 -3.37639910E-29 -3.69029737E-29
-3.68804226E-29 -2.91559833E-29 -2.13534572E-31 -1.66931835E-34 -7.04625375E-38
-2.07115414E-41 -4.67268328E-45 -8.55356794E-49 -1.31727511E-52 -1.75068901E-56
 0.00000000E+00
HCCO
 0.00000000E+00  1.76800705E-70  7.92608570E-64  3.55177984E-57  1.58802749E-50
 6.99685445E-44  2.87160990E-37  9.20568142E-31  1.36857099E-24  3.77107417E-19
 1.04527729E-15  1.75348394E-14  8.78264787E-14  2.79468092E-13  6.93031586E-13
 1.46847411E-12  2.81001721E-12  5.04231783E-12  8.73121961E-12  1.50104015E-11
 2.65883414E-11  5.05876928E-11  1.04968728E-10  2.30499274E-10  5.13025325E-10
 1.13238039E-09  2.47937256E-09  5.40970083E-09  1.17322555E-08  2.52349186E-08
 5.38742998E-08  1.14055013E-07  2.38928538E-07  4.93606244E-07  9.99510021E-07
 1.96095597E-06  3.72677654E-06  6.68698285E-06  1.10679087E-05  1.67981110E-05
 2.30277316E-05  2.69904043E-05  2.51780934E-05  1.63050140E-05  7.42809836E-06
 2.88599515E-06  1.05377157E-06  3.80847644E-07  1.40018053E-07  5.31442219E-08
 2.09885348E-08  8.65543639E-09  3.72831527E-09  1.67347000E-09  7.78832154E-10
 3.75136077E-10  1.86141429E-10  9.39552661E-11  4.77028176E-11  2.42027018E-11
 1.21963538E-11  6.06270969E-12  2.95618698E-12  1.40585872E-12  6.46135959E-13
 2.82533765E-13  1.13941960E-13  3.89709148E-14  1.03995058E-14  1.63308600E-15
 9.95009331E-17  6.81607997E-19  9.12065326E-24  4.83161116E-30  1.20735226E-36
 2.21976112E-43  3.64287695E-50  5.79524033E-57  9.16295390E-64  1.44733312E-70
 0.00000000E+00
 0.00000000E+00 -2.32120936E-86 -1.01786976E-79 -4.61965168E-73 -2.06234484E-66
-8.83630558E-60 -3.09368005E-53 -5.27185154E-47  8.96071031E-41  1.28290443E-34
 4.10813741E-31  6.16871279E-30  2.83153541E-29  7.67238598E-29  1.64448287E-28
 3.16878734E-28  5.59766199E-28  9.46816303E-28  1.55947950E-27  2.79665735E-27
 5.24539201E-27  1.15299169E-26  2.70818034E-26  5.97407893E-26  1.31456671E-25
 2.80526566E-25  6.09076610E-25  1.31088549E-24  2.79541129E-24  5.93018564E-24
 1.27802186E-23  2.74861767E-23  5.63489193E-23  1.14205101E-22  2.22196259E-22
 4.07342429E-22  7.11743736E-22  1.11541633E-21  1.57077635E-21  1.80848546E-21
 1.49412390E-21  3.82202024E-22 -1.51645754E-21 -2.60961991E-21 -1.80332276E-21
-8.50361194E-22 -3.47630637E-22 -1.29927357E-22 -4.73120031E-23 -1.77450463E-23
-6.84588971E-24 -2.69944407E-24 -1.11177053E-24 -4.78775129E-25 -2.10264822E-25
-9.69538953E-26 -4.63394926E-26 -2.30776781E-26 -1.14754919E-26 -5.82657806E-27
-2.95635472E-27 -1.48461909E-27 -7.36575106E-28 -3.51077548E-28 -1.66800365E-28
-7.44737378E-29 -3.14556154E-29 -1.13394325E-29 -3.25758989E-30 -5.60758099E-31
-3.96798496E-32 -8.11790439E-34 -1.91821777E-38 -1.20080316E-44 -3.24712540E-51
-6.17783465E-58 -1.02494712E-64 -1.63518856E-71 -2.58530750E-78 -4.08591680E-85
 0.00000000E+00
CH2C
 0.00000000E+00  2.10389813E-35  1.64494100E-31  1.11548205E-27  6.40836243E-24
 3.01742216E-20  1.10794302E-16  2.89017747E-13  3.83441674E-10  9.23471396E-08
 1.50412781E-06  4.13035504E-06  7.68086091E-06  1.22412607E-05  1.78163535E-05
 2.43475624E-05  3.17557187E-05  3.99613257E-05  4.88886401E-05  5.84694130E-05
 6.86435459E-05  7.93582735E-05  9.05714293E-05  1.02257724E-04  1.14396512E-04
 1.26953683E-04  1.39886484E-04  1.53078229E-04  1.66297600E-04  1.79388616E-04
 1.92299459E-04  2.04942213E-04  2.17152487E-04  2.28634429E-04  2.38862327E-04
 2.46957524E-04  2.51748358E-04  2.51213073E-04  2.43099655E-04  2.24561560E-04
 1.91770192E-04  1.46186542E-04  9.45438030E-05  4.92436246E-05  2.22365002E-05
 9.86840613E-06  4.42902177E-06  2.03965967E-06  9.70826036E-07  4.79344779E-07
 2.45997402E-07  1.31380630E-07  7.30973376E-08  4.24109583E-08  2.56806796E-08
 1.62917589E-08  1.08483513E-08  7.55551872E-09  5.48470662E-09  4.13658389E-09
 3.22332019E-09  2.57524154E-09  2.09241516E-09  1.71427906E-09  1.40304572E-09
 1.13520029E-09  8.95314755E-10  6.67951910E-10  4.55083821E-10  2.51923724E-10
 9.00219658E-11  9.40337908E-12  3.42908046E-14  2.10229814E-17  7.68091706E-21
 2.03765648E-24  4.24580627E-28  7.28398989E-32  1.06200749E-35  1.34613135E-39
 0.00000000E+00
 0.00000000E+00 -5.02396533E-51 -3.53573937E-47 -2.09869606E-43 -1.03247886E-39
-3.96123801E-36 -1.01263288E-32 -1.28519653E-29  5.55136647E-27  9.69694918E-24
 2.29429297E-22  5.97865292E-22  1.04427362E-21  1.49026290E-21  1.92123310E-21
 2.36392180E-21  2.80063312E-21  3.15373570E-21  3.49167595E-21  3.74427978E-21
 4.02195646E-21  4.27015725E-21  4.53864635E-21  4.66281299E-21  4.80451823E-21
 4.98083648E-21  5.15036534E-21  5.24166895E-21  5.35054273E-21  5.36979603E-21
 5.50668645E-21  5.60962773E-21  5.50255145E-21  5.35729179E-21  4.88959929E-21
 4.15165404E-21  2.89366071E-21  8.31755608E-22 -9.41903074E-22 -5.52575976E-21
-9.56361545E-21 -1.27747211E-20 -1.24905364E-20 -8.97050741E-21 -4.74106712E-21
-2.30259568E-21 -1.08797262E-21 -5.04263983E-22 -2.31260559E-22 -1.11692484E-22
-5.50896749E-23 -2.76466016E-23 -1.43189404E-23 -7.65253005E-24 -4.15477060E-24
-2.31108572E-24 -1.32691011E-24 -7.75919318E-25 -4.67022295E-25 -2.84177585E-25
-1.78176862E-25 -1.15704990E-25 -7.69635168E-26 -5.65461077E-26 -4.43336016E-26
-3.88100513E-26 -3.47811394E-26 -3.18321019E-26 -2.75718273E-26 -2.02460190E-26
-8.70879001E-27 -9.73891750E-28 -3.51587021E-30 -2.08426401E-33 -7.49080118E-37
-1.94451381E-40 -4.12947190E-44 -7.00471680E-48 -1.00528752E-51 -1.26248412E-55
 0.00000000E+00
HCCO
 0.00000000E+00  1.33709608E-37  1.04541381E-33  7.08925330E-30  4.07272394E-26
 1.91767048E-22  7.04134031E-19  1.83680232E-15  2.43689726E-12  5.86896279E-10
 9.55922390E-09  2.62497100E-08  4.88141623E-08  7.77965394E-08  1.13227077E-07
 1.54733108E-07  2.01810928E-07  2.53954490E-07  3.10681134E-07  3.71554964E-07
 4.36190504E-07  5.04247872E-07  5.75457066E-07  6.49666484E-07  7.26779206E-07
 8.06658689E-07  8.89191928E-07  9.73917961E-07  1.05980373E-06  1.14651636E-06
 1.23478700E-06  1.32581345E-06  1.42147231E-06  1.52466859E-06  1.63960104E-06
 1.77160993E-06  1.93144902E-06  2.12580638E-06  2.35611569E-06  2.61424849E-06
 2.83520691E-06  2.78832040E-06  2.19536548E-06  1.20692782E-06  4.96392088E-07
 1.85078773E-07  6.70579267E-08  2.44683248E-08  9.16634252E-09  3.56691007E-09
 1.45363301E-09  6.24607296E-10  2.84735975E-10  1.38541430E-10  7.23687376E-11
 4.09599973E-11  2.52566304E-11  1.69200534E-11  1.22431235E-11  9.47193395E-12
 7.71052576E-12  6.48477442E-12  5.54208746E-12  4.74721132E-12  4.02903990E-12
 3.35280525E-12  2.70064419E-12  2.04685598E-12  1.41034144E-12  7.86882433E-13
 2.82572056E-13  2.95727305E-14  1.07841740E-16  6.61155352E-20  2.41558479E-23
 6.40826085E-27  1.33527090E-30  2.29075449E-34  3.33992559E-38  4.23347159E-42
 0.00000000E+00
 0.00000000E+00 -2.22559732E-53 -1.53586834E-49 -9.08843817E-46 -4.32430319E-42
-1.55553019E-38 -3.46011274E-35 -2.48668125E-32  8.40555345E-29  6.02772416E-26
 1.30141875E-24  3.37735354E-24  5.82385247E-24  8.13682246E-24  1.02769368E-23
 1.24177937E-23  1.44055172E-23  1.57987498E-23  1.68173676E-23  1.76010521E-23
 1.79074403E-23  1.85868978E-23  1.88235832E-23  1.89345980E-23  1.83533331E-23
 1.81570358E-23  1.79107638E-23  1.77676636E-23  1.72689324E-23  1.69891960E-23
 1.78906179E-23  1.84703840E-23  1.97681383E-23  2.12478308E-23  2.47135954E-23
 2.98630481E-23  3.79301296E-23  4.86294389E-23  6.53044131E-23  5.32269462E-23
 1.27005025E-23 -8.73778584E-23 -2.34648782E-22 -2.36388673E-22 -1.31773851E-22
-5.59576730E-23 -2.22774701E-23 -8.30853604E-24 -3.06318399E-24 -1.16248322E-24
-4.58637744E-25 -1.84216001E-25 -7.73978237E-26 -3.39804962E-26 -1.55082484E-26
-7.35926461E-27 -3.64758476E-27 -1.85172065E-27 -9.62103516E-28 -4.96354010E-28
-2.66272797E-28 -1.49437073E-28 -1.00661851E-28 -8.35468393E-29 -8.23712891E-29
-9.00202985E-29 -9.42500322E-29 -9.45679231E-29 -8.64282918E-29 -6.48720583E-29
-3.12617793E-29 -6.56647821E-30 -3.69798372E-32 -2.69582905E-35 -1.09598036E-38
-3.14737901E-42 -6.96640701E-46 -1.25567847E-49 -1.91273600E-53 -2.51825499E-57
 0.00000000E+00
AR  
 0.00000000E+00  0.00000000E+00  0.00000000E+00  0.00000000E+00  0.00000000E+00
 0.00000000E+00  0.00000000E+00  0.00000000E+00  0.00000000E+00  0.00000000E+00
 0.00000000E+00  0.00000000E+00  0.00000000E+00  0.00000000E+00  0.00000000E+00
 0.00000000E+00  0.00000000E+00  0.00000000E+00  0.00000000E+00  0.00000000E+00
 0.00000000E+00  0.00000000E+00  0.00000000E+00  0.00000000E+00  0.00000000E+00
 0.00000000E+00  0.00000000E+00  0.00000000E+00  0.00000000E+00  0.00000000E+00
 0.00000000E+00  0.00000000E+00  0.00000000E+00  0.00000000E+00  0.00000000E+00
 0.00000000E+00  0.00000000E+00  0.00000000E+00  0.00000000E+00  0.00000000E+00
 0.00000000E+00  0.00000000E+00  0.00000000E+00  0.00000000E+00  0.00000000E+00
 0.00000000E+00  0.00000000E+00  0.00000000E+00  0.00000000E+00  0.00000000E+00
 0.00000000E+00  0.00000000E+00  0.00000000E+00  0.00000000E+00  0.00000000E+00
 0.00000000E+00  0.00000000E+00  0.00000000E+00  0.00000000E+00  0.00000000E+00
 0.00000000E+00  0.00000000E+00  0.00000000E+00  0.00000000E+00  0.00000000E+00
 0.00000000E+00  0.00000000E+00  0.00000000E+00  0.00000000E+00  0.00000000E+00
 0.00000000E+00  0.00000000E+00  0.00000000E+00  0.00000000E+00  0.00000000E+00
 0.00000000E+00  0.00000000E+00  0.00000000E+00  0.00000000E+00  0.00000000E+00
 0.00000000E+00
 0.00000000E+00  0.00000000E+00  0.00000000E+00  0.00000000E+00  0.00000000E+00
 0.00000000E+00  0.00000000E+00  0.00000000E+00  0.00000000E+00  0.00000000E+00
 0.00000000E+00  0.00000000E+00  0.00000000E+00  0.00000000E+00  0.00000000E+00
 0.00000000E+00  0.00000000E+00  0.00000000E+00  0.00000000E+00  0.00000000E+00
 0.00000000E+00  0.00000000E+00  0.00000000E+00  0.00000000E+00  0.00000000E+00
 0.00000000E+00  0.00000000E+00  0.00000000E+00  0.00000000E+00  0.00000000E+00
 0.00000000E+00  0.00000000E+00  0.00000000E+00  0.00000000E+00  0.00000000E+00
 0.00000000E+00  0.00000000E+00  0.00000000E+00  0.00000000E+00  0.00000000E+00
 0.00000000E+00  0.00000000E+00  0.00000000E+00  0.00000000E+00  0.00000000E+00
 0.00000000E+00  0.00000000E+00  0.00000000E+00  0.00000000E+00  0.00000000E+00
 0.00000000E+00  0.00000000E+00  0.00000000E+00  0.00000000E+00  0.00000000E+00
 0.00000000E+00  0.00000000E+00  0.00000000E+00  0.00000000E+00  0.00000000E+00
 0.00000000E+00  0.00000000E+00  0.00000000E+00  0.00000000E+00  0.00000000E+00
 0.00000000E+00  0.00000000E+00  0.00000000E+00  0.00000000E+00  0.00000000E+00
 0.00000000E+00  0.00000000E+00  0.00000000E+00  0.00000000E+00  0.00000000E+00
 0.00000000E+00  0.00000000E+00  0.00000000E+00  0.00000000E+00  0.00000000E+00
 0.00000000E+00
H2  
 0.00000000E+00  1.80878389E-34  1.41420478E-30  9.59013146E-27  5.50946007E-23
 2.59416771E-19  9.52531618E-16  2.48477166E-12  3.29656229E-09  7.93935866E-07
 1.29314344E-05  3.55098291E-05  6.60343524E-05  1.05240857E-04  1.53170247E-04
 2.09318391E-04  2.73003879E-04  3.43542056E-04  4.20279603E-04  5.02625384E-04
 5.90053085E-04  6.82089297E-04  7.78337134E-04  8.78530533E-04  9.82437666E-04
 1.08972349E-03  1.20001692E-03  1.31238088E-03  1.42498075E-03  1.53670706E-03
 1.64747768E-03  1.75719727E-03  1.86567211E-03  1.97252729E-03  2.07686758E-03
 2.17662742E-03  2.27075932E-03  2.35231345E-03  2.41158984E-03  2.43460872E-03
 2.39036221E-03  2.23341819E-03  1.93192757E-03  1.52073793E-03  1.14516820E-03
 8.79111747E-04  6.91116469E-04  5.52973270E-04  4.47208652E-04  3.63814987E-04
 2.96975519E-04  2.43103985E-04  1.99789503E-04  1.65229952E-04  1.37916163E-04
 1.16656262E-04  1.00208697E-04  8.72611188E-05  7.67591564E-05  6.79246785E-05
 6.01786670E-05  5.31275506E-05  4.65461231E-05  4.03126666E-05  3.43523055E-05
 2.86164576E-05  2.30511060E-05  1.74675377E-05  1.20337307E-05  6.71345433E-06
 2.41071861E-06  2.52291530E-07  9.20021802E-10  5.64046295E-13  2.06078896E-16
 5.46702946E-20  1.13914922E-23  1.95429346E-27  2.84936460E-31  3.61166851E-35
 0.00000000E+00
 0.00000000E+00 -2.24690521E-50 -1.55825645E-46 -8.67471399E-43 -3.93856599E-39
-1.28315689E-35 -1.99854424E-32  2.73124648E-29  1.74208493E-25  9.03156916E-23
 1.84562647E-21  4.75725754E-21  8.27530852E-21  1.16139678E-20  1.47310682E-20
 1.80756017E-20  2.10450188E-20  2.36935613E-20  2.55081394E-20  2.69235893E-20
 2.80287945E-20  2.92343227E-20  3.08966373E-20  3.08474238E-20  3.03271734E-20
 3.14405203E-20  3.13095613E-20  3.05933942E-20  3.15572159E-20  3.10637022E-20
 3.13165999E-20  3.07225840E-20  3.04748048E-20  2.89112221E-20  2.78538011E-20
 2.59849984E-20  2.08911612E-20  1.52828276E-20  1.62669774E-20 -9.61403858E-21
-3.53645097E-20 -6.89759663E-20 -1.00333719E-19 -1.06590066E-19 -8.97979431E-20
-7.06999347E-20 -5.56815621E-20 -4.38265024E-20 -3.53113179E-20 -2.89066918E-20
-2.37844276E-20 -1.93955998E-20 -1.56472833E-20 -1.25400686E-20 -9.74482632E-21
-7.53831250E-21 -5.83808563E-21 -4.57850364E-21 -3.70813608E-21 -3.13143744E-21
-2.77339123E-21 -2.51712778E-21 -2.29598437E-21 -2.12243514E-21 -1.99474788E-21
-1.83671112E-21 -1.66944115E-21 -1.46125071E-21 -1.18380423E-21 -7.98019822E-22
-3.43724339E-22 -5.34299931E-23 -2.59527107E-25 -1.78661391E-28 -7.10311477E-32
-2.00437037E-35 -4.37251894E-39 -7.77920620E-43 -1.17685429E-46 -1.53503614E-50
 0.00000000E+00
C3H7
 0.00000000E+00  3.66810702E-39  2.86792385E-35  1.94482209E-31  1.11728600E-27
 5.26081911E-24  1.93167794E-20  5.03897041E-17  6.68523405E-14  1.61011194E-11
 2.65520215E-10  7.70505929E-10  1.49376718E-09  2.47583678E-09  3.74845859E-09
 5.33135240E-09  7.23321414E-09  9.44293804E-09  1.19054093E-08  1.44779690E-08
 1.68637009E-08  1.85462833E-08  1.88314387E-08  1.71851938E-08  1.38620096E-08
 1.00920273E-08  7.10395200E-09  5.20811393E-09  4.10008537E-09  3.44462485E-09
 3.04908970E-09  2.82087196E-09  2.71973297E-09  2.74165813E-09  2.92303787E-09
 3.35642605E-09  4.22720159E-09  5.72154126E-09  7.69417043E-09  9.12247628E-09
 7.82098310E-09  3.69619190E-09  7.72847007E-10  7.38651095E-11  5.07440209E-12
 3.68948238E-13  3.20487165E-14  3.55190081E-15  5.04379867E-16  8.85262024E-17
 1.85049584E-17  4.51063596E-18  1.27294262E-18  4.16345981E-19  1.58656155E-19
 7.12471065E-20  3.79040637E-20  2.37502088E-20  1.73523077E-20  1.44822885E-20
 1.32374070E-20  1.23785056E-20  1.09166861E-20  8.53134039E-21  5.77300631E-21
 3.39386247E-21  1.74007031E-21  7.53606535E-22  2.69997625E-22  7.05967974E-23
 1.13489270E-23  7.18124148E-25  2.61502294E-27  1.60321575E-30  5.85747898E-34
 1.55391992E-37  3.23785829E-41  5.55478172E-45  8.09888520E-49  1.02656180E-52
 0.00000000E+00
 0.00000000E+00  6.71292362E-55  5.26326397E-51  3.46797179E-47  1.96523219E-43
 9.15072096E-40  3.31473811E-36  8.52353991E-33  1.07651641E-29  2.49728310E-27
 3.73954259E-26  1.06128741E-25  1.98660931E-25  2.99442078E-25  4.10279257E-25
 5.43099059E-25  6.82126581E-25  8.01741723E-25  8.90273184E-25  8.89115928E-25
 7.70905404E-25  4.59102339E-25 -9.51191942E-26 -5.43654347E-25 -1.03929490E-24
-1.01296378E-24 -6.85249033E-25 -4.64888728E-25 -4.26025629E-25 -4.52426971E-25
-1.11966446E-26 -7.17521790E-26 -7.75684106E-26  5.35967805E-26  8.33399649E-26
 7.35868686E-26  5.07567355E-25  8.96373142E-25  7.18300249E-25  2.15583170E-26
-1.50772050E-24 -1.22574784E-24 -4.40672489E-25 -4.74096211E-26 -3.34166705E-27
-2.63284395E-28 -2.40107147E-29 -2.52698054E-30 -2.94158721E-31 -4.75295571E-32
-8.55961634E-33 -2.04334448E-33 -5.02772835E-34 -1.21350006E-34 -4.41150432E-35
-1.46162332E-35 -5.67564839E-36 -1.31992024E-36 -1.09280114E-37  3.06258406E-37
 5.97688463E-37  6.00260780E-37  3.09112868E-37 -1.88646006E-37 -4.25137449E-37
-4.01196313E-37 -2.66179807E-37 -1.39943874E-37 -6.02927727E-38 -2.20949855E-38
-8.33360187E-39 -4.31262822E-39 -3.40774420E-41 -2.71738319E-44 -1.15955934E-47
-3.43454798E-51 -7.79288459E-55 -1.43307506E-58 -2.21536359E-62 -2.95405026E-66
 0.00000000E+00
C3H8
 0.00000000E+00  5.48735295E-40  4.29030837E-36  2.90938211E-32  1.67141863E-28
 7.86999111E-25  2.88971881E-21  7.53811324E-18  1.00008621E-14  2.40857102E-12
 3.91640438E-11  1.06740444E-10  1.97370389E-10  3.12897600E-10  4.53020776E-10
 6.15829030E-10  7.98920380E-10  9.99898271E-10  1.21640958E-09  1.44606894E-09
 1.68609493E-09  1.93263692E-09  2.18019457E-09  2.42182432E-09  2.65022603E-09
 2.85948063E-09  3.04614918E-09  3.20735531E-09  3.33932698E-09  3.43921191E-09
 3.50454869E-09  3.53193607E-09  3.51725641E-09  3.45597432E-09  3.34362247E-09
 3.17677415E-09  2.94552627E-09  2.63949610E-09  2.23611130E-09  1.68876634E-09
 9.87918906E-10  3.74944272E-10  8.13316723E-11  1.11079637E-11  1.33435771E-12
 1.78579820E-13  2.72251845E-14  4.73669179E-15  9.36780267E-16  2.09637831E-16
 5.28909768E-17  1.50088839E-17  4.78517209E-18  1.71402558E-18  6.90467118E-19
 3.14668243E-19  1.62530979E-19  9.44793935E-20  6.12375489E-20  4.36456247E-20
 3.34762093E-20  2.69513905E-20  2.22681090E-20  1.85541119E-20  1.53947193E-20
 1.25882345E-20  1.00116866E-20  7.52107437E-21  5.15240140E-21  2.86433535E-21
 1.02648060E-21  1.07346963E-22  3.91457438E-25  2.39994441E-28  8.76839185E-32
 2.32615069E-35  4.84693336E-39  8.31526720E-43  1.21236797E-46  1.53671848E-50
 0.00000000E+00
 0.00000000E+00 -6.38795639E-55 -4.66816059E-51 -2.93416932E-47 -1.52944919E-43
-6.39007872E-40 -1.99083606E-36 -4.08472240E-33 -3.42489297E-30 -1.19055161E-28
 4.97706914E-27  1.38650991E-26  2.43789317E-26  3.45362048E-26  4.35845735E-26
 5.33559368E-26  6.16734285E-26  6.84130744E-26  7.33831009E-26  7.54670372E-26
 7.73544160E-26  7.90967718E-26  7.74631864E-26  7.17234898E-26  6.26383541E-26
 5.47094418E-26  4.45614216E-26  3.16583883E-26  2.16116448E-26  9.64970378E-27
 2.63617390E-27 -9.14269917E-27 -2.27680864E-26 -3.49881427E-26 -4.79725567E-26
-6.22239615E-26 -7.39485188E-26 -9.24857086E-26 -1.34208523E-25 -2.05174608E-25
-2.32372667E-25 -1.36276760E-25 -4.01019145E-26 -6.22399479E-27 -7.78545917E-28
-1.03730809E-28 -1.56372148E-29 -2.60271369E-30 -4.82998241E-31 -1.01203250E-31
-2.34900901E-32 -6.03655956E-33 -1.71659353E-33 -5.33997075E-34 -1.81178486E-34
-6.62658654E-35 -2.61184387E-35 -1.05780163E-35 -4.19852995E-36 -1.57344862E-36
-6.27368244E-37 -4.34035257E-37 -6.60592336E-37 -1.08138619E-36 -1.62555099E-36
-2.21432854E-36 -2.82856724E-36 -3.45368777E-36 -4.04683000E-36 -4.52442667E-36
-4.63519893E-36 -3.72544575E-36 -2.73348107E-38 -2.13788346E-41 -9.02582283E-45
-2.65341811E-48 -5.98685382E-52 -1.09600641E-55 -1.68800999E-59 -2.24351375E-63
 0.00000000E+00
CH2C
 0.00000000E+00  5.29622577E-60  1.34464533E-54  3.39994990E-49  8.56157280E-44
 2.14705504E-38  5.36130198E-33  1.31679448E-27  2.52369544E-22  8.92150653E-18
 4.59782681E-15  9.16538614E-14  6.91846162E-13  3.68345511E-12  1.70889115E-11
 7.27482013E-11  2.77177760E-10  9.18908268E-10  2.62579854E-09  6.47765876E-09
 1.38539357E-08  2.58082885E-08  4.21400567E-08  6.07982505E-08  7.81381207E-08
 9.02058224E-08  9.49344522E-08  9.40807025E-08  9.27437581E-08  9.59722700E-08
 1.06732893E-07  1.26714354E-07  1.57651446E-07  2.02016242E-07  2.63283891E-07
 3.45935425E-07  4.58274381E-07  6.06522503E-07  7.90859386E-07  9.99446303E-07
 1.17794261E-06  1.19039865E-06  9.31309964E-07  5.16958253E-07  2.19205429E-07
 8.47641740E-08  3.23894924E-08  1.27112122E-08  5.21482810E-09  2.25595780E-09
 1.03456255E-09  5.05223819E-10  2.64041120E-10  1.48524610E-10  9.04448089E-11
 6.00375456E-11  4.34450436E-11  3.38975022E-11  2.79830105E-11  2.37860848E-11
 2.01284528E-11  1.63658655E-11  1.23600438E-11  8.39931469E-12  4.97933020E-12
 2.49558833E-12  1.01448441E-12  3.03279720E-13  5.98325371E-14  5.89094563E-15
 2.10223118E-16  1.01461901E-18  1.97694227E-23  6.22163830E-29  1.73176444E-34
 4.78533705E-40  1.31844749E-45  3.62228081E-51  9.92371856E-57  2.71108571E-62
 0.00000000E+00
 0.00000000E+00  1.33045318E-75  3.37350624E-70  8.48999028E-65  2.13945075E-59
 5.32068440E-54  1.34549670E-48  3.39939900E-43  6.58343317E-38  2.52148272E-33
 1.65605470E-30  3.64911589E-29  2.87568412E-28  1.51065633E-27  7.08548588E-27
 3.02402448E-26  1.09241424E-25  3.28666338E-25  8.30389736E-25  1.74879906E-24
 3.13830142E-24  4.84817678E-24  6.17791625E-24  6.27433274E-24  5.05687794E-24
 2.62277464E-24  7.18045059E-26 -1.03408947E-26  2.44365221E-24  6.02018186E-24
 7.90568153E-24  1.18375485E-23  1.83301111E-23  2.26016848E-23  2.50825675E-23
 3.04731841E-23  3.69573517E-23  4.23679401E-23  7.65526529E-23  9.73153144E-25
-1.36510571E-24 -9.33456994E-23 -1.04671783E-22 -9.64803523E-23 -6.24173002E-23
-2.65367568E-23 -8.13728961E-24 -3.27489730E-24 -1.64828437E-24 -5.71385712E-25
-2.52878668E-25 -1.14305094E-25 -5.29283882E-26 -2.03084413E-26 -1.01967390E-26
-7.49075224E-27 -2.52385457E-27 -1.45835588E-27 -4.83340867E-28 -3.49884237E-28
-5.48856169E-28 -7.50891246E-28 -9.71623932E-28 -9.90837938E-28 -8.24060073E-28
-5.32824212E-28 -2.67506121E-28 -9.47447268E-29 -2.07456904E-29 -2.09783633E-30
-6.76835149E-32 -6.03948662E-34 -1.71025061E-38 -5.57083653E-44 -1.55718329E-49
-4.30007131E-55 -1.18483571E-60 -3.26013158E-66 -8.96069227E-72 -2.44690278E-77
 0.00000000E+00
CH3C
 0.00000000E+00  1.59802410E-36  1.24942141E-32  8.47268780E-29  4.86749689E-25
 2.29189487E-21  8.41542481E-18  2.19524567E-14  2.91244632E-11  7.01426332E-09
 1.14246741E-07  3.13740594E-07  5.83477295E-07  9.29988001E-07  1.35366737E-06
 1.85009030E-06  2.41325855E-06  3.03713974E-06  3.71597542E-06  4.44455733E-06
 5.21825670E-06  6.03293158E-06  6.88516195E-06  7.77277523E-06  8.69405267E-06
 9.64658881E-06  1.06279991E-05  1.16313668E-05  1.26423962E-05  1.36540249E-05
 1.46695724E-05  1.56939093E-05  1.67330977E-05  1.77936619E-05  1.88779112E-05
 1.99717917E-05  2.10575930E-05  2.20073294E-05  2.25683078E-05  2.22772352E-05
 2.02057425E-05  1.55432543E-05  9.11972001E-06  3.81477159E-06  1.30081683E-06
 4.35777914E-07  1.50391387E-07  5.45294075E-08  2.09124357E-08  8.49482715E-09
 3.65344644E-09  1.66251576E-09  8.00307913E-10  4.07737709E-10  2.20060859E-10
 1.26433377E-10  7.74918958E-11  5.04076959E-11  3.45723492E-11  2.48099147E-11
 1.84311633E-11  1.40081865E-11  1.07807373E-11  8.32933120E-12  6.40869214E-12
 4.86761369E-12  3.60227680E-12  2.51654961E-12  1.60296336E-12  8.25298236E-13
 2.73996496E-13  2.74737751E-14  1.00177954E-16  6.14170252E-20  2.24392091E-23
 5.95285687E-27  1.24037969E-30  2.12796169E-34  3.10257330E-38  3.93261932E-42
 0.00000000E+00
 0.00000000E+00  1.26516899E-52  1.02956770E-48  7.23223799E-45  4.48480086E-41
 2.28045688E-37  9.07003047E-34  2.60104181E-30  3.79615221E-27  1.02969363E-24
 1.66264030E-23  4.20072487E-23  7.26600152E-23  1.01681414E-22  1.28404024E-22
 1.56801299E-22  1.82089296E-22  2.01160390E-22  2.14291633E-22  2.26418371E-22
 2.32835047E-22  2.42034724E-22  2.53056856E-22  2.50403356E-22  2.45944272E-22
 2.47228686E-22  2.47333210E-22  2.45757735E-22  2.38674675E-22  2.34336261E-22
 2.40652936E-22  2.49687581E-22  2.38823939E-22  2.37287882E-22  2.35752724E-22
 2.43092977E-22  2.08380588E-22  1.52418379E-22  4.39422363E-23 -5.28332243E-22
-1.23881375E-21 -1.74645259E-21 -1.74931901E-21 -9.93097729E-22 -3.96071985E-22
-1.40930186E-22 -4.96995198E-23 -1.77040455E-23 -6.51496033E-24 -2.53726280E-24
-1.03699579E-24 -4.40508706E-25 -1.95111606E-25 -8.99171032E-26 -4.29614531E-26
-2.12506254E-26 -1.09260410E-26 -5.85713434E-27 -3.21341911E-27 -1.83440247E-27
-1.11090764E-27 -7.08763186E-28 -4.66531787E-28 -3.23000208E-28 -2.44266212E-28
-1.86446330E-28 -1.49843465E-28 -1.18090352E-28 -9.09699392E-29 -5.93186144E-29
-2.58285056E-29 -6.71355311E-30 -4.36098957E-32 -3.32379151E-35 -1.38643567E-38
-4.04289155E-42 -9.08473905E-46 -1.65286370E-49 -2.54416904E-53 -3.37552106E-57
 0.00000000E+00
<    
