>DATA
> TIME (S)  1.000E+03     1.000000000000000000E+03
> GRIDS:           81> NPDE             42
> PSI      
 0.000000000000000000E+00   4.599999999999994718E-03   9.199999999999892292E-03
 1.379999999999960598E-02   1.839999999992511862E-02   2.299999990361023539E-02
 2.759993213027988820E-02   3.218545262895845804E-02   3.636830160303300419E-02
 3.854888648089600800E-02   3.892616535795868915E-02   3.900749459612426473E-02
 3.905594510207472531E-02   3.909337259743837778E-02   3.912530799284798244E-02
 3.915399502887782768E-02   3.918059701947052692E-02   3.920578455685003183E-02
 3.922998515749782228E-02   3.925349271030937476E-02   3.927652149024325051E-02
 3.929923417203737279E-02   3.932176291754963665E-02   3.934423463086837019E-02
 3.936677435715381368E-02   3.938947580229466144E-02   3.941240220357826451E-02
 3.943540422225163405E-02   3.945826469119018132E-02   3.948100520788215551E-02
 3.950372725400379259E-02   3.952652332659620238E-02   3.954947991908795007E-02
 3.957268301623768914E-02   3.959626633531676543E-02   3.962000669263155556E-02
 3.964402887010665122E-02   3.966880531925422865E-02   3.969420532762978071E-02
 3.972000085695825272E-02   3.974753935188791304E-02   3.977711704797320946E-02
 3.980852048545757693E-02   3.984128200053339147E-02   3.987337071488569751E-02
 3.990236810180924215E-02   3.992896025918857977E-02   3.995387370752599004E-02
 3.997759648995563575E-02   4.000047343716336967E-02   4.002276085814924361E-02
 4.004465981089257165E-02   4.006633598824636822E-02   4.008793793723579996E-02
 4.010957103861260975E-02   4.013122539125819899E-02   4.015286793959281508E-02
 4.017461272552697027E-02   4.019657149770174132E-02   4.021869690719070273E-02
 4.024102525460078461E-02   4.026377093684409270E-02   4.028717413319496399E-02
 4.031151981980497789E-02   4.033718925751841183E-02   4.036477864925409886E-02
 4.039549500242894248E-02   4.043142814407472280E-02   4.047649559584667184E-02
 4.054339957510743470E-02   4.066447467441402369E-02   4.103485819877891044E-02
 4.332601214265725809E-02   4.780187931917866118E-02   5.240000342755562340E-02
 5.700000000302752473E-02   6.160000000000249304E-02   6.620000000000041129E-02
 7.080000000000015448E-02   7.539999999999998093E-02   8.000000000000000167E-02
  r(
 0.00000000E+00  4.60000000E-03  9.20000000E-03  1.38000000E-02  1.84000000E-02
 2.29999999E-02  2.75999321E-02  3.21854526E-02  3.63683016E-02  3.85488865E-02
 3.89261654E-02  3.90074946E-02  3.90559451E-02  3.90933726E-02  3.91253080E-02
 3.91539950E-02  3.91805970E-02  3.92057846E-02  3.92299852E-02  3.92534927E-02
 3.92765215E-02  3.92992342E-02  3.93217629E-02  3.93442346E-02  3.93667744E-02
 3.93894758E-02  3.94124022E-02  3.94354042E-02  3.94582647E-02  3.94810052E-02
 3.95037273E-02  3.95265233E-02  3.95494799E-02  3.95726830E-02  3.95962663E-02
 3.96200067E-02  3.96440289E-02  3.96688053E-02  3.96942053E-02  3.97200009E-02
 3.97475394E-02  3.97771170E-02  3.98085205E-02  3.98412820E-02  3.98733707E-02
 3.99023681E-02  3.99289603E-02  3.99538737E-02  3.99775965E-02  4.00004734E-02
 4.00227609E-02  4.00446598E-02  4.00663360E-02  4.00879379E-02  4.01095710E-02
 4.01312254E-02  4.01528679E-02  4.01746127E-02  4.01965715E-02  4.02186969E-02
 4.02410253E-02  4.02637709E-02  4.02871741E-02  4.03115198E-02  4.03371893E-02
 4.03647786E-02  4.03954950E-02  4.04314281E-02  4.04764956E-02  4.05433996E-02
 4.06644747E-02  4.10348582E-02  4.33260121E-02  4.78018793E-02  5.24000034E-02
 5.70000000E-02  6.16000000E-02  6.62000000E-02  7.08000000E-02  7.54000000E-02
 8.00000000E-02
 0.00000000E+00  0.00000000E+00  0.00000000E+00  0.00000000E+00  0.00000000E+00
 0.00000000E+00  0.00000000E+00  0.00000000E+00  0.00000000E+00  0.00000000E+00
 0.00000000E+00  0.00000000E+00  0.00000000E+00  0.00000000E+00  0.00000000E+00
 0.00000000E+00  0.00000000E+00  0.00000000E+00  0.00000000E+00  0.00000000E+00
 0.00000000E+00  0.00000000E+00  0.00000000E+00  0.00000000E+00  0.00000000E+00
 0.00000000E+00  0.00000000E+00  0.00000000E+00  0.00000000E+00  0.00000000E+00
 0.00000000E+00  0.00000000E+00  0.00000000E+00  0.00000000E+00  0.00000000E+00
 0.00000000E+00  0.00000000E+00  0.00000000E+00  0.00000000E+00  0.00000000E+00
 0.00000000E+00  0.00000000E+00  0.00000000E+00  0.00000000E+00  0.00000000E+00
 0.00000000E+00  0.00000000E+00  0.00000000E+00  0.00000000E+00  0.00000000E+00
 0.00000000E+00  0.00000000E+00  0.00000000E+00  0.00000000E+00  0.00000000E+00
 0.00000000E+00  0.00000000E+00  0.00000000E+00  0.00000000E+00  0.00000000E+00
 0.00000000E+00  0.00000000E+00  0.00000000E+00  0.00000000E+00  0.00000000E+00
 0.00000000E+00  0.00000000E+00  0.00000000E+00  0.00000000E+00  0.00000000E+00
 0.00000000E+00  0.00000000E+00  0.00000000E+00  0.00000000E+00  0.00000000E+00
 0.00000000E+00  0.00000000E+00  0.00000000E+00  0.00000000E+00  0.00000000E+00
 0.00000000E+00
  J 
-3.78000000E+05 -3.78000000E+05 -3.78000000E+05 -3.78000000E+05 -3.78000000E+05
-3.78000000E+05 -3.78000000E+05 -3.78000000E+05 -3.78000000E+05 -3.78000000E+05
-3.78000000E+05 -3.78000000E+05 -3.78000000E+05 -3.78000000E+05 -3.78000000E+05
-3.78000000E+05 -3.78000000E+05 -3.78000000E+05 -3.78000000E+05 -3.78000000E+05
-3.78000000E+05 -3.78000000E+05 -3.78000000E+05 -3.78000000E+05 -3.78000000E+05
-3.78000000E+05 -3.78000000E+05 -3.78000000E+05 -3.78000000E+05 -3.78000000E+05
-3.78000000E+05 -3.78000000E+05 -3.78000000E+05 -3.78000000E+05 -3.78000000E+05
-3.78000000E+05 -3.78000000E+05 -3.78000000E+05 -3.78000000E+05 -3.78000000E+05
-3.78000000E+05 -3.78000000E+05 -3.78000000E+05 -3.78000000E+05 -3.78000000E+05
-3.78000000E+05 -3.78000000E+05 -3.78000000E+05 -3.78000000E+05 -3.78000000E+05
-3.78000000E+05 -3.78000000E+05 -3.78000000E+05 -3.78000000E+05 -3.78000000E+05
-3.78000000E+05 -3.78000000E+05 -3.78000000E+05 -3.78000000E+05 -3.78000000E+05
-3.78000000E+05 -3.78000000E+05 -3.78000000E+05 -3.78000000E+05 -3.78000000E+05
-3.78000000E+05 -3.78000000E+05 -3.78000000E+05 -3.78000000E+05 -3.78000000E+05
-3.78000000E+05 -3.78000000E+05 -3.78000000E+05 -3.78000000E+05 -3.78000000E+05
-3.78000000E+05 -3.78000000E+05 -3.78000000E+05 -3.78000000E+05 -3.78000000E+05
-3.78000000E+05
 0.00000000E+00  0.00000000E+00  0.00000000E+00  0.00000000E+00  0.00000000E+00
 0.00000000E+00  0.00000000E+00  0.00000000E+00  0.00000000E+00  0.00000000E+00
 0.00000000E+00  0.00000000E+00  0.00000000E+00  0.00000000E+00  0.00000000E+00
 0.00000000E+00  0.00000000E+00  0.00000000E+00  0.00000000E+00  0.00000000E+00
 0.00000000E+00  0.00000000E+00  0.00000000E+00  0.00000000E+00  0.00000000E+00
 0.00000000E+00  0.00000000E+00  0.00000000E+00  0.00000000E+00  0.00000000E+00
 0.00000000E+00  0.00000000E+00  0.00000000E+00  0.00000000E+00  0.00000000E+00
 0.00000000E+00  0.00000000E+00  0.00000000E+00  0.00000000E+00  0.00000000E+00
 0.00000000E+00  0.00000000E+00  0.00000000E+00  0.00000000E+00  0.00000000E+00
 0.00000000E+00  0.00000000E+00  0.00000000E+00  0.00000000E+00  0.00000000E+00
 0.00000000E+00  0.00000000E+00  0.00000000E+00  0.00000000E+00  0.00000000E+00
 0.00000000E+00  0.00000000E+00  0.00000000E+00  0.00000000E+00  0.00000000E+00
 0.00000000E+00  0.00000000E+00  0.00000000E+00  0.00000000E+00  0.00000000E+00
 0.00000000E+00  0.00000000E+00  0.00000000E+00  0.00000000E+00  0.00000000E+00
 0.00000000E+00  0.00000000E+00  0.00000000E+00  0.00000000E+00  0.00000000E+00
 0.00000000E+00  0.00000000E+00  0.00000000E+00  0.00000000E+00  0.00000000E+00
 0.00000000E+00
   G
 6.04139461E+02  6.04139461E+02  6.04139461E+02  6.04139461E+02  6.04139461E+02
 6.04139461E+02  6.04139461E+02  6.04139466E+02  6.04147088E+02  6.06175914E+02
 6.19584655E+02  6.31740219E+02  6.45455827E+02  6.61095162E+02  6.78482206E+02
 6.97331152E+02  7.17362784E+02  7.38309844E+02  7.59929676E+02  7.82005874E+02
 8.04345344E+02  8.26772770E+02  8.49130361E+02  8.71288505E+02  8.93137262E+02
 9.14548168E+02  9.35371295E+02  9.55282240E+02  9.73949300E+02  9.91286828E+02
 1.00728346E+03  1.02191888E+03  1.03516329E+03  1.04697817E+03  1.05733320E+03
 1.06605232E+03  1.07312539E+03  1.07858045E+03  1.08225017E+03  1.08401906E+03
 1.08377838E+03  1.08113379E+03  1.07569416E+03  1.06720687E+03  1.05618948E+03
 1.04400810E+03  1.03104760E+03  1.01741450E+03  1.00315128E+03  9.88268772E+02
 9.72760417E+02  9.56608619E+02  9.39788460E+02  9.22265732E+02  9.04028140E+02
 8.85161202E+02  8.65783041E+02  8.45890324E+02  8.25489835E+02  8.04755033E+02
 7.83806533E+02  7.62627689E+02  7.41225955E+02  7.19644160E+02  6.97958845E+02
 6.76259189E+02  6.54519257E+02  6.32836160E+02  6.11694347E+02  5.91305360E+02
 5.74865793E+02  5.65359588E+02  5.63999002E+02  5.63994346E+02  5.63994344E+02
 5.63994344E+02  5.63994344E+02  5.63994344E+02  5.63994344E+02  5.63994344E+02
 5.63994344E+02
 1.93271415E-16  1.93271415E-16  1.93277964E-16  2.22791205E-16  2.17464820E-16
 1.49721206E-16  2.07804167E-16  2.15001606E-16  1.19808577E-16 -4.18063280E-16
-2.56012173E-15 -3.96290702E-15 -5.08376990E-15 -6.66561382E-15 -8.01012757E-15
-8.84335356E-15 -9.18759351E-15 -1.01799483E-14 -1.03281878E-14 -1.05185698E-14
-1.04745943E-14 -1.11732455E-14 -1.05816067E-14 -1.10052763E-14 -1.05770471E-14
-1.02639687E-14 -9.54254342E-15 -8.89452776E-15 -8.11251526E-15 -8.11568132E-15
-7.17257910E-15 -7.09957930E-15 -6.24486937E-15 -5.03958221E-15 -5.17461305E-15
-4.57786807E-15 -3.67080171E-15 -2.06939666E-15 -1.79110853E-15 -1.18904924E-15
-1.76693379E-17 -2.37089828E-16  2.44618016E-16  1.60746174E-15  1.94827407E-15
 3.40695209E-15  4.43599270E-15  4.72857433E-15  5.38668523E-15  5.45833281E-15
 6.15018200E-15  6.23222150E-15  7.00526392E-15  7.11106576E-15  7.72049489E-15
 7.66336429E-15  8.05217713E-15  8.46988951E-15  8.60945260E-15  8.70805972E-15
 8.59757457E-15  8.54266131E-15  8.57663426E-15  8.64895567E-15  8.05640072E-15
 7.80771118E-15  6.53731685E-15  6.25395684E-15  4.69016467E-15  3.14963070E-15
 1.52164402E-15  1.40349748E-16 -2.52420004E-17 -5.63164778E-17 -5.89697836E-17
-9.94943367E-17  1.89357603E-16  1.85607018E-16  1.81818278E-16  1.78029527E-16
 1.74240775E-16
 v(m
 4.75059176E+01  4.19478345E+01  3.63897515E+01  3.08316685E+01  2.52735854E+01
 1.97155025E+01  1.41575013E+01  8.61691380E+00  3.56306346E+00  9.47645977E-01
 5.47256769E-01  4.88058555E-01  4.67274719E-01  4.59924433E-01  4.58828270E-01
 4.60604089E-01  4.63315981E-01  4.65747220E-01  4.67091070E-01  4.66791591E-01
 4.64451131E-01  4.59773599E-01  4.52527705E-01  4.42515058E-01  4.29545587E-01
 4.13443040E-01  3.94054202E-01  3.71446055E-01  3.45879315E-01  3.17451703E-01
 2.86157440E-01  2.51971464E-01  2.14851669E-01  1.74735848E-01  1.31457169E-01
 8.55188017E-02  3.68276567E-02 -1.54491683E-02 -7.08781648E-02 -1.28591615E-01
-1.90907078E-01 -2.57094728E-01 -3.24157615E-01 -3.88501883E-01 -4.45625855E-01
-4.92608572E-01 -5.31962952E-01 -5.65508472E-01 -5.94288928E-01 -6.18932827E-01
-6.39825926E-01 -6.57200568E-01 -6.71184552E-01 -6.81833167E-01 -6.89135378E-01
-6.93043026E-01 -6.93567286E-01 -6.90776138E-01 -6.84745274E-01 -6.75649128E-01
-6.63734046E-01 -6.49210512E-01 -6.32307644E-01 -6.13319972E-01 -5.92672560E-01
-5.71018812E-01 -5.49362951E-01 -5.29929285E-01 -5.18131314E-01 -5.29038429E-01
-6.10534902E-01 -9.96544871E-01 -3.57526047E+00 -8.62391736E+00 -1.38105492E+01
-1.89992933E+01 -2.41880413E+01 -2.93767893E+01 -3.45655372E+01 -3.97542852E+01
-4.49430331E+01
 0.00000000E+00 -1.39353812E-17  4.54834529E-18 -1.55495199E-18 -3.55159431E-18
 3.84958418E-17  7.45006411E-18  1.60762240E-17  2.58275560E-17  1.22245991E-17
 6.67626922E-18  2.28622214E-18 -9.83947378E-19 -2.50385109E-18 -3.24211184E-18
-4.70126814E-18 -4.00912012E-18 -4.30149244E-18 -4.24266715E-18 -2.53342846E-18
-1.50727698E-18 -8.06768079E-19 -1.44862879E-20  2.44459089E-18  3.80742040E-18
 4.18481483E-18  5.52737025E-18  7.30075884E-18  9.21891077E-18  9.26662695E-18
 1.10319067E-17  1.21658057E-17  1.34983399E-17  1.39032434E-17  1.50832067E-17
 1.58993313E-17  1.68100586E-17  1.73864118E-17  1.79674415E-17  1.85339907E-17
 1.86036777E-17  1.79987003E-17  1.73501958E-17  1.57989026E-17  1.39377502E-17
 1.28801185E-17  1.17218337E-17  9.23851258E-18  8.39915007E-18  7.85793604E-18
 6.31806575E-18  5.32881612E-18  4.93556643E-18  1.81554085E-18  1.31958039E-18
-5.73441115E-19 -1.11694548E-18 -2.26123168E-18 -2.06000094E-18 -6.35111728E-18
-7.34007036E-18 -6.92528514E-18 -6.56391829E-18 -9.26140450E-18 -8.40740245E-18
-9.42437686E-18 -7.08962181E-18 -7.28766428E-18 -3.81710138E-18 -1.59025731E-19
 5.32586566E-18  7.68228039E-18  8.09027661E-18  2.28911957E-17  6.84112174E-18
-3.13183162E-18  3.49911482E-18 -1.74253827E-18  1.07111658E-17  9.07329418E-18
 2.27739183E-17
  T(
 2.98000000E+02  2.98000000E+02  2.98000000E+02  2.98000000E+02  2.98000000E+02
 2.98000000E+02  2.98000000E+02  2.98000006E+02  2.98009095E+02  3.00379209E+02
 3.21752111E+02  3.47489191E+02  3.77384394E+02  4.11619472E+02  4.49674987E+02
 4.90930366E+02  5.34859823E+02  5.81019866E+02  6.29060139E+02  6.78714342E+02
 7.29784473E+02  7.82122090E+02  8.35624193E+02  8.90259658E+02  9.46055742E+02
 1.00300565E+03  1.06105211E+03  1.11960344E+03  1.17789530E+03  1.23578621E+03
 1.29334877E+03  1.35063024E+03  1.40764727E+03  1.46438494E+03  1.52089123E+03
 1.57629599E+03  1.63046272E+03  1.68374854E+03  1.73465446E+03  1.78074188E+03
 1.82055315E+03  1.84729776E+03  1.85196252E+03  1.83097245E+03  1.79244180E+03
 1.74843994E+03  1.70276921E+03  1.65605800E+03  1.60822137E+03  1.55902596E+03
 1.50823424E+03  1.45563436E+03  1.40104462E+03  1.34429926E+03  1.28534494E+03
 1.22448350E+03  1.16215795E+03  1.09845407E+03  1.03352320E+03  9.68067953E+02
 9.02612489E+02  8.37230495E+02  7.72046894E+02  7.07265851E+02  6.43168770E+02
 5.80069462E+02  5.17991913E+02  4.57434447E+02  4.00186231E+02  3.47913940E+02
 3.10227213E+02  2.93675005E+02  2.92005738E+02  2.92000003E+02  2.92000000E+02
 2.92000000E+02  2.92000000E+02  2.92000000E+02  2.92000000E+02  2.92000000E+02
 2.92000000E+02
 0.00000000E+00 -2.67393188E-20  4.07786509E-21 -6.87506998E-20  6.54777015E-21
 1.79476800E-16 -5.76648995E-17  5.23054997E-17  2.78603361E-16 -5.93972875E-16
-3.35937221E-15 -6.82445979E-15 -1.06725906E-14 -1.31917854E-14 -1.59276200E-14
-1.81642385E-14 -1.94906612E-14 -2.10519084E-14 -2.26813352E-14 -2.40713938E-14
-2.43361954E-14 -2.46417619E-14 -2.46947377E-14 -2.47143993E-14 -2.54124926E-14
-2.59058636E-14 -2.56459321E-14 -2.43660038E-14 -2.52199616E-14 -2.52892407E-14
-2.42282443E-14 -2.41975908E-14 -2.46255778E-14 -2.34071758E-14 -2.24876198E-14
-2.24707155E-14 -2.14908360E-14 -2.01229446E-14 -1.93161347E-14 -1.60869251E-14
-1.17671688E-14 -6.52265568E-15  1.17345747E-15  7.81441116E-15  1.08000743E-14
 1.28561373E-14  1.35277194E-14  1.59529173E-14  1.62665988E-14  1.76852968E-14
 1.80648287E-14  1.92399896E-14  2.04366083E-14  2.07770148E-14  2.23617335E-14
 2.23035896E-14  2.24045363E-14  2.33039541E-14  2.37274089E-14  2.45852908E-14
 2.45861108E-14  2.37836299E-14  2.28395837E-14  2.15669170E-14  2.05534483E-14
 1.95082084E-14  1.73900034E-14  1.46845947E-14  1.12655051E-14  6.67272728E-15
 2.64627924E-15  3.45451600E-16 -2.40104982E-17  9.43256789E-17  7.15208592E-17
-2.69270904E-16 -2.41571022E-20 -3.83457732E-23 -9.74471769E-27 -1.66934915E-30
 0.00000000E+00
  p(
 1.00000000E+05  1.00000000E+05  1.00000000E+05  1.00000000E+05  1.00000000E+05
 1.00000000E+05  1.00000000E+05  1.00000000E+05  1.00000000E+05  1.00000000E+05
 1.00000000E+05  1.00000000E+05  1.00000000E+05  1.00000000E+05  1.00000000E+05
 1.00000000E+05  1.00000000E+05  1.00000000E+05  1.00000000E+05  1.00000000E+05
 1.00000000E+05  1.00000000E+05  1.00000000E+05  1.00000000E+05  1.00000000E+05
 1.00000000E+05  1.00000000E+05  1.00000000E+05  1.00000000E+05  1.00000000E+05
 1.00000000E+05  1.00000000E+05  1.00000000E+05  1.00000000E+05  1.00000000E+05
 1.00000000E+05  1.00000000E+05  1.00000000E+05  1.00000000E+05  1.00000000E+05
 1.00000000E+05  1.00000000E+05  1.00000000E+05  1.00000000E+05  1.00000000E+05
 1.00000000E+05  1.00000000E+05  1.00000000E+05  1.00000000E+05  1.00000000E+05
 1.00000000E+05  1.00000000E+05  1.00000000E+05  1.00000000E+05  1.00000000E+05
 1.00000000E+05  1.00000000E+05  1.00000000E+05  1.00000000E+05  1.00000000E+05
 1.00000000E+05  1.00000000E+05  1.00000000E+05  1.00000000E+05  1.00000000E+05
 1.00000000E+05  1.00000000E+05  1.00000000E+05  1.00000000E+05  1.00000000E+05
 1.00000000E+05  1.00000000E+05  1.00000000E+05  1.00000000E+05  1.00000000E+05
 1.00000000E+05  1.00000000E+05  1.00000000E+05  1.00000000E+05  1.00000000E+05
 1.00000000E+05
 0.00000000E+00  0.00000000E+00  0.00000000E+00  0.00000000E+00  0.00000000E+00
 0.00000000E+00  0.00000000E+00  0.00000000E+00  0.00000000E+00  0.00000000E+00
 0.00000000E+00  0.00000000E+00  0.00000000E+00  0.00000000E+00  0.00000000E+00
 0.00000000E+00  0.00000000E+00  0.00000000E+00  0.00000000E+00  0.00000000E+00
 0.00000000E+00  0.00000000E+00  0.00000000E+00  0.00000000E+00  0.00000000E+00
 0.00000000E+00  0.00000000E+00  0.00000000E+00  0.00000000E+00  0.00000000E+00
 0.00000000E+00  0.00000000E+00  0.00000000E+00  0.00000000E+00  0.00000000E+00
 0.00000000E+00  0.00000000E+00  0.00000000E+00  0.00000000E+00  0.00000000E+00
 0.00000000E+00  0.00000000E+00  0.00000000E+00  0.00000000E+00  0.00000000E+00
 0.00000000E+00  0.00000000E+00  0.00000000E+00  0.00000000E+00  0.00000000E+00
 0.00000000E+00  0.00000000E+00  0.00000000E+00  0.00000000E+00  0.00000000E+00
 0.00000000E+00  0.00000000E+00  0.00000000E+00  0.00000000E+00  0.00000000E+00
 0.00000000E+00  0.00000000E+00  0.00000000E+00  0.00000000E+00  0.00000000E+00
 0.00000000E+00  0.00000000E+00  0.00000000E+00  0.00000000E+00  0.00000000E+00
 0.00000000E+00  0.00000000E+00  0.00000000E+00  0.00000000E+00  0.00000000E+00
 0.00000000E+00  0.00000000E+00  0.00000000E+00  0.00000000E+00  0.00000000E+00
 0.00000000E+00
N2  
 6.49046641E-01  6.49046641E-01  6.49046641E-01  6.49046641E-01  6.49046641E-01
 6.49046641E-01  6.49046641E-01  6.49046642E-01  6.49046985E-01  6.49136541E-01
 6.49947613E-01  6.50933094E-01  6.52090742E-01  6.53434581E-01  6.54951958E-01
 6.56625282E-01  6.58438996E-01  6.60378758E-01  6.62431896E-01  6.64587286E-01
 6.66835077E-01  6.69166304E-01  6.71573107E-01  6.74050282E-01  6.76594928E-01
 6.79202248E-01  6.81862957E-01  6.84543550E-01  6.87205256E-01  6.89838923E-01
 6.92446309E-01  6.95029217E-01  6.97589462E-01  7.00129215E-01  7.02655892E-01
 7.05139541E-01  7.07588577E-01  7.10045201E-01  7.12490296E-01  7.14899332E-01
 7.17394212E-01  7.19997121E-01  7.22694645E-01  7.25463085E-01  7.28148911E-01
 7.30560405E-01  7.32758375E-01  7.34803169E-01  7.36734099E-01  7.38578059E-01
 7.40354200E-01  7.42076668E-01  7.43756192E-01  7.45401443E-01  7.47017008E-01
 7.48598304E-01  7.50138943E-01  7.51642580E-01  7.53111363E-01  7.54535584E-01
 7.55909540E-01  7.57236659E-01  7.58519377E-01  7.59758456E-01  7.60953143E-01
 7.62102081E-01  7.63209009E-01  7.64268992E-01  7.65255108E-01  7.66143510E-01
 7.66777600E-01  7.67054517E-01  7.67082393E-01  7.67082488E-01  7.67082489E-01
 7.67082489E-01  7.67082489E-01  7.67082489E-01  7.67082489E-01  7.67082489E-01
 7.67082489E-01
 0.00000000E+00  3.87038248E-35  3.30136595E-31  2.44268650E-27  1.53134574E-23
 7.86986419E-20  1.19896890E-19  4.31654481E-20  1.13757529E-19  2.02698221E-19
-5.81597785E-19  4.50315717E-20 -7.52139951E-19 -5.88267021E-19 -8.59736309E-19
-5.96649781E-19 -9.45262318E-19 -1.31741488E-18 -1.33784544E-18 -7.28376649E-19
-7.97837927E-19 -1.01772045E-18 -8.35229760E-19 -9.32861926E-19 -1.42901810E-18
-1.34825081E-18 -1.33136082E-18 -1.39327920E-18 -7.60549811E-19 -1.00570631E-18
-8.22327215E-19 -6.60038308E-19 -1.33694457E-18 -8.74206163E-19 -8.39187222E-19
-5.56511734E-19 -5.88263237E-19 -9.56752127E-19 -3.42457754E-19 -8.65559221E-19
-6.99872524E-19 -1.11493682E-18 -1.63184702E-18 -1.34672017E-18 -7.05303794E-19
-8.81384726E-19 -5.35525790E-19 -5.42268012E-19 -7.23878734E-19 -5.67076713E-19
-5.78169455E-19 -7.63736605E-19 -6.93450081E-19 -6.09609749E-19 -5.41160790E-19
-1.41313011E-19 -6.83741754E-19 -1.43668637E-19 -1.50295565E-19 -7.07048736E-19
-5.74101564E-19 -1.32497322E-19 -7.50258814E-19 -5.92342910E-19 -7.25004183E-19
-1.92742168E-20 -1.77127478E-19 -7.53687353E-20 -6.06381207E-19 -3.23148393E-20
 1.23705440E-19 -1.54108246E-19  9.45766650E-20  1.90937184E-19 -3.99284801E-20
-1.74510914E-20 -3.33362897E-24 -5.24359495E-28 -7.00994755E-32 -8.14749896E-36
 0.00000000E+00
CO2 
 0.00000000E+00  1.16282265E-32  9.91864521E-29  7.33880612E-25  4.60076223E-21
 2.36441589E-17  9.47942022E-14  2.71669040E-10  4.14116123E-07  1.08375222E-04
 1.08613588E-03  2.27414711E-03  3.66970641E-03  5.28971754E-03  7.11892690E-03
 9.13612755E-03  1.13225619E-02  1.36609416E-02  1.61359867E-02  1.87342852E-02
 2.14439589E-02  2.42541957E-02  2.71555162E-02  3.01416379E-02  3.32090512E-02
 3.63519508E-02  3.95591100E-02  4.27900831E-02  4.59980411E-02  4.91717954E-02
 5.23132031E-02  5.54239838E-02  5.85055547E-02  6.15591986E-02  6.45914936E-02
 6.75624936E-02  7.04754336E-02  7.33677250E-02  7.61935489E-02  7.88870013E-02
 8.15163585E-02  8.39720576E-02  8.59983206E-02  8.71846085E-02  8.71434002E-02
 8.59899310E-02  8.40328788E-02  8.14904591E-02  7.85117110E-02  7.52015400E-02
 7.16367909E-02  6.78757542E-02  6.39639343E-02  5.99365959E-02  5.58277009E-02
 5.16868050E-02  4.75625635E-02  4.34706129E-02  3.94244492E-02  3.54658551E-02
 3.16222961E-02  2.78926288E-02  2.42759438E-02  2.07742372E-02  1.73925080E-02
 1.41365749E-02  1.09971703E-02  7.98919963E-03  5.18973739E-03  2.66696732E-03
 8.66035865E-04  7.94563838E-05  2.72126547E-07  1.51783006E-10  5.08026173E-14
 1.23541902E-17  2.35998586E-21  3.71210237E-25  4.96254469E-29  5.76783677E-33
 0.00000000E+00
 0.00000000E+00 -2.29899556E-48 -1.96989960E-44 -1.44627450E-40 -9.03148447E-37
-4.66601556E-33 -1.83474246E-29 -5.28108401E-26 -7.75118424E-23 -1.94812386E-20
-1.78233487E-19 -3.32215157E-19 -4.91074443E-19 -6.37313238E-19 -7.71103825E-19
-8.99368388E-19 -1.00883770E-18 -1.09992978E-18 -1.18686591E-18 -1.26828184E-18
-1.33983786E-18 -1.36128106E-18 -1.38311250E-18 -1.39160593E-18 -1.42817760E-18
-1.47519322E-18 -1.44891540E-18 -1.42028840E-18 -1.42921950E-18 -1.40397031E-18
-1.39655386E-18 -1.37095572E-18 -1.37274492E-18 -1.33762155E-18 -1.28244075E-18
-1.20143770E-18 -1.19185499E-18 -1.16317130E-18 -1.06477043E-18 -1.04020365E-18
-8.80636044E-19 -8.64550588E-19 -7.17671054E-19 -3.53852653E-19  3.45150296E-20
 4.20917029E-19  6.53514480E-19  8.63588413E-19  9.91737649E-19  1.15022670E-18
 1.26801904E-18  1.38908118E-18  1.42787847E-18  1.44667782E-18  1.48594587E-18
 1.52041695E-18  1.50334603E-18  1.50625200E-18  1.46864343E-18  1.43954828E-18
 1.40500996E-18  1.34790121E-18  1.26315313E-18  1.16646394E-18  1.09347613E-18
 9.80121042E-19  8.57085564E-19  7.26856686E-19  5.44286052E-19  3.29896120E-19
 1.26990033E-19  1.27463401E-20  4.38230000E-23  2.47442029E-26  8.43073389E-30
 2.00376212E-33  3.77170299E-37  5.93832312E-41  8.03577071E-45  9.33558067E-49
 0.00000000E+00
H2O 
 0.00000000E+00  1.61883246E-32  1.38083179E-28  1.02167752E-24  6.40498639E-21
 3.29163969E-17  1.31968475E-13  3.78206135E-10  5.76514932E-07  1.50875372E-04
 1.51205328E-03  3.16587187E-03  5.10857884E-03  7.36369380E-03  9.90996575E-03
 1.27178530E-02  1.57612198E-02  1.90159710E-02  2.24608011E-02  2.60769963E-02
 2.98479676E-02  3.37585960E-02  3.77955973E-02  4.19501056E-02  4.62170658E-02
 5.05881510E-02  5.50473717E-02  5.95379389E-02  6.39939834E-02  6.83988271E-02
 7.27533087E-02  7.70571091E-02  8.13079719E-02  8.55010375E-02  8.96346733E-02
 9.36377302E-02  9.74879428E-02  1.01186160E-01  1.04585185E-01  1.07460311E-01
 1.09620652E-01  1.10527895E-01  1.09582091E-01  1.06579078E-01  1.02173937E-01
 9.74471155E-02  9.27508920E-02  8.81562760E-02  8.36598315E-02  7.92377155E-02
 7.48639164E-02  7.05159317E-02  6.61764473E-02  6.18325441E-02  5.74825080E-02
 5.31508892E-02  4.88690032E-02  4.46403153E-02  4.04708510E-02  3.63987096E-02
 3.24490479E-02  2.86188430E-02  2.49061100E-02  2.13123190E-02  1.78422751E-02
 1.45017417E-02  1.12810559E-02  8.19538208E-03  5.32368032E-03  2.73581991E-03
 8.88401532E-04  8.15086991E-05  2.79155430E-07  1.55703480E-10  5.21148218E-14
 1.26732923E-17  2.42094304E-21  3.80798400E-25  5.09072458E-29  5.91681692E-33
 0.00000000E+00
 0.00000000E+00 -3.29531056E-48 -2.81541932E-44 -2.07496053E-40 -1.28419441E-36
-6.59936914E-33 -2.65302484E-29 -7.53640849E-26 -1.12351444E-22 -2.79332418E-20
-2.48707377E-19 -4.60652914E-19 -6.78189531E-19 -8.86774756E-19 -1.07777567E-18
-1.24301534E-18 -1.38687291E-18 -1.49927718E-18 -1.61820609E-18 -1.75371389E-18
-1.82612457E-18 -1.88792048E-18 -1.90467841E-18 -1.88035663E-18 -1.94334301E-18
-1.95697439E-18 -1.95478089E-18 -1.94293323E-18 -1.94943137E-18 -1.92748445E-18
-1.87463779E-18 -1.87146062E-18 -1.85564043E-18 -1.70936152E-18 -1.64743171E-18
-1.61330895E-18 -1.44417778E-18 -1.45044518E-18 -1.20133222E-18 -1.02749326E-18
-6.31187472E-19 -2.15778253E-19  3.90928491E-19  8.69720811E-19  1.14181187E-18
 1.33915233E-18  1.45191370E-18  1.47948519E-18  1.55120821E-18  1.60642221E-18
 1.56716530E-18  1.55036137E-18  1.62910252E-18  1.61354706E-18  1.60029736E-18
 1.63822100E-18  1.58165557E-18  1.57576614E-18  1.57691437E-18  1.53829286E-18
 1.51678628E-18  1.41437790E-18  1.31982984E-18  1.23213705E-18  1.11709949E-18
 1.02251832E-18  8.95948930E-19  7.48073326E-19  5.62933410E-19  3.34674351E-19
 1.26894181E-19  1.28179217E-20  4.41330518E-23  2.51182252E-26  8.37263286E-30
 2.00557357E-33  3.81029716E-37  6.01470762E-41  7.95850025E-45  9.24611119E-49
 0.00000000E+00
O2  
 1.95431437E-01  1.95431437E-01  1.95431437E-01  1.95431437E-01  1.95431437E-01
 1.95431437E-01  1.95431437E-01  1.95431436E-01  1.95430586E-01  1.95208676E-01
 1.93198986E-01  1.90757298E-01  1.87889131E-01  1.84559761E-01  1.80800561E-01
 1.76655146E-01  1.72162103E-01  1.67357009E-01  1.62271330E-01  1.56932715E-01
 1.51365692E-01  1.45592623E-01  1.39633153E-01  1.33500379E-01  1.27201746E-01
 1.20749505E-01  1.14167204E-01  1.07538595E-01  1.00960791E-01  9.44582148E-02
 8.80292851E-02  8.16738814E-02  7.53943410E-02  6.91961800E-02  6.30789650E-02
 5.71431286E-02  5.14130161E-02  4.58697602E-02  4.06988280E-02  3.61815469E-02
 3.25114603E-02  3.04287178E-02  3.09671684E-02  3.48836063E-02  4.16745652E-02
 4.96864626E-02  5.81451427E-02  6.67631608E-02  7.54261528E-02  8.40889887E-02
 9.27327779E-02  1.01347733E-01  1.09926124E-01  1.18461745E-01  1.26935560E-01
 1.35286927E-01  1.43452557E-01  1.51430865E-01  1.59220843E-01  1.66765789E-01
 1.74035269E-01  1.81049297E-01  1.87822630E-01  1.94360456E-01  2.00659458E-01
 2.06713095E-01  2.12541844E-01  2.18120564E-01  2.23308407E-01  2.27980680E-01
 2.31314685E-01  2.32770468E-01  2.32917008E-01  2.32917511E-01  2.32917511E-01
 2.32917511E-01  2.32917511E-01  2.32917511E-01  2.32917511E-01  2.32917511E-01
 2.32917511E-01
 0.00000000E+00 -9.59048772E-35 -8.18046946E-31 -6.05273229E-27 -3.79451294E-23
 2.77323497E-20 -7.24294132E-21 -4.84878455E-20 -3.74456540E-20  2.59521439E-20
 3.67018021E-19  7.49338769E-19  1.01602922E-18  1.36967614E-18  1.53229076E-18
 1.77652298E-18  1.97244416E-18  2.32061023E-18  2.40070044E-18  2.60906906E-18
 2.74691633E-18  2.78721096E-18  2.81982771E-18  2.79212343E-18  2.80499545E-18
 2.92167134E-18  2.89285201E-18  2.87317658E-18  2.80223745E-18  2.87341919E-18
 2.81137945E-18  2.79058903E-18  2.71518369E-18  2.59603584E-18  2.49158637E-18
 2.38317566E-18  2.27123130E-18  2.09762055E-18  1.93150199E-18  1.53771127E-18
 1.08748843E-18  3.93617895E-19 -4.98007068E-19 -1.35743172E-18 -1.95956567E-18
-2.40995573E-18 -2.72259692E-18 -2.83007286E-18 -3.01135504E-18 -3.09350253E-18
-3.19465269E-18 -3.13124628E-18 -3.17982460E-18 -3.16034829E-18 -3.11087749E-18
-3.07520133E-18 -3.03139002E-18 -2.87459600E-18 -2.90628962E-18 -2.76169929E-18
-2.60738409E-18 -2.55116311E-18 -2.34768867E-18 -2.16375653E-18 -2.10218077E-18
-1.87073917E-18 -1.67515089E-18 -1.34002301E-18 -9.62086100E-19 -6.85073557E-19
-3.32101623E-19  5.34032453E-21 -3.07473496E-20  3.37750501E-20 -3.36629068E-20
 1.96317043E-20 -1.75244443E-23 -2.75647845E-27 -3.68501201E-31 -4.28299209E-35
 0.00000000E+00
H   
 0.00000000E+00  2.99097406E-55  4.42283545E-51  6.04019635E-47  7.56652610E-43
 8.62464428E-39  9.33372412E-35  1.96505107E-29  4.54269512E-23  2.85059758E-17
 2.22749962E-14  1.99977236E-13  8.63709208E-13  2.93518671E-12  9.07228950E-12
 2.71338602E-11  8.12066316E-11  2.44663125E-10  7.13115663E-10  1.88899422E-09
 4.36002690E-09  8.69547784E-09  1.52573556E-08  2.43670516E-08  3.68299644E-08
 5.45023570E-08  8.08336162E-08  1.21329073E-07  1.84436433E-07  2.83906483E-07
 4.42400373E-07  6.97807127E-07  1.11534150E-06  1.81123542E-06  3.00373657E-06
 5.08136741E-06  8.81243741E-06  1.58033643E-05  2.88943166E-05  5.21741898E-05
 9.17206181E-05  1.48585261E-04  2.08026330E-04  2.44227109E-04  2.47185280E-04
 2.30178929E-04  2.05403894E-04  1.78477391E-04  1.51932561E-04  1.26955310E-04
 1.04112532E-04  8.36645418E-05  6.57080500E-05  5.02410261E-05  3.72184758E-05
 2.65875434E-05  1.82146765E-05  1.18528479E-05  7.24079638E-06  4.11404629E-06
 2.15179296E-06  1.02141295E-06  4.34122520E-07  1.63873234E-07  5.51316471E-08
 1.67461710E-08  4.56337081E-09  1.06330580E-09  1.92899850E-10  2.11946926E-11
 1.02133431E-12  5.87442126E-15  6.96262399E-20  3.03763388E-26  6.27637302E-33
 9.49092826E-40  1.27704825E-46  2.78015330E-53  6.90642212E-58  3.95151089E-62
 0.00000000E+00
 0.00000000E+00 -8.50304988E-71 -1.25009710E-66 -1.72631882E-62 -2.15065514E-58
-2.58598930E-54 -2.66846718E-50 -7.19495643E-45 -1.84742289E-38 -1.37307237E-32
-9.36110988E-30 -7.90971221E-29 -3.40322661E-28 -1.17741972E-27 -3.78087828E-27
-1.20665456E-26 -3.78659686E-26 -1.16119184E-25 -3.26048283E-25 -7.73278594E-25
-1.56967649E-24 -2.34493630E-24 -3.48667689E-24 -4.85512048E-24 -6.59458602E-24
-9.51721790E-24 -1.37255319E-23 -2.12710673E-23 -3.30738339E-23 -5.38180057E-23
-8.61834182E-23 -1.39156132E-22 -2.27206292E-22 -3.63364385E-22 -6.35455146E-22
-1.10324119E-21 -1.99726650E-21 -3.62585875E-21 -6.34523232E-21 -1.07168115E-20
-1.60436431E-20 -1.99319912E-20 -1.62048054E-20 -6.42599181E-21  1.28270698E-21
 5.63835349E-21  7.83660717E-21  8.57664124E-21  8.61084998E-21  8.25275122E-21
 7.59335780E-21  6.91337127E-21  6.10703079E-21  5.24401793E-21  4.34184231E-21
 3.46867298E-21  2.65712905E-21  1.95593751E-21  1.38540654E-21  9.01509860E-22
 5.41164129E-22  2.89316225E-22  1.35113821E-22  5.51997572E-23  1.97275578E-23
 6.04479938E-24  1.62935473E-24  3.79785215E-25  6.69181799E-26  6.76643914E-27
 2.81705413E-28  1.52334695E-30  1.81105779E-35  7.96132564E-42  1.65236405E-48
 2.49782826E-55  3.37583105E-62  7.35133707E-69  1.77942572E-73  9.72877747E-78
 0.00000000E+00
O   
 0.00000000E+00  1.00203796E-40  8.57151620E-37  6.36288144E-33  4.00439908E-29
 2.06765902E-25  8.33987711E-22  2.41027022E-18  3.72480706E-15  1.00510416E-12
 1.37565333E-11  3.71349271E-11  6.87769920E-11  1.09823087E-10  1.62681163E-10
 2.34103882E-10  3.41354153E-10  5.25509594E-10  8.80787674E-10  1.61132850E-09
 3.11284852E-09  6.03780510E-09  1.13064330E-08  2.01620706E-08  3.44916938E-08
 5.75296144E-08  9.49710669E-08  1.56092951E-07  2.55306559E-07  4.15819902E-07
 6.74905846E-07  1.09239496E-06  1.76619917E-06  2.86205425E-06  4.67833978E-06
 7.72939576E-06  1.30470922E-05  2.29471021E-05  4.23930428E-05  8.23644584E-05
 1.72941445E-04  3.81614093E-04  8.01670963E-04  1.41371659E-03  1.97297541E-03
 2.30627238E-03  2.44401371E-03  2.44228907E-03  2.34388819E-03  2.17858999E-03
 1.96786064E-03  1.72844155E-03  1.47451423E-03  1.21877161E-03  9.73206780E-04
 7.49492901E-04  5.56601382E-04  3.98438311E-04  2.75371588E-04  1.85047106E-04
 1.21921133E-04  7.92264368E-05  5.09820031E-05  3.25159700E-05  2.04886104E-05
 1.26504454E-05  7.52102619E-06  4.18849760E-06  2.08984239E-06  8.25263553E-07
 2.10547895E-07  1.72397473E-08  5.90288348E-11  3.29242903E-14  1.10199433E-17
 2.67983193E-21  5.11920681E-25  8.05217526E-29  1.07645953E-32  1.25114094E-36
 0.00000000E+00
 0.00000000E+00 -1.54094356E-56 -1.29590123E-52 -9.78306287E-49 -6.10978839E-45
-3.14215901E-41 -1.25760851E-37 -3.64535064E-34 -5.46133812E-31 -1.39136628E-28
-2.11543443E-27 -5.40583823E-27 -9.30056720E-27 -1.37585842E-26 -2.00256969E-26
-3.10473238E-26 -5.31723704E-26 -1.02470943E-25 -2.16059728E-25 -4.68269799E-25
-9.58389051E-25 -1.78308686E-24 -3.10504554E-24 -5.10473170E-24 -8.04002528E-24
-1.30720418E-23 -2.03391943E-23 -3.26034706E-23 -5.26586802E-23 -8.84134270E-23
-1.39678160E-22 -2.27900835E-22 -3.61598260E-22 -5.73223391E-22 -9.36193469E-22
-1.53206037E-21 -2.75541552E-21 -5.08698431E-21 -9.64890475E-21 -1.96508604E-20
-4.27019062E-20 -9.25589476E-20 -1.58138612E-19 -1.76404049E-19 -1.28920792E-19
-7.49855044E-20 -2.64538533E-20  1.16077975E-20  4.21973398E-20  6.40732103E-20
 7.90250978E-20  8.62389773E-20  9.08462703E-20  8.93766385E-20  8.46522082E-20
 7.57943168E-20  6.31184312E-20  5.06282795E-20  3.82889441E-20  2.72972834E-20
 1.86454520E-20  1.22051703E-20  7.61196705E-21  4.77066551E-21  2.96851647E-21
 1.78324159E-21  1.03308431E-21  5.70455493E-22  2.77847730E-22  1.05334353E-22
 2.62064819E-23  2.07599483E-24  7.45757341E-27  4.18293583E-30  1.42139723E-33
 3.40238289E-37  6.44059917E-41  1.00873984E-44  1.34788420E-48  1.57158264E-52
 0.00000000E+00
OH  
 0.00000000E+00  5.88533107E-44  5.03545660E-40  3.74372209E-36  2.38565047E-32
 1.38047982E-28  1.28692710E-24  3.85877157E-20  1.47118054E-15  1.76983856E-11
 1.08078341E-09  3.24529353E-09  5.78124971E-09  8.46648102E-09  1.12589445E-08
 1.42624889E-08  1.76725569E-08  2.17387518E-08  2.67616569E-08  3.31208153E-08
 4.13562286E-08  5.23404211E-08  6.75784035E-08  8.97184253E-08  1.23468269E-07
 1.77234029E-07  2.66036430E-07  4.15347376E-07  6.67360236E-07  1.09509290E-06
 1.82588050E-06  3.08352886E-06  5.27078854E-06  9.13844909E-06  1.61666842E-05
 2.91794458E-05  5.41337374E-05  1.04469565E-04  2.07194080E-04  4.10028734E-04
 8.05239143E-04  1.49488713E-03  2.44582701E-03  3.33735163E-03  3.79557154E-03
 3.83241592E-03  3.63250161E-03  3.31412616E-03  2.94213766E-03  2.55313003E-03
 2.16940439E-03  1.80558831E-03  1.47160567E-03  1.17386481E-03  9.16203281E-04
 7.00569400E-04  5.25739815E-04  3.87040419E-04  2.79134053E-04  1.97277096E-04
 1.36594515E-04  9.25238173E-05  6.13125690E-05  3.97756360E-05  2.52320359E-05
 1.55533167E-05  9.15552092E-06  4.99634313E-06  2.40796772E-06  8.99788531E-07
 2.13346896E-07  1.67234417E-08  5.72549926E-11  3.19349002E-14  1.06887890E-17
 2.59930175E-21  4.96537229E-25  7.81020368E-29  1.04411142E-32  1.21354358E-36
 0.00000000E+00
 0.00000000E+00 -8.99066976E-60 -7.54781312E-56 -5.71351309E-52 -3.68103018E-48
-2.30533506E-44 -3.22305430E-40 -1.18628160E-35 -4.56513442E-31 -5.27155196E-27
-2.31113668E-25 -5.26571986E-25 -6.72485535E-25 -7.97357315E-25 -9.23814780E-25
-1.10591374E-24 -1.40292380E-24 -1.70746830E-24 -2.24283266E-24 -3.10146246E-24
-3.88752421E-24 -5.38771759E-24 -7.74361574E-24 -1.15945806E-23 -1.83793929E-23
-2.95038443E-23 -4.78154066E-23 -8.07752617E-23 -1.34677104E-22 -2.38001988E-22
-3.98347352E-22 -6.98937064E-22 -1.19225847E-21 -2.07459334E-21 -3.76875638E-21
-6.98493210E-21 -1.35111744E-20 -2.67642698E-20 -5.18670354E-20 -9.75746714E-20
-1.71419411E-19 -2.59412272E-19 -2.97100246E-19 -2.15775858E-19 -7.52588101E-20
 2.64777051E-20  7.82070823E-20  1.09432896E-19  1.24609619E-19  1.32392468E-19
 1.31351318E-19  1.23775692E-19  1.13452503E-19  1.00829343E-19  8.62789170E-20
 7.19777114E-20  5.64117261E-20  4.42721745E-20  3.42533904E-20  2.56600570E-20
 1.86840662E-20  1.31285280E-20  8.76102090E-21  5.68608995E-21  3.62867800E-21
 2.21631742E-21  1.31438412E-21  7.16227248E-22  3.37946685E-22  1.20423472E-22
 2.58522373E-23  1.90008670E-24  6.66154722E-27  3.82784987E-30  1.30513606E-33
 3.09075203E-37  5.76912563E-41  9.24289131E-45  1.23687881E-48  1.42342177E-52
 0.00000000E+00
H2O2
 0.00000000E+00  5.01028679E-37  4.27367467E-33  3.16209211E-29  1.98234341E-25
 1.01876255E-21  4.08442456E-18  1.17054806E-14  1.78431378E-11  4.66914128E-09
 4.48216480E-08  8.89721297E-08  1.38816436E-07  1.95038563E-07  2.57054456E-07
 3.24098588E-07  3.95511826E-07  4.70693224E-07  5.49103004E-07  6.30239193E-07
 7.13599404E-07  7.98621385E-07  8.84614950E-07  9.70686568E-07  1.05550731E-06
 1.13684165E-06  1.21106590E-06  1.27246320E-06  1.31450148E-06  1.33179330E-06
 1.32132473E-06  1.28490114E-06  1.23149246E-06  1.17736808E-06  1.14246011E-06
 1.14316724E-06  1.18162750E-06  1.23932929E-06  1.26665553E-06  1.19696025E-06
 9.93823949E-07  7.25387324E-07  5.42940097E-07  5.18563353E-07  6.03669606E-07
 7.29823719E-07  8.76448291E-07  1.04582790E-06  1.24857809E-06  1.50187231E-06
 1.83279320E-06  2.28465018E-06  2.91937829E-06  3.79931578E-06  4.93682876E-06
 6.24041535E-06  7.52997601E-06  8.62039613E-06  9.37652009E-06  9.73647776E-06
 9.71547040E-06  9.37130944E-06  8.77271221E-06  7.98278814E-06  7.05189524E-06
 6.01711151E-06  4.89930704E-06  3.71972463E-06  2.52305010E-06  1.35374832E-06
 4.56799749E-07  4.26356388E-08  1.46026118E-10  8.14484418E-14  2.72612471E-17
 6.62939529E-21  1.26639455E-24  1.99195525E-28  2.66295645E-32  3.09508509E-36
 0.00000000E+00
 0.00000000E+00 -9.34956841E-53 -7.94639537E-49 -5.95270353E-45 -3.71557432E-41
-1.92589951E-37 -7.75231039E-34 -2.20908292E-30 -3.32839563E-27 -8.47241753E-25
-6.96185506E-24 -1.17864748E-23 -1.62528395E-23 -1.99981965E-23 -2.31133562E-23
-2.55825541E-23 -2.74031934E-23 -2.84297799E-23 -2.93670262E-23 -2.98263554E-23
-3.00634555E-23 -2.85891090E-23 -2.67023511E-23 -2.36339831E-23 -2.09289683E-23
-1.65515462E-23 -1.09586020E-23 -1.15358690E-24  1.02117487E-23  2.33435837E-23
 3.63684865E-23  4.92380896E-23  4.94546642E-23  3.69209969E-23  3.58859652E-23
 2.01139917E-23  3.56064186E-23  1.00298168E-24 -1.08185350E-23  4.45804606E-23
 7.11521158E-23  7.49708938E-23  2.83134211E-23 -1.18790401E-23 -2.83227685E-23
-5.02634172E-23 -4.93140616E-23 -6.26298118E-23 -7.83712646E-23 -1.07953666E-22
-1.40471625E-22 -1.94808347E-22 -2.70637491E-22 -3.89813045E-22 -4.64356581E-22
-4.89916730E-22 -4.38557492E-22 -3.33185105E-22 -1.93686497E-22 -5.31294777E-23
 7.62260674E-23  1.75851851E-22  2.47603195E-22  2.93246660E-22  3.17372012E-22
 3.24586878E-22  3.18580684E-22  2.91747010E-22  2.39645779E-22  1.56420933E-22
 6.32131128E-23  6.57189519E-24  2.29368082E-26  1.28904201E-29  4.36626684E-33
 1.05332309E-36  1.99218528E-40  3.15931510E-44  4.21584061E-48  4.94937081E-52
 0.00000000E+00
C   
 0.00000000E+00  1.60226010-107  2.07834908E-99  2.69587770E-91  3.49685880E-83
 4.53578237E-75  5.88319101E-67  7.59491735E-59  8.53740627E-51  3.61918554E-43
 1.01165329E-36  5.54381770E-34  3.14258747E-32  8.08006720E-31  1.46898820E-29
 2.30681682E-28  3.49688253E-27  5.31325537E-26  7.58934778E-25  9.08833324E-24
 8.44161540E-23  6.00867270E-22  3.42062919E-21  1.68218594E-20  7.79436435E-20
 3.66227396E-19  1.82986190E-18  9.81306262E-18  5.56920394E-17  3.31694054E-16
 2.06446942E-15  1.34067424E-14  9.11250763E-14  6.53456116E-13  5.00099835E-12
 4.00566460E-11  3.30360163E-10  2.73357574E-09  2.06124437E-08  1.24806001E-07
 5.64316584E-07  1.54485463E-06  1.96870775E-06  1.07207467E-06  3.22037621E-07
 7.74214806E-08  1.74966473E-08  3.96386368E-09  9.22479617E-10  2.21653357E-10
 5.47692160E-11  1.37988501E-11  3.50398346E-12  8.83332930E-13  2.17224680E-13
 5.12916242E-14  1.14124652E-14  2.31672737E-15  4.13772410E-16  6.33603744E-17
 8.08651335E-18  8.27492615E-19  6.55690678E-20  3.93700320E-21  1.79401409E-22
 6.30133742E-24  1.64271656E-25  2.77783520E-27  2.37557112E-29  5.14597122E-32
 1.10445690E-35  1.20473473E-41  1.78098137E-49  1.00285902E-57  5.42263388E-66
 2.93030390E-74  1.58347759E-82  8.55674416E-91  4.62383722E-99  2.49858364-107
 0.00000000E+00
 0.00000000E+00 -1.90871975-122 -2.47194240-114 -3.21388936-106 -4.16940388E-98
-5.40331337E-90 -7.00893561E-82 -9.05734054E-74 -1.01458709E-65 -4.29662867E-58
-1.18843271E-51 -6.01961052E-49 -3.21556198E-47 -8.22762464E-46 -1.51711829E-44
-2.50597809E-43 -4.00332622E-42 -6.13867469E-41 -8.69162156E-40 -9.63298001E-39
-8.20408706E-38 -4.86041704E-37 -2.50993606E-36 -1.16211517E-35 -5.33590588E-35
-2.55255713E-34 -1.28933990E-33 -7.13776831E-33 -4.13311728E-32 -2.58696855E-31
-1.65441332E-30 -1.09706989E-29 -7.51200607E-29 -5.40438337E-28 -4.20138648E-27
-3.38372280E-26 -2.77319589E-25 -2.18223466E-24 -1.46366945E-23 -7.37581999E-23
-2.42772717E-22 -3.34351791E-22  8.57582618E-23  2.67997641E-22  1.20245540E-22
 3.40747943E-23  8.41109635E-24  2.00087802E-24  4.75056435E-25  1.16499476E-25
 2.87839545E-26  7.19026121E-27  1.83662803E-27  4.69366260E-28  1.18564871E-28
 2.90147023E-29  6.79550489E-30  1.45130348E-30  2.80737902E-31  4.70858197E-32
 6.63217409E-33  7.31789841E-34  6.13838132E-35  3.90152946E-36  1.85958175E-37
 6.53630478E-39  1.67550589E-40  2.83622540E-42  2.33923889E-44  4.67659025E-47
 8.87036996E-51  8.76226782E-57  1.29561828E-64  7.28988769E-73  3.94558590E-81
 2.13341650E-89  1.14786907E-97  6.19142861-106  3.34537552-114  1.80449632-122
 0.00000000E+00
CH  
 0.00000000E+00  7.53878881-103  7.23914463E-94  6.95140411E-85  6.67509282E-76
 6.40975687E-67  6.15482484E-58  5.88223189E-49  4.89458096E-40  1.51208669E-31
 4.25300692E-26  2.74491684E-24  3.79075270E-23  3.00066593E-22  1.83237095E-21
 9.89845387E-21  5.11105147E-20  2.60782063E-19  1.28609325E-18  5.82198508E-18
 2.33253444E-17  8.23444654E-17  2.62466079E-16  7.88442939E-16  2.34090394E-15
 7.14444731E-15  2.29593659E-14  7.76764110E-14  2.72697054E-13  9.85165652E-13
 3.64553302E-12  1.37758575E-11  5.31352173E-11  2.09665837E-10  8.51616190E-10
 3.50979953E-09  1.46361932E-08  6.16545272E-08  2.45958523E-07  8.36351760E-07
 2.24091662E-06  3.92804296E-06  3.73737781E-06  1.87660718E-06  6.18054521E-07
 1.78969350E-07  5.11355566E-08  1.50009078E-08  4.57579916E-09  1.45325277E-09
 4.78841028E-10  1.62700504E-10  5.65551231E-11  1.99014699E-11  7.00348505E-12
 2.43775775E-12  8.28302594E-13  2.68615382E-13  8.11296901E-14  2.24458443E-14
 5.58681976E-15  1.22053905E-15  2.29049001E-16  3.64152245E-17  4.89291926E-18
 5.56389786E-19  5.17096931E-20  3.58512438E-21  1.58289033E-22  2.85159317E-24
 1.15451920E-26  1.66635556E-30  6.10698839E-38  1.22740478E-46  2.13424650E-55
 3.69468731E-64  6.39553008E-73  1.10706752E-81  1.91633233E-90  3.31716213E-99
 0.00000000E+00
 0.00000000E+00 -6.20047175-118 -5.97205509-109 -5.71574836-100 -5.50118466E-91
-5.28620767E-82 -5.08190735E-73 -4.87202682E-64 -4.04316967E-55 -1.25253719E-46
-3.24675899E-41 -1.93307842E-39 -2.46332649E-38 -1.89819495E-37 -1.16003631E-36
-6.47463372E-36 -3.48785352E-35 -1.79087206E-34 -8.81890112E-34 -3.78155660E-33
-1.41999781E-32 -4.38382774E-32 -1.29857004E-31 -3.79793432E-31 -1.13906070E-30
-3.60611318E-30 -1.18220226E-29 -4.09768207E-29 -1.46737741E-28 -5.52063426E-28
-2.07087273E-27 -7.96723757E-27 -3.07574563E-26 -1.20175956E-25 -4.90344103E-25
-1.99780142E-24 -8.31114473E-24 -3.37437359E-23 -1.19615079E-22 -3.31282893E-22
-5.91249633E-22 -3.64633295E-22  3.93513469E-22  4.74116855E-22  2.07532176E-22
 6.88859580E-23  2.08338577E-23  6.34299981E-24  1.94200506E-24  6.19598704E-25
 2.00431201E-25  6.69759605E-26  2.29528681E-26  8.06161267E-27  2.87525424E-27
 1.02024936E-27  3.58053185E-28  1.19625187E-28  3.86898308E-29  1.15454465E-29
 3.12876099E-30  7.27013131E-31  1.42443912E-31  2.38577376E-32  3.34416775E-33
 3.80264914E-34  3.49455291E-35  2.42987053E-36  1.03138455E-37  1.71650340E-39
 6.13345404E-42  7.41407845E-46  2.57244160E-53  5.16727553E-62  8.97578890E-71
 1.55072363E-79  2.67492348E-88  4.65438239E-97  8.10198489-106  1.40231959-114
 0.00000000E+00
CH2 
 0.00000000E+00  1.30345225E-70  8.09381131E-64  5.02313046E-57  3.10825322E-50
 1.89073529E-43  1.07160924E-36  4.97917273E-30  1.46286342E-23  1.17902398E-17
 7.93119874E-15  6.09384111E-14  2.01100220E-13  4.77968247E-13  9.56357198E-13
 1.73730909E-12  2.99421330E-12  5.03222964E-12  8.39857957E-12  1.40821038E-11
 2.38729326E-11  4.11003439E-11  7.23277704E-11  1.31259617E-10  2.47720748E-10
 4.88676138E-10  1.00816054E-09  2.15437580E-09  4.69923906E-09  1.03771683E-08
 2.30924665E-08  5.16141319E-08  1.15650620E-07  2.59593723E-07  5.84218499E-07
 1.30236026E-06  2.85670452E-06  6.11666794E-06  1.22338539E-05  2.13987331E-05
 3.07811723E-05  3.20233660E-05  2.13137123E-05  9.06794691E-06  2.97843621E-06
 9.47111198E-07  3.13109523E-07  1.09788190E-07  4.09969599E-08  1.62708877E-08
 6.83449343E-09  3.02287884E-09  1.39967040E-09  6.73658372E-10  3.34365576E-10
 1.69955227E-10  8.77306757E-11  4.53833059E-11  2.32202215E-11  1.16584706E-11
 5.69664641E-12  2.67934504E-12  1.20223325E-12  5.11096466E-13  2.04425610E-13
 7.60259582E-14  2.55650197E-14  7.43706626E-15  1.74507514E-15  2.66052502E-16
 1.80202715E-17  1.25855440E-19  1.51645068E-24  6.44125601E-31  1.26801363E-37
 1.78529852E-44  2.19458593E-51  2.58744596E-58  3.02238886E-65  3.52481057E-72
 0.00000000E+00
 0.00000000E+00  6.54966036E-76  5.40907110E-72  3.85718046E-68  2.19725289E-64
-6.88677065E-59 -3.98629195E-52 -1.89697076E-45 -5.96353034E-39 -5.13521554E-33
-2.86183097E-30 -1.93404414E-29 -5.32235299E-29 -1.12983253E-28 -2.08680070E-28
-3.64363046E-28 -6.33088819E-28 -1.04055986E-27 -1.85657015E-27 -3.22598277E-27
-5.61115494E-27 -1.02533849E-26 -1.81834024E-26 -3.53210298E-26 -7.18098154E-26
-1.50513184E-25 -3.24666266E-25 -7.08547178E-25 -1.56099085E-24 -3.58551789E-24
-7.92762897E-24 -1.79283973E-23 -3.96330572E-23 -8.67071627E-23 -1.91932156E-22
-4.16133736E-22 -8.68266584E-22 -1.72323292E-21 -2.86642267E-21 -3.60718238E-21
-2.35506463E-21  1.55507552E-21  3.92883458E-21  2.53662029E-21  9.75512497E-22
 3.34904519E-22  1.12324327E-22  3.94640884E-23  1.44107588E-23  5.59910533E-24
 2.23959531E-24  9.39712925E-25  4.15857068E-25  1.91466446E-25  9.30196150E-26
 4.64368338E-26  2.36694250E-26  1.21364370E-26  6.33210175E-27  3.31274566E-27
 1.69159405E-27  8.17469554E-28  3.69722920E-28  1.61852938E-28  6.65452122E-29
 2.46554349E-29  8.29999260E-30  2.42548722E-30  5.45844077E-31  7.92062622E-32
 5.23002158E-33  3.70412203E-35  4.55381222E-40  1.96559697E-46  3.90210247E-53
 5.51220049E-60  6.72111303E-67 -7.54708404E-74 -2.21338039E-77 -2.73636576E-81
 0.00000000E+00
CH2(
 0.00000000E+00 -2.28323554E-76  3.52863070E-71  1.00189536E-63  3.51511409E-56
 1.03999759E-48  4.12453904E-41  3.43208153E-33  1.85301171E-25  5.81594149E-19
 4.31779152E-16  3.56311465E-15  1.25699438E-14  3.17106743E-14  6.66783704E-14
 1.25844046E-13  2.22683840E-13  3.79731941E-13  6.35381863E-13  1.05468612E-12
 1.74592675E-12  2.89414932E-12  4.84697701E-12  8.32097623E-12  1.48639649E-11
 2.79053302E-11  5.52207954E-11  1.14170452E-10  2.42940122E-10  5.27192062E-10
 1.16043931E-09  2.58146334E-09  5.79334348E-09  1.31162705E-08  3.00322626E-08
 6.88456906E-08  1.57544022E-07  3.58983538E-07  7.81989426E-07  1.52392254E-06
 2.50050176E-06  3.01683646E-06  2.32053075E-06  1.09878076E-06  3.78683011E-07
 1.21171842E-07  3.95136672E-08  1.35289951E-08  4.90315785E-09  1.88034496E-09
 7.60529463E-10  3.23034890E-10  1.43395195E-10  6.61273881E-11  3.14694125E-11
 1.53679382E-11  7.64565957E-12  3.82553575E-12  1.90005731E-12  9.29225646E-13
 4.43303594E-13  2.03659492E-13  8.90666966E-14  3.66795768E-14  1.40309147E-14
 4.87220778E-15  1.46688288E-15  3.56444206E-16  6.27151840E-17  6.12941964E-18
 2.35868985E-19  1.16876490E-21  1.36512680E-26  4.27248156E-33  4.83823068E-40
 2.90586915E-47  1.08249998E-54  2.74933182E-62  5.08112850E-70  7.25085877E-78
 0.00000000E+00
 0.00000000E+00  2.82470777E-77  2.33279838E-73  1.66358814E-69  9.97048979E-66
 4.80681201E-62 -1.68060060E-56 -1.58492382E-48 -8.50643333E-41 -2.58202353E-34
-1.60629190E-31 -1.16821837E-30 -3.60744914E-30 -8.23979604E-30 -1.59466097E-29
-2.79129086E-29 -4.90958533E-29 -8.00060677E-29 -1.38431565E-28 -2.35872589E-28
-3.85732246E-28 -6.49203716E-28 -1.09173658E-27 -2.02843133E-27 -3.96556087E-27
-7.94516868E-27 -1.68200385E-26 -3.60854849E-26 -7.77184885E-26 -1.77788085E-25
-3.92063043E-25 -8.93689137E-25 -2.00479739E-24 -4.42508062E-24 -1.00767579E-23
-2.28997218E-23 -5.10227110E-23 -1.11041721E-22 -2.09552208E-22 -3.23017320E-22
-3.04073885E-22  5.49608284E-24  3.37193402E-22  2.82268398E-22  1.21585135E-22
 4.28993126E-23  1.44116894E-23  4.98116196E-24  1.79115771E-24  6.73893253E-25
 2.58070906E-25  1.04926809E-25  4.48166190E-26  1.99664162E-26  9.27135481E-27
 4.37508543E-27  2.15815079E-27  1.07202030E-27  5.37680704E-28  2.72759861E-28
 1.35290137E-28  6.40334640E-29  2.84871724E-29  1.21528913E-29  4.82183414E-30
 1.72646135E-30  5.37266430E-31  1.37491438E-31  2.40067301E-32  2.25544917E-33
 7.50755578E-35  3.36451095E-37  3.87890024E-42  1.24784331E-48  1.41914770E-55
 8.37536408E-63  2.72326047E-70 -7.06156685E-75 -1.01463909E-78 -1.25386594E-82
 0.00000000E+00
CH3 
 0.00000000E+00  1.77606058E-36  1.48174734E-32  1.09633835E-28  6.87303880E-25
 3.53217855E-21  1.41612062E-17  4.05842833E-14  6.18629279E-11  1.61787045E-08
 1.81433074E-07  4.64294003E-07  8.69134188E-07  1.43949250E-06  2.22680190E-06
 3.29612196E-06  4.73278282E-06  6.64829030E-06  9.18979509E-06  1.25533272E-05
 1.70018190E-05  2.28879465E-05  3.06841391E-05  4.10301001E-05  5.48009331E-05
 7.31803982E-05  9.77433697E-05  1.30277165E-04  1.72743784E-04  2.27774039E-04
 2.98715562E-04  3.89519192E-04  5.04591521E-04  6.48344665E-04  8.24428607E-04
 1.02970239E-03  1.25468315E-03  1.47666425E-03  1.63822129E-03  1.65325148E-03
 1.43281111E-03  9.69997339E-04  4.69867205E-04  1.64030136E-04  4.90967025E-05
 1.53479105E-05  5.24496467E-06  1.96769418E-06  8.05598598E-07  3.57079637E-07
 1.70139254E-07  8.66349158E-08  4.68972006E-08  2.68287784E-08  1.61081784E-08
 1.00768015E-08  6.50700035E-09  4.28235311E-09  2.83853818E-09  1.88037705E-09
 1.23516583E-09  7.96524387E-10  4.99203775E-10  3.00809847E-10  1.72149514E-10
 9.21143956E-11  4.49119157E-11  1.92419655E-11  6.88575610E-12  1.81876917E-12
 3.06437625E-13  1.99393700E-14  6.82303593E-17  3.80565843E-20  1.27377507E-23
 3.09756866E-27  5.91719742E-31  9.30736193E-35  1.24425985E-38  1.44617090E-42
 0.00000000E+00
 0.00000000E+00 -2.74741621E-52 -2.36221117E-48 -1.71838749E-44 -1.08106045E-40
-5.59191728E-37 -2.23749061E-33 -6.31826263E-30 -9.23588986E-27 -2.31988717E-24
-2.58604720E-23 -6.95017456E-23 -1.32237767E-22 -2.16253986E-22 -3.29505368E-22
-4.82733565E-22 -6.77328690E-22 -9.30199045E-22 -1.26596685E-21 -1.73562760E-21
-2.31206111E-21 -3.06286154E-21 -4.02842571E-21 -5.26095099E-21 -7.00660633E-21
-9.35796455E-21 -1.22250530E-20 -1.58321073E-20 -2.04952233E-20 -2.69403401E-20
-3.45872458E-20 -4.39763854E-20 -5.46951569E-20 -6.61039450E-20 -7.79505792E-20
-8.77775343E-20 -8.95311482E-20 -7.93754932E-20 -3.92309757E-20  2.77192766E-20
 1.12326016E-19  1.60770068E-19  1.21630848E-19  5.26368931E-20  1.69677773E-20
 5.42714152E-21  1.81657415E-21  6.59475672E-22  2.57429463E-22  1.08766097E-22
 4.79097462E-23  2.25437204E-23  1.12643702E-23  5.94076673E-24  3.30927728E-24
 1.96297281E-24  1.18882147E-24  7.61998693E-25  5.07171723E-25  3.43167389E-25
 2.32243214E-25  1.53658204E-25  9.90828447E-26  6.23362137E-26  3.76377173E-26
 2.10362093E-26  1.06712938E-26  4.75901712E-27  1.69077297E-27  4.15902536E-28
 5.93919125E-29  3.38672815E-30  1.16448307E-32  6.51249953E-36  2.20964053E-39
 5.30531713E-43  1.01400841E-46  1.60175331E-50  2.15848474E-54  2.49993424E-58
 0.00000000E+00
CH4 
 1.55521922E-01  1.55521922E-01  1.55521922E-01  1.55521922E-01  1.55521922E-01
 1.55521922E-01  1.55521922E-01  1.55521921E-01  1.55521140E-01  1.55317343E-01
 1.53471649E-01  1.51229116E-01  1.48594837E-01  1.45536910E-01  1.42084143E-01
 1.38276581E-01  1.34149648E-01  1.29736001E-01  1.25064508E-01  1.20160517E-01
 1.15046486E-01  1.09742869E-01  1.04267621E-01  9.86326952E-02  9.28448592E-02
 8.69152871E-02  8.08654922E-02  7.47722614E-02  6.87246189E-02  6.27447207E-02
 5.68307573E-02  5.09822221E-02  4.52008669E-02  3.94914439E-02  3.38534375E-02
 2.83798248E-02  2.30942964E-02  1.79810056E-02  1.32079172E-02  9.00556155E-03
 5.42886160E-03  2.77052866E-03  1.17491202E-03  4.28171485E-04  1.50798899E-04
 5.77602800E-05  2.42954692E-05  1.11519917E-05  5.55224439E-06  2.98409975E-06
 1.72550088E-06  1.07072081E-06  7.11220554E-07  5.03836795E-07  3.78546439E-07
 2.99385757E-07  2.46699474E-07  2.09219617E-07  1.80614900E-07  1.57419804E-07
 1.37589180E-07  1.19860443E-07  1.03520682E-07  8.81754508E-08  7.36160864E-08
 5.97369680E-08  4.64266606E-08  3.37095838E-08  2.18907148E-08  1.12474147E-08
 3.65193744E-09  3.35041750E-10  1.14746912E-12  6.40019558E-16  2.14218111E-19
 5.20936012E-23  9.95129266E-27  1.56527281E-30  2.09254366E-34  2.43210913E-38
 0.00000000E+00
 0.00000000E+00 -8.80767486E-35 -7.51275984E-31 -5.55869390E-27 -3.48479592E-23
 4.36492925E-20 -7.82214690E-21 -4.19089995E-20  1.37888574E-20  3.64879210E-20
 2.44614200E-19  6.30911702E-19  9.59273990E-19  1.15801958E-18  1.49040649E-18
 1.72301814E-18  1.90276159E-18  2.09604174E-18  2.16482370E-18  2.35095089E-18
 2.41401170E-18  2.53026876E-18  2.58144783E-18  2.49973910E-18  2.63402070E-18
 2.66218737E-18  2.67295835E-18  2.58331567E-18  2.60989873E-18  2.57372610E-18
 2.52852037E-18  2.47972916E-18  2.42003299E-18  2.31825909E-18  2.21523047E-18
 2.13010077E-18  2.03079387E-18  1.84567461E-18  1.65515156E-18  1.35175813E-18
 1.01084115E-18  6.44201142E-19  3.24501498E-19  1.27180325E-19  4.49103725E-20
 1.70625087E-20  6.96978188E-21  3.04344797E-21  1.42590722E-21  7.05963925E-22
 3.68523094E-22  2.02959639E-22  1.18162919E-22  7.19870396E-23  4.64632808E-23
 3.20625891E-23  2.30053903E-23  1.78604366E-23  1.45317450E-23  1.24008828E-23
 1.07950056E-23  9.49075201E-24  8.48305976E-24  7.49542658E-24  6.71774120E-24
 5.77390958E-24  4.92773935E-24  3.96605451E-24  2.87382113E-24  1.68307317E-24
 6.17233247E-25  6.04302103E-26  2.08256936E-28  1.17935891E-31  3.96596847E-35
 9.73378096E-39  1.83335161E-42  2.84976347E-46  3.84114300E-50  4.47000922E-54
 0.00000000E+00
CO  
 0.00000000E+00  7.04495205E-33  6.00920354E-29  4.44621002E-25  2.78736825E-21
 1.43247954E-17  5.74309942E-14  1.64590478E-10  2.50891933E-07  6.56590443E-05
 6.58034523E-04  1.37778917E-03  2.22328575E-03  3.20476523E-03  4.31298615E-03
 5.53510010E-03  6.85974235E-03  8.27643773E-03  9.77592684E-03  1.13500804E-02
 1.29916959E-02  1.46942132E-02  1.64518728E-02  1.82608418E-02  2.01189505E-02
 2.20226106E-02  2.39649023E-02  2.59211342E-02  2.78626412E-02  2.97821571E-02
 3.16799893E-02  3.35558109E-02  3.54081710E-02  3.72339111E-02  3.90301218E-02
 4.07615241E-02  4.24101258E-02  4.39589602E-02  4.53093416E-02  4.62949660E-02
 4.66639584E-02  4.58480706E-02  4.31868783E-02  3.86778817E-02  3.35609475E-02
 2.90928949E-02  2.54012668E-02  2.23596816E-02  1.98312566E-02  1.77037561E-02
 1.58901722E-02  1.43231766E-02  1.29500956E-02  1.17289615E-02  1.06278064E-02
 9.62573794E-03  8.70653045E-03  7.85185662E-03  7.04819887E-03  6.29130866E-03
 5.57683058E-03  4.89760681E-03  4.24861516E-03  3.62683415E-03  3.03081424E-03
 2.45997600E-03  1.91161347E-03  1.38759276E-03  9.00796696E-04  4.62684782E-04
 1.50192874E-04  1.37778480E-05  4.71871099E-08  2.63193777E-11  8.80924230E-15
 2.14223323E-18  4.09224729E-22  6.43683554E-26  8.60511938E-30  1.00015067E-33
 0.00000000E+00
 0.00000000E+00 -1.37254180E-48 -1.18115920E-44 -8.75682318E-41 -5.53818034E-37
-2.82626283E-33 -1.13451471E-29 -3.20971915E-26 -4.76573921E-23 -1.20697679E-20
-1.07674114E-19 -2.02488414E-19 -2.98760646E-19 -3.84844368E-19 -4.69169793E-19
-5.45383297E-19 -6.07592310E-19 -6.71432237E-19 -7.14609919E-19 -7.69436933E-19
-8.07524996E-19 -8.20219169E-19 -8.27668281E-19 -8.52580757E-19 -8.70914255E-19
-8.97414006E-19 -8.85285171E-19 -8.81488042E-19 -8.56716764E-19 -8.63038661E-19
-8.27677042E-19 -8.36949073E-19 -8.41262752E-19 -7.99377630E-19 -7.77372731E-19
-7.01464040E-19 -6.39678280E-19 -6.39027453E-19 -4.51486752E-19 -3.52772248E-19
-5.03235674E-20  3.75926357E-19  9.18057190E-19  1.22579144E-18  1.27705574E-18
 1.18491721E-18  1.07697723E-18  9.28575228E-19  8.20606824E-19  7.21005858E-19
 6.22222193E-19  5.39678279E-19  4.82747672E-19  4.38290529E-19  3.93535369E-19
 3.57098544E-19  3.29214451E-19  3.08099053E-19  2.90220058E-19  2.75088819E-19
 2.60211916E-19  2.44419919E-19  2.23393565E-19  2.07880647E-19  1.88893673E-19
 1.68453153E-19  1.48524781E-19  1.24142174E-19  9.22483953E-20  5.53934332E-20
 2.07597026E-20  2.11022396E-21  7.27926063E-24  4.14503092E-27  1.38025045E-30
 3.35977636E-34  6.29170860E-38  9.86308957E-42  1.32326085E-45  1.53593707E-49
 0.00000000E+00
HCO 
 0.00000000E+00  4.08663772E-61  1.01648706E-55  2.57443298E-50  6.49614751E-45
 1.63198099E-39  4.09382121E-34  1.13086038E-28  1.20043736E-22  2.05432212E-16
 1.24068205E-13  7.83209454E-13  2.29608233E-12  5.04795643E-12  9.69712297E-12
 1.76181499E-11  3.16366668E-11  5.71785440E-11  1.04387685E-10  1.92757966E-10
 3.60807968E-10  6.82781333E-10  1.29544435E-09  2.45001929E-09  4.62420002E-09
 8.73946335E-09  1.65386154E-08  3.10582519E-08  5.72231045E-08  1.03013351E-07
 1.81103974E-07  3.11267376E-07  5.24504461E-07  8.70754191E-07  1.43552318E-06
 2.35685093E-06  3.89364801E-06  6.56495375E-06  1.12111225E-05  1.87774759E-05
 2.95950049E-05  3.88560916E-05  3.60258742E-05  2.15961929E-05  9.38115925E-06
 3.67359435E-06  1.43853286E-06  5.92062340E-07  2.63838352E-07  1.29628003E-07
 7.05822181E-08  4.21294236E-08  2.68984819E-08  1.78189398E-08  1.18974975E-08
 7.82380423E-09  4.97568610E-09  3.00607311E-09  1.69725384E-09  8.85891500E-10
 4.23109456E-10  1.82410313E-10  7.01513907E-11  2.39585062E-11  7.34201940E-12
 2.06765641E-12  5.40592301E-13  1.29134765E-13  2.69922883E-14  3.98699536E-15
 2.74134801E-16  1.91796763E-18  2.25906374E-23  7.64584389E-30  1.65710389E-36
 2.12939860E-42  5.69247324E-48  1.56092751E-53  4.26909067E-59  1.16420012E-64
 0.00000000E+00
 0.00000000E+00 -1.47377598E-76 -3.68873067E-71 -9.32180234E-66 -2.32271167E-60
-5.84397506E-55 -1.46265846E-49 -4.07390823E-44 -5.31494537E-38 -9.73340375E-32
-4.58663952E-29 -2.38455318E-28 -5.68367566E-28 -1.15105587E-27 -2.13444741E-27
-3.95709526E-27 -7.65106699E-27 -1.40946112E-26 -2.77787784E-26 -5.42768019E-26
-1.04255945E-25 -1.95795309E-25 -3.68636320E-25 -6.89946479E-25 -1.29826285E-24
-2.43768765E-24 -4.49609264E-24 -8.13918577E-24 -1.45137081E-23 -2.50247480E-23
-4.22478706E-23 -6.96612341E-23 -1.10085865E-22 -1.76909138E-22 -2.83540606E-22
-4.58174664E-22 -7.74705381E-22 -1.32354726E-21 -2.19406151E-21 -3.28709995E-21
-3.70205121E-21 -1.58234168E-21  2.93342520E-21  4.21288464E-21  2.46084914E-21
 1.09293103E-21  4.45181582E-22  1.79641795E-22  7.47797307E-23  3.29734286E-23
 1.51972492E-23  7.83039493E-24  4.55504991E-24  2.80427114E-24  1.82072798E-24
 1.29137539E-24  8.86076761E-25  5.86345938E-25  3.81985130E-25  2.22870220E-25
 1.20863662E-25  5.82610022E-26  2.44572087E-26  8.98236756E-27  2.89572714E-27
 8.04209972E-28  2.01908920E-28  4.61961704E-29  8.83594461E-30  1.21455181E-30
 8.01112669E-32  5.73672479E-34  6.76245007E-39  2.31070594E-45  5.09381610E-52
 6.61362906E-58  1.73714547E-63  4.75066747E-69  1.29692391E-74  3.56277050E-80
 0.00000000E+00
CH2O
 0.00000000E+00  1.49346189E-34  1.27389314E-30  9.42553511E-27  5.90894983E-23
 3.03671591E-19  1.21747894E-15  3.48913390E-12  5.31848864E-09  1.39149620E-06
 1.38899670E-05  2.89335116E-05  4.65216490E-05  6.68548862E-05  8.97199863E-05
 1.14825543E-04  1.41907429E-04  1.70715920E-04  2.01020884E-04  2.32605788E-04
 2.65255256E-04  2.98739130E-04  3.32810140E-04  3.67228548E-04  4.01760053E-04
 4.36111735E-04  4.69882802E-04  5.02315593E-04  5.32575464E-04  5.60150019E-04
 5.84564422E-04  6.05236547E-04  6.21474361E-04  6.32487600E-04  6.37417690E-04
 6.35409045E-04  6.25869011E-04  6.07992099E-04  5.81185795E-04  5.44217305E-04
 4.88427659E-04  3.96036637E-04  2.60862979E-04  1.29656602E-04  5.29879456E-05
 2.10129572E-05  8.61291771E-06  3.73746800E-06  1.73212954E-06  8.58771827E-07
 4.54889634E-07  2.56807021E-07  1.54038671E-07  9.77625135E-08  6.53179593E-08
 4.56987814E-08  3.32526988E-08  2.49385562E-08  1.91247083E-08  1.49196892E-08
 1.17782480E-08  9.35201281E-09  7.42810147E-09  5.87121239E-09  4.58944061E-09
 3.51644837E-09  2.59961586E-09  1.80713185E-09  1.13022542E-09  5.62113487E-10
 1.77753947E-10  1.61207328E-11  5.52148346E-14  3.07971890E-17  1.03080022E-20
 2.50670259E-24  4.78848312E-28  7.53196886E-32  1.00691546E-35  1.17031168E-39
 0.00000000E+00
 0.00000000E+00 -2.86310631E-50 -2.43982974E-46 -1.81123087E-42 -1.13430328E-38
-5.71575068E-35 -2.30493627E-31 -6.65591353E-28 -9.99931536E-25 -2.47269824E-22
-2.16810146E-21 -4.02376977E-21 -5.84408547E-21 -7.53314901E-21 -9.06815884E-21
-1.04705040E-20 -1.15753614E-20 -1.22717713E-20 -1.31628365E-20 -1.40328298E-20
-1.42960083E-20 -1.43445034E-20 -1.40898896E-20 -1.38182284E-20 -1.36512601E-20
-1.33112143E-20 -1.22164219E-20 -1.09158817E-20 -9.76415992E-21 -8.28608504E-21
-6.73272606E-21 -5.04468177E-21 -2.46487852E-21  3.47366895E-22  2.45420023E-21
 5.89308992E-21  8.82797301E-21  1.02829684E-20  1.39370325E-20  1.80239930E-20
 2.47130168E-20  3.56783609E-20  4.27883138E-20  2.95680605E-20  1.43881594E-20
 6.12652699E-21  2.55324675E-21  1.08862225E-21  4.85346400E-22  2.26154222E-22
 1.11054584E-22  5.72624059E-23  3.12848736E-23  1.80504721E-23  1.09153911E-23
 6.93202302E-24  4.57163954E-24  3.18008425E-24  2.33802295E-24  1.74695939E-24
 1.33101441E-24  1.03830637E-24  8.05913803E-25  6.34188308E-25  5.05096266E-25
 3.92351685E-25  3.03359310E-25  2.26256024E-25  1.52687689E-25  8.39095561E-26
 2.95942779E-26  2.90387015E-27  1.00134486E-29  5.60363689E-33  1.87964948E-36
 4.51943254E-40  8.49223601E-44  1.34095844E-47  1.78214977E-51  2.08642284E-55
 0.00000000E+00
CH2O
 0.00000000E+00  1.09347469E-75  2.52004914E-68  5.67153504E-61  1.21190133E-53
 2.39160901E-46  4.41473096E-39  8.14818875E-32  1.22505431E-24  2.68773122E-18
 1.57049825E-15  9.54856319E-15  2.69728956E-14  5.71427353E-14  1.05450727E-13
 1.83570769E-13  3.21067969E-13  6.04155850E-13  1.29459553E-12  3.09760759E-12
 7.55478584E-12  1.74200145E-11  3.71620428E-11  7.45502015E-11  1.44977695E-10
 2.80869874E-10  5.51245566E-10  1.09765733E-09  2.20295849E-09  4.44398804E-09
 9.00342908E-09  1.83130857E-08  3.74196221E-08  7.69423508E-08  1.59783776E-07
 3.32593377E-07  6.92359657E-07  1.43624234E-06  2.85452516E-06  5.10023855E-06
 7.72266386E-06  8.74650822E-06  6.50616852E-06  3.08112418E-06  1.08670924E-06
 3.57825714E-07  1.19797363E-07  4.19998042E-08  1.55624102E-08  6.09987409E-09
 2.52458322E-09  1.10078996E-09  5.04501319E-10  2.42181714E-10  1.21075627E-10
 6.25224886E-11  3.28872326E-11  1.72547682E-11  8.86310932E-12  4.42494240E-12
 2.14505134E-12  1.00976822E-12  4.62786414E-13  2.06971751E-13  9.02271597E-14
 3.80215750E-14  1.50994630E-14  5.40172763E-15  1.60573182E-15  3.10606028E-16
 2.51892745E-17  1.88516532E-19  2.23629499E-24  7.61751422E-31  1.00588216E-37
 7.63782407E-45  3.99445675E-52  1.62879773E-59  5.69517326E-67  1.83286023E-74
 0.00000000E+00
 0.00000000E+00 -4.36582393E-91 -1.00757738E-83 -2.27763280E-76 -4.94410315E-69
-1.00593471E-61 -1.96684018E-54 -3.82643430E-47 -5.86646976E-40 -1.24876647E-33
-5.53022528E-31 -2.74960247E-30 -6.21673771E-30 -1.18055773E-29 -2.04802855E-29
-3.63508223E-29 -7.55654592E-29 -1.73043398E-28 -4.67792613E-28 -1.23292875E-27
-3.00820344E-27 -6.01567989E-27 -1.17970428E-26 -2.21272244E-26 -4.10825382E-26
-7.97260996E-26 -1.56458775E-25 -3.19100909E-25 -6.23314530E-25 -1.29017797E-24
-2.65784759E-24 -5.49412322E-24 -1.13962165E-23 -2.26256943E-23 -4.19600408E-23
-9.13725188E-23 -1.84273782E-22 -3.67194975E-22 -6.02369297E-22 -8.87130669E-22
-9.46976581E-22  8.36501216E-22  9.06129115E-22  7.65900771E-22  2.88571496E-22
 1.21871098E-22  3.98209561E-23  1.48618281E-23  5.40941572E-24  2.11802238E-24
 8.53063197E-25  3.49016287E-25  1.55019167E-25  7.02312494E-26  3.31905298E-26
 1.66419034E-26  8.67933670E-27  4.61859476E-27  2.44087810E-27  1.27223662E-27
 6.40608946E-28  3.09764568E-28  1.39329984E-28  6.13071205E-29  2.64349689E-29
 1.08163221E-29  4.19549498E-30  1.52478343E-30  4.34340960E-31  8.64702395E-32
 7.15166490E-33  5.57134141E-35  6.72418537E-40  2.29303603E-46  3.07036976E-53
 2.33548495E-60  1.20152338E-67  4.92001623E-75  1.72524055E-82  5.55193594E-90
 0.00000000E+00
CH3O
 0.00000000E+00  9.87627492E-42  1.46043189E-37  1.99448870E-33  2.49848611E-29
 2.84754119E-25  2.92356079E-21  2.65875390E-17  1.84714295E-13  4.19204253E-10
 3.06257842E-08  1.13521569E-07  2.28861596E-07  3.68744679E-07  5.22189163E-07
 6.76532464E-07  8.18341393E-07  9.33287279E-07  1.00656472E-06  1.02524554E-06
 9.83897777E-07  8.91264650E-07  7.71121950E-07  6.52701226E-07  5.57417653E-07
 4.93342210E-07  4.59202096E-07  4.50938801E-07  4.64900804E-07  4.99291339E-07
 5.54513248E-07  6.32755093E-07  7.37644186E-07  8.73905001E-07  1.04696783E-06
 1.25722176E-06  1.49900523E-06  1.74967652E-06  1.93799362E-06  1.94752130E-06
 1.67062093E-06  1.13724468E-06  5.92088563E-07  2.41426414E-07  8.67968649E-08
 3.19783255E-08  1.26234560E-08  5.41450439E-09  2.53399048E-09  1.29441960E-09
 7.21549929E-10  4.39107512E-10  2.92054044E-10  2.12431377E-10  1.68797942E-10
 1.45900794E-10  1.35939913E-10  1.34839153E-10  1.40322510E-10  1.50129999E-10
 1.60502442E-10  1.65705803E-10  1.59815006E-10  1.40729962E-10  1.12074938E-10
 8.04706173E-11  5.14396321E-11  2.82207214E-11  1.22172800E-11  3.21020883E-12
 2.73384104E-13  1.70123113E-15  4.88437808E-19  4.76177768E-23  4.03442977E-27
 3.11955381E-31  2.21947150E-35  1.46228940E-39  8.97069675E-44  5.14850782E-48
 0.00000000E+00
 0.00000000E+00 -2.81806800E-57 -4.16864576E-53 -5.69170260E-49 -7.07100238E-45
-8.09464489E-41 -8.22372966E-37 -7.47384711E-33 -5.13756056E-29 -1.16463736E-25
-7.34598387E-24 -2.13765080E-23 -3.59018893E-23 -4.71313781E-23 -5.43766509E-23
-5.50093776E-23 -4.78878679E-23 -3.38152084E-23 -1.25525047E-23  1.45142228E-23
 4.34394462E-23  5.55499823E-23  6.69434996E-23  6.97041543E-23  5.17594549E-23
 3.47834149E-23  7.97367617E-24  3.47703614E-24  2.45213903E-24 -1.77159598E-23
 6.28311453E-24 -2.23952422E-23 -9.46110472E-23 -9.91723620E-23  2.52045843E-23
-3.87915673E-23 -4.61240831E-23 -3.20997808E-23  1.43257766E-22  2.71829907E-23
 9.51413785E-23  2.77107127E-22  1.01577656E-22  5.39657204E-23  1.80905496E-23
 9.78735618E-24  3.12296584E-24  1.52006820E-24  7.39826437E-25  2.69928186E-25
 1.41363482E-25  8.39379615E-26  6.46901672E-26  2.94320759E-26  8.15489347E-27
 1.02488279E-26  1.01969623E-26 -1.78354966E-28 -2.35687504E-27 -2.35921105E-28
 2.53232740E-27  5.78867050E-27  1.04966346E-26  1.24072982E-26  1.32706736E-26
 1.13125492E-26  8.35674134E-27  5.21724517E-27  2.52062625E-27  7.46066739E-28
 6.98876742E-29  4.64307547E-31  1.32230588E-34  1.28668868E-38  1.09216471E-42
 8.31357393E-47  5.91221143E-51  3.88080621E-55  2.38602721E-59  1.36503598E-63
 0.00000000E+00
CH3O
 0.00000000E+00  1.28440645E-35  1.09557307E-31  8.10614575E-28  5.08181421E-24
 2.61163730E-20  1.04705807E-16  3.00074535E-13  4.57415769E-10  1.19706844E-07
 1.19965276E-06  2.51073245E-06  4.04966375E-06  5.83434273E-06  7.84676257E-06
 1.00615318E-05  1.24543336E-05  1.49997210E-05  1.76705073E-05  2.04368583E-05
 2.32663506E-05  2.61255685E-05  2.89835763E-05  3.18160646E-05  3.46043944E-05
 3.73281090E-05  3.99591737E-05  4.24420809E-05  4.47157517E-05  4.67420015E-05
 4.84810814E-05  4.98782864E-05  5.08601780E-05  5.13300724E-05  5.11614866E-05
 5.02065699E-05  4.82943697E-05  4.51655053E-05  4.05825571E-05  3.44352030E-05
 2.64536243E-05  1.73045860E-05  9.06835565E-06  3.78976498E-06  1.42140435E-06
 5.54641959E-07  2.33907042E-07  1.07678321E-07  5.41965543E-08  2.97766379E-08
 1.78205154E-08  1.15994703E-08  8.20291081E-09  6.29035740E-09  5.20560925E-09
 4.60197618E-09  4.27300680E-09  4.08225052E-09  3.93662969E-09  3.77561888E-09
 3.56726860E-09  3.30180323E-09  2.98416334E-09  2.62670595E-09  2.24384782E-09
 1.84883878E-09  1.45058922E-09  1.05862040E-09  6.88738015E-10  3.53758596E-10
 1.14706554E-10  1.05156540E-11  3.60145250E-14  2.00876868E-17  6.72346065E-21
 1.63501245E-24  3.12331784E-28  4.91277331E-32  6.56766832E-36  7.63343025E-40
 0.00000000E+00
 0.00000000E+00 -2.26206624E-51 -1.93313524E-47 -1.43380104E-43 -8.97280176E-40
-4.66230904E-36 -1.86973168E-32 -5.33484718E-29 -7.96719548E-26 -2.02093448E-23
-1.78935254E-22 -3.32082991E-22 -4.82598123E-22 -6.20502989E-22 -7.47586047E-22
-8.58078441E-22 -9.44054446E-22 -9.97543480E-22 -1.04425334E-21 -1.09612383E-21
-1.08950056E-21 -1.04312952E-21 -9.66505094E-22 -9.07366262E-22 -8.47787017E-22
-7.36349597E-22 -6.74221737E-22 -5.32235589E-22 -3.82890665E-22 -2.53030284E-22
-1.05421921E-22  9.40847331E-23  2.91126427E-22  5.72614276E-22  9.23426964E-22
 1.28616567E-21  1.67706522E-21  2.00940718E-21  2.49208318E-21  2.67461553E-21
 2.93483253E-21  2.89605911E-21  2.08700649E-21  1.01801477E-21  4.05651644E-22
 1.62215619E-22  6.70659129E-23  2.92321015E-23  1.36194778E-23  6.79375083E-24
 3.57477051E-24  2.00430878E-24  1.15926714E-24  6.95848477E-25  4.41893504E-25
 2.93841678E-25  2.10937638E-25  1.75380833E-25  1.67671431E-25  1.72875636E-25
 1.88422714E-25  2.00202303E-25  2.05552327E-25  1.99593667E-25  1.91097304E-25
 1.72499767E-25  1.50636814E-25  1.24167599E-25  8.97347826E-26  5.24695272E-26
 1.91938348E-26  1.89846639E-27  6.58586680E-30  3.74266321E-33  1.23793177E-36
 3.00170021E-40  5.67594985E-44  8.97194460E-48  1.21704102E-51  1.42041211E-55
 0.00000000E+00
HO2 
 0.00000000E+00  4.29845894E-36  3.59361473E-32  2.65889239E-28  1.66686978E-24
 8.56618230E-21  3.43416552E-17  9.83997539E-14  1.49841153E-10  3.88197759E-08
 3.65286356E-07  7.18513093E-07  1.11436665E-06  1.56526846E-06  2.07466082E-06
 2.64493919E-06  3.27895956E-06  3.97834656E-06  4.74063729E-06  5.55472014E-06
 6.39877721E-06  7.24706830E-06  8.08575358E-06  8.92728412E-06  9.81118339E-06
 1.07910605E-05  1.19181767E-05  1.32193808E-05  1.46957246E-05  1.63455086E-05
 1.81669255E-05  2.01586317E-05  2.23246811E-05  2.46810331E-05  2.72676209E-05
 3.01002123E-05  3.32062512E-05  3.65293695E-05  3.95832301E-05  4.12922628E-05
 4.01709952E-05  3.51248638E-05  2.77453114E-05  2.18499742E-05  1.96516201E-05
 2.02887492E-05  2.24483325E-05  2.54424995E-05  2.89668084E-05  3.29084761E-05
 3.72454844E-05  4.19975318E-05  4.71982813E-05  5.28747167E-05  5.90125553E-05
 6.54828284E-05  7.19699587E-05  7.78917058E-05  8.22467665E-05  8.36995108E-05
 8.11315019E-05  7.42160395E-05  6.37336189E-05  5.13675965E-05  3.89937223E-05
 2.79611506E-05  1.88144463E-05  1.16306927E-05  6.33089313E-06  2.67681182E-06
 7.15771776E-07  5.96639427E-08  2.04297740E-10  1.13950382E-13  3.81398273E-17
 9.27485052E-21  1.77174835E-24  2.78684350E-28  3.72560722E-32  4.33017648E-36
 0.00000000E+00
 0.00000000E+00 -8.02097340E-52 -6.88811295E-48 -5.10438578E-44 -3.20537908E-40
-1.64917718E-36 -6.57257764E-33 -1.88054342E-29 -2.77681411E-26 -6.73962089E-24
-5.45867047E-23 -9.44138510E-23 -1.33427038E-22 -1.70627653E-22 -2.09502519E-22
-2.44675442E-22 -2.77808762E-22 -3.11993025E-22 -3.41214345E-22 -3.69589766E-22
-3.74601557E-22 -3.62853790E-22 -3.50037468E-22 -3.44727407E-22 -3.65962434E-22
-4.19367869E-22 -4.70777196E-22 -5.23165898E-22 -5.73961158E-22 -6.28513237E-22
-6.60943210E-22 -7.21514017E-22 -7.91914120E-22 -8.32299578E-22 -7.74932196E-22
-8.49169783E-22 -9.24749426E-22 -9.88085243E-22 -6.03089937E-22  2.14864686E-23
 1.19867658E-21  2.51012676E-21  2.26046296E-21  1.34905262E-21  2.68151891E-22
-3.46295037E-22 -7.51324218E-22 -1.12806446E-21 -1.38396349E-21 -1.54900919E-21
-1.63134893E-21 -1.71820050E-21 -1.89397093E-21 -2.19556325E-21 -2.35943989E-21
-2.51537309E-21 -2.37337029E-21 -2.03028950E-21 -1.22352495E-21  8.17842677E-23
 1.58727056E-21  3.03207888E-21  3.94654653E-21  4.11115200E-21  3.70595447E-21
 2.93400811E-21  2.12293706E-21  1.41013946E-21  8.13267600E-22  3.56298168E-22
 9.67526842E-23  8.38897233E-24  2.85815910E-26  1.63094570E-29  5.43913473E-33
 1.29288582E-36  2.41619070E-40  3.72193793E-44  5.01117346E-48  5.80882733E-52
 0.00000000E+00
C2H 
 0.00000000E+00  3.51692684E-88  2.32559448E-80  1.18686649E-72  4.57207435E-65
 1.46795320E-57  6.65781393E-50  4.94487191E-42  2.27603398E-34  8.40493686E-28
 3.07864339E-24  1.26392506E-22  2.36528745E-21  3.10648613E-20  3.11536458E-19
 2.47023204E-18  1.59463374E-17  8.60629386E-17  3.97928300E-16  1.61140540E-15
 5.83311720E-15  1.92580046E-14  5.91751285E-14  1.72660107E-13  4.87081339E-13
 1.34618847E-12  3.67097194E-12  9.81674428E-12  2.54656559E-11  6.39752264E-11
 1.55955281E-10  3.70004380E-10  8.58254080E-10  1.95905271E-09  4.44290862E-09
 9.99804310E-09  2.24952784E-08  5.11026429E-08  1.14161401E-07  2.37532210E-07
 4.37945641E-07  6.21536185E-07  5.62842759E-07  2.95530969E-07  1.03621259E-07
 3.12098709E-08  8.95872487E-09  2.54680380E-09  7.28258202E-10  2.10683605E-10
 6.17612169E-11  1.83406429E-11  5.51107715E-12  1.67257912E-12  5.12168060E-13
 1.58615656E-13  4.96579052E-14  1.55044412E-14  4.73008345E-15  1.38470375E-15
 3.79672093E-16  9.43140738E-17  2.05144026E-17  3.76511729E-18  5.57150470E-19
 6.24182409E-20  4.76368451E-21  2.14631812E-22  4.91559248E-24  4.29407227E-26
 1.93430288E-28  3.21249179E-31  3.22342230E-36  1.01202710E-42  1.15386739E-49
 6.99903706E-57  2.64219641E-64  6.82497802E-72  1.28623012E-79  1.85270258E-87
 0.00000000E+00
 0.00000000E+00 -1.22406473-103 -8.06453154E-96 -4.15483524E-88 -1.62572409E-80
-5.52241926E-73 -3.08358010E-65 -2.46005251E-57 -1.11933518E-49 -4.59912803E-43
-2.06410631E-39 -1.00800651E-37 -2.12471085E-36 -2.78972332E-35 -2.69353617E-34
-2.08167887E-33 -1.22818413E-32 -6.12713918E-32 -2.66796306E-31 -1.00324105E-30
-3.43743053E-30 -1.05559135E-29 -2.98460282E-29 -8.35954042E-29 -2.29642603E-28
-6.21738319E-28 -1.64317560E-27 -4.26033280E-27 -1.02284710E-26 -2.54989779E-26
-6.04030517E-26 -1.39608691E-25 -3.14513171E-25 -6.88009601E-25 -1.52030725E-24
-3.31507160E-24 -7.52631285E-24 -1.66250194E-23 -3.39084962E-23 -5.99347164E-23
-7.73196770E-23 -3.38750110E-23  5.51722610E-23  6.76952633E-23  3.29017429E-23
 1.14396688E-23  3.60857970E-24  1.06686328E-24  3.18326428E-25  9.47103789E-26
 2.77439289E-26  8.13767890E-27  2.45846980E-27  7.39183820E-28  2.26449492E-28
 7.01987155E-29  2.12497906E-29  6.72580575E-30  2.08941066E-30  6.61967332E-31
 1.92143339E-31  5.03432827E-32  1.17748530E-32  2.27471555E-33  3.69656307E-34
 4.42960448E-35  3.64316605E-36  1.76679825E-37  4.03872020E-39  3.03539995E-41
 9.11994636E-44  1.29952720E-46  1.45099902E-51  5.14733511E-58  6.28730438E-65
 4.06734057E-72  1.57746638E-79  4.20260100E-87  8.21915678E-95  1.21623536-102
 0.00000000E+00
C2H2
 0.00000000E+00  9.83188840E-35  8.38640464E-31  6.20510124E-27  3.89003265E-23
 1.99915895E-19  8.01503150E-16  2.29701380E-12  3.50143120E-09  9.16333272E-07
 9.18348803E-06  1.92283723E-05  3.10281388E-05  4.47257217E-05  6.01921608E-05
 7.72481606E-05  9.57351406E-05  1.15506957E-04  1.36434480E-04  1.58404458E-04
 1.81316786E-04  2.05080669E-04  2.29616965E-04  2.54874041E-04  2.80824371E-04
 3.07422077E-04  3.34577255E-04  3.61955561E-04  3.89172573E-04  4.16152039E-04
 4.42937327E-04  4.69579543E-04  4.96125458E-04  5.22578688E-04  5.48833973E-04
 5.73959719E-04  5.96439062E-04  6.12871515E-04  6.15087812E-04  5.89451441E-04
 5.14845357E-04  3.75995469E-04  2.06324002E-04  8.19966928E-05  2.68915665E-05
 8.67843159E-06  2.88793378E-06  1.00481042E-06  3.67823753E-07  1.42186479E-07
 5.82298815E-08  2.53557830E-08  1.17905649E-08  5.88380385E-09  3.16969477E-09
 1.85561840E-09  1.18315668E-09  8.16561366E-10  6.03239776E-10  4.70638473E-10
 3.81564377E-10  3.16339832E-10  2.64630038E-10  2.20886422E-10  1.82097517E-10
 1.46621101E-10  1.13415060E-10  8.21183097E-11  5.32407059E-11  2.73301383E-11
 8.86943461E-12  8.13575970E-13  2.78637807E-15  1.55414767E-18  5.20181880E-22
 1.26497929E-25  2.41645401E-29  3.80092305E-33  5.08128512E-37  5.90584567E-41
 0.00000000E+00
 0.00000000E+00 -1.92422188E-50 -1.63753497E-46 -1.22519466E-42 -7.70487317E-39
-3.96114914E-35 -1.58275727E-31 -4.55291846E-28 -6.82841914E-25 -1.73681601E-22
-1.57528154E-21 -3.00686397E-21 -4.48714303E-21 -5.83524938E-21 -7.17241999E-21
-8.46327531E-21 -9.51918442E-21 -1.05537175E-20 -1.14934895E-20 -1.25244784E-20
-1.33317490E-20 -1.38048481E-20 -1.44449870E-20 -1.46664630E-20 -1.52700345E-20
-1.57494685E-20 -1.61812431E-20 -1.61279277E-20 -1.62995084E-20 -1.66623614E-20
-1.67775699E-20 -1.68540044E-20 -1.73314362E-20 -1.75833140E-20 -1.70403619E-20
-1.68164471E-20 -1.50868498E-20 -1.21122469E-20 -3.39067615E-21  7.98366674E-21
 2.85617337E-20  4.74124170E-20  4.45374969E-20  2.30704703E-20  8.54080116E-21
 2.92409725E-21  1.00490393E-21  3.53659158E-22  1.28436348E-22  4.80662142E-23
 1.88271710E-23  7.68665286E-24  3.28494815E-24  1.47825932E-24  6.99983774E-25
 3.51867860E-25  1.86795182E-25  1.06808558E-25  6.53996086E-26  4.32723129E-26
 3.05354761E-26  2.32358655E-26  1.84357152E-26  1.54483299E-26  1.33408107E-26
 1.13754760E-26  9.83345394E-27  8.09370298E-27  6.02389575E-27  3.62400565E-27
 1.40784147E-27  1.98008241E-28  9.45811234E-31  6.09867647E-34  2.22999214E-37
 5.81475092E-41  1.16923163E-44  1.92224281E-48  2.67850585E-52  3.23727783E-56
 0.00000000E+00
C2H3
 0.00000000E+00  1.47128378E-76  3.87668045E-69  9.72708008E-62  2.21120138E-54
 4.32390895E-47  7.29186455E-40  1.21833406E-32  1.84694231E-25  4.33490531E-19
 3.98722623E-16  3.91170959E-15  1.78730705E-14  6.07450946E-14  1.75641838E-13
 4.62431262E-13  1.16447316E-12  2.92088478E-12  7.44655096E-12  1.89088749E-11
 4.57736067E-11  1.02898577E-10  2.16606646E-10  4.40769417E-10  8.97328701E-10
 1.86735538E-09  3.99584779E-09  8.70338826E-09  1.89832278E-08  4.10509061E-08
 8.73802614E-08  1.81919722E-07  3.68836698E-07  7.27129580E-07  1.39672930E-06
 2.59821858E-06  4.68100105E-06  8.15422953E-06  1.33050110E-05  1.92739901E-05
 2.32408595E-05  2.05155371E-05  1.18051283E-05  4.49775224E-06  1.36290561E-06
 4.02573201E-07  1.22439600E-07  3.88169901E-08  1.28341641E-08  4.40772056E-09
 1.56374363E-09  5.69882728E-10  2.12310423E-10  8.05675733E-11  3.11216979E-11
 1.22929452E-11  4.98716391E-12  2.06909176E-12  8.69853496E-13  3.67329061E-13
 1.53545665E-13  6.22277527E-14  2.39963301E-14  8.66967810E-15  2.89326370E-15
 8.73901192E-16  2.28591958E-16  4.83203140E-17  7.50324429E-18  6.67084265E-19
 2.64204891E-20  1.36595724E-22  1.55627865E-27  5.22548082E-34  6.72538260E-41
 4.90512516E-48  2.41593208E-55  9.04816336E-63  2.82524160E-70  7.91045170E-78
 0.00000000E+00
 0.00000000E+00 -5.52527731E-92 -1.45635917E-84 -3.67174461E-77 -8.42066469E-70
-1.70689982E-62 -3.12711425E-55 -5.75298632E-48 -9.11822843E-41 -2.15661353E-34
-1.76285087E-31 -1.64725047E-30 -7.32224286E-30 -2.41707562E-29 -6.79932284E-29
-1.78173811E-28 -4.55575407E-28 -1.18725294E-27 -3.19809748E-27 -8.03123051E-27
-1.84829046E-26 -3.71159828E-26 -7.28976421E-26 -1.44237147E-25 -2.98260657E-25
-6.31176072E-25 -1.37059942E-24 -3.00413620E-24 -6.42788557E-24 -1.38617564E-23
-2.89947881E-23 -5.76354779E-23 -1.08504315E-22 -2.10949601E-22 -3.99899347E-22
-6.26853319E-22 -9.07943703E-22 -1.79835430E-21 -2.25157383E-21 -1.67532576E-21
-6.98977993E-22  1.12209216E-21  1.86940575E-21  1.26051746E-21  4.53041419E-22
 1.74470028E-22  5.47540872E-23  1.56313114E-23  5.19826941E-24  1.80070140E-24
 6.20128526E-25  2.15925252E-25  8.11221277E-26  3.01175969E-26  1.14880221E-26
 4.44741938E-27  1.74582545E-27  7.07415048E-28  2.92799110E-28  1.24651294E-28
 5.38751657E-29  2.21616436E-29  8.66405759E-30  3.26009685E-30  1.12431228E-30
 3.44013487E-31  9.25054101E-32  2.03508979E-32  3.15027771E-33  2.59446428E-34
 8.73886067E-36  4.10149466E-38  4.65553599E-43  1.57185460E-49  2.05136555E-56
 1.49070767E-63  7.30815207E-71  2.73086069E-78  8.60810348E-86  2.39293200E-93
 0.00000000E+00
C2H4
 0.00000000E+00  2.62689412E-34  2.24068827E-30  1.65788537E-26  1.03934295E-22
 5.34137359E-19  2.14146441E-15  6.13718523E-12  9.35515988E-09  2.44826809E-06
 2.45364315E-05  5.13738189E-05  8.28993386E-05  1.19494603E-04  1.60814636E-04
 2.06379763E-04  2.55765297E-04  3.08579157E-04  3.64473649E-04  4.23141697E-04
 4.84308346E-04  5.47718463E-04  6.13139560E-04  6.80398871E-04  7.49367090E-04
 8.19835508E-04  8.91432675E-04  9.63074277E-04  1.03344753E-03  1.10186655E-03
 1.16761938E-03  1.22945119E-03  1.28521753E-03  1.33137351E-03  1.36228135E-03
 1.36909563E-03  1.34046841E-03  1.26065383E-03  1.11450889E-03  8.99530618E-04
 6.22763811E-04  3.40264310E-04  1.38697094E-04  4.41914098E-05  1.29819862E-05
 4.09113370E-06  1.40755869E-06  5.25874186E-07  2.11943942E-07  9.16420887E-08
 4.23454255E-08  2.08601204E-08  1.09435525E-08  6.11314150E-09  3.63973597E-09
 2.31472697E-09  1.57145947E-09  1.13172388E-09  8.56978576E-10  6.75945581E-10
 5.49037604E-10  4.53693098E-10  3.77345704E-10  3.12883221E-10  2.56241125E-10
 2.05068388E-10  1.57774766E-10  1.13711851E-10  7.34422024E-11  3.75821356E-11
 1.21676044E-11  1.11503562E-12  3.81882575E-15  2.13001216E-18  7.12926933E-22
 1.73369708E-25  3.31183229E-29  5.20929413E-33  6.96407382E-37  8.09416207E-41
 0.00000000E+00
 0.00000000E+00 -5.16143191E-50 -4.36183910E-46 -3.20730170E-42 -2.02002778E-38
-1.04535004E-34 -4.16685171E-31 -1.19465334E-27 -1.79899423E-24 -4.55537401E-22
-4.08005366E-21 -7.60527565E-21 -1.12926664E-20 -1.47486090E-20 -1.81009795E-20
-2.11128769E-20 -2.36599504E-20 -2.60303306E-20 -2.81323622E-20 -3.02370519E-20
-3.21407052E-20 -3.31203736E-20 -3.36662162E-20 -3.43212039E-20 -3.51859517E-20
-3.59565744E-20 -3.66214642E-20 -3.54000117E-20 -3.47010659E-20 -3.44049295E-20
-3.30479897E-20 -3.15846264E-20 -2.78474167E-20 -2.25330724E-20 -1.65610446E-20
-4.84943551E-21  1.18813237E-20  3.47002598E-20  6.22930908E-20  8.23426511E-20
 8.98116378E-20  7.36248334E-20  4.04305071E-20  1.46390575E-20  4.43629238E-21
 1.41878365E-21  4.88700193E-22  1.78400298E-22  6.89509631E-23  2.85842426E-23
 1.23864649E-23  5.63964861E-24  2.72273559E-24  1.38301784E-24  7.39905207E-25
 4.18956230E-25  2.44919632E-25  1.53291577E-25  1.02242765E-25  7.21358598E-26
 5.34586856E-26  4.18608128E-26  3.36123504E-26  2.77628893E-26  2.35032143E-26
 1.98651645E-26  1.64644799E-26  1.31573911E-26  9.43551560E-27  5.45774332E-27
 2.00303453E-27  2.00655976E-28  6.96474469E-31  3.90845192E-34  1.31290377E-37
 3.20406828E-41  6.06679197E-45  9.58653051E-49  1.29226269E-52  1.51156400E-56
 0.00000000E+00
C2H5
 0.00000000E+00  7.78299019E-45  1.22042994E-40  1.77576572E-36  2.38315529E-32
 2.92902952E-28  3.26892302E-24  3.26352675E-20  2.52002150E-16  6.47843636E-13
 6.85241683E-11  3.01714049E-10  6.91049822E-10  1.29403591E-09  2.23852099E-09
 3.79440255E-09  6.50484925E-09  1.14146784E-08  2.04384566E-08  3.68801286E-08
 6.61385079E-08  1.16777193E-07  2.02220922E-07  3.43094110E-07  5.69552422E-07
 9.22032685E-07  1.44912192E-06  2.19703144E-06  3.20430841E-06  4.52055742E-06
 6.22352454E-06  8.43333380E-06  1.13202219E-05  1.50916143E-05  1.99459421E-05
 2.58244708E-05  3.22443008E-05  3.78434109E-05  3.97310596E-05  3.49162654E-05
 2.31364814E-05  1.01507754E-05  2.76605621E-06  5.11670137E-07  8.22843296E-08
 1.44786134E-08  2.96207955E-09  7.23553559E-10  2.14150143E-10  7.66516098E-11
 3.25602201E-11  1.59730418E-11  8.82026927E-12  5.37473173E-12  3.56193152E-12
 2.53539174E-12  1.90756421E-12  1.48301404E-12  1.15968858E-12  8.87097382E-13
 6.45843905E-13  4.35868228E-13  2.66387854E-13  1.44768023E-13  6.92778801E-14
 2.91314170E-14  1.06676551E-14  3.32422952E-15  8.37723981E-16  1.44446160E-16
 1.14818280E-17  9.63601172E-20  2.71610713E-23  2.58073288E-27  2.13613183E-31
 1.61688884E-35  1.12800574E-39  7.29783519E-44  4.40175078E-48  2.48650964E-52
 0.00000000E+00
 0.00000000E+00 -2.52734802E-60 -3.95252110E-56 -5.74991820E-52 -7.67784680E-48
-9.39860551E-44 -1.03134963E-39 -1.02653851E-35 -7.87698720E-32 -1.96883965E-28
-1.85769820E-26 -6.42651781E-26 -1.29279097E-25 -2.34220670E-25 -4.20733690E-25
-7.69393045E-25 -1.45120700E-24 -2.76040719E-24 -5.24504057E-24 -9.77534722E-24
-1.72745702E-23 -2.92766417E-23 -4.87356972E-23 -7.84640837E-23 -1.24545044E-22
-1.90087690E-22 -2.72043373E-22 -3.70461023E-22 -4.77352831E-22 -5.82737211E-22
-7.30049111E-22 -9.08017979E-22 -1.19530029E-21 -1.92984573E-21 -1.67865587E-21
-1.60484640E-21 -1.01263174E-21 -1.85252730E-21 -1.23865111E-22  2.68150889E-21
 4.79668791E-21  3.81478914E-21  1.25714515E-21  2.56661938E-22  4.31065112E-23
 8.00742852E-24  1.57383081E-24  3.38909153E-25  8.80037976E-26  2.82457223E-26
 1.00457729E-26  4.21865863E-27  2.00343671E-27  1.03916210E-27  5.91455440E-28
 3.61789148E-28  2.43835425E-28  1.75251522E-28  1.35057283E-28  1.15113835E-28
 9.82738009E-29  7.90562620E-29  5.65631145E-29  3.54414873E-29  1.92367527E-29
 8.56300150E-30  3.22387313E-30  1.01671021E-30  2.42641112E-31  3.88797284E-32
 2.99378322E-33  2.80701888E-35  8.05946795E-39  7.69413779E-43  6.34078407E-47
 4.83362726E-51  3.38045597E-55  2.19670338E-59  1.32677480E-63  7.56157020E-68
 0.00000000E+00
C2H6
 0.00000000E+00  3.94394321E-34  3.36410487E-30  2.48910137E-26  1.56043959E-22
 8.01938453E-19  3.21513302E-15  9.21419326E-12  1.40455681E-08  3.67575588E-06
 3.68189244E-05  7.70120951E-05  1.24159932E-04  1.78797463E-04  2.40356401E-04
 3.08052001E-04  3.81162889E-04  4.58992027E-04  5.40876154E-04  6.26168684E-04
 7.14211212E-04  8.04294033E-04  8.95631104E-04  9.87369218E-04  1.07849873E-03
 1.16760168E-03  1.25265529E-03  1.33038415E-03  1.39705959E-03  1.44939985E-03
 1.48367620E-03  1.49527187E-03  1.47866692E-03  1.42762712E-03  1.33558518E-03
 1.19927083E-03  1.01863778E-03  7.97546698E-04  5.57046825E-04  3.33501824E-04
 1.55901948E-04  5.18106632E-05  1.18142549E-05  2.00766829E-06  3.14883109E-07
 5.50470691E-08  1.10027978E-08  2.50908388E-09  6.50449630E-10  1.91416651E-10
 6.40981518E-11  2.45996341E-11  1.09522680E-11  5.73788170E-12  3.56490243E-12
 2.59422564E-12  2.12644458E-12  1.86494548E-12  1.67519903E-12  1.49947464E-12
 1.32132927E-12  1.14365061E-12  9.74252745E-13  8.17843617E-13  6.74708133E-13
 5.42827986E-13  4.19438074E-13  3.03394157E-13  1.96546211E-13  1.00833310E-13
 3.27104689E-14  3.00002849E-15  1.02746534E-17  5.73085495E-21  1.91814907E-24
 4.66455858E-28  8.91057376E-32  1.40157458E-35  1.87370277E-39  2.17775605E-43
 0.00000000E+00
 0.00000000E+00 -8.15214991E-50 -6.96479204E-46 -5.12142381E-42 -3.19968462E-38
-1.63292485E-34 -6.47095670E-31 -1.83108206E-27 -2.71771643E-24 -6.73763466E-22
-5.99426531E-21 -1.11959243E-20 -1.65985119E-20 -2.15548829E-20 -2.60770342E-20
-3.03077571E-20 -3.34961499E-20 -3.64994376E-20 -3.91487313E-20 -4.16885670E-20
-4.33996110E-20 -4.36262417E-20 -4.39097972E-20 -4.31211527E-20 -4.30477001E-20
-4.10875890E-20 -3.86932347E-20 -3.47411572E-20 -2.81064748E-20 -2.13040442E-20
-1.34243352E-20 -2.80425090E-21  1.09217417E-20  2.56550122E-20  4.25377588E-20
 6.06610225E-20  7.74763712E-20  8.61199532E-20  8.60131791E-20  7.04659642E-20
 4.56881660E-20  2.06108527E-20  5.78941744E-21  1.07201279E-21  1.71161835E-22
 2.97718269E-23  5.83510523E-24  1.27897825E-24  3.15776362E-25  8.64399165E-26
 2.63186892E-26  8.91007662E-27  3.36782170E-27  1.40568558E-27  6.49384692E-28
 3.34708966E-28  1.95366773E-28  1.39675779E-28  1.17387182E-28  1.10508081E-28
 1.04577807E-28  9.64932085E-29  8.48135659E-29  7.37342228E-29  6.35518250E-29
 5.37555251E-29  4.48284701E-29  3.59632679E-29  2.59239547E-29  1.50566117E-29
 5.60253607E-30  6.13639578E-31  2.40371208E-33  1.42509082E-36  4.94676011E-40
 1.24575932E-43  2.41659602E-47  3.88284922E-51  5.27748888E-55  6.26506194E-59
 0.00000000E+00
HCCO
 0.00000000E+00  2.44761330E-69  1.09746716E-62  4.91929946E-56  2.20279947E-49
 9.79749283E-43  4.19731140E-36  1.56263439E-29  3.79599310E-23  2.49531795E-17
 1.69213937E-14  1.23233127E-13  4.11227006E-13  1.00744523E-12  2.08406264E-12
 3.89487745E-12  6.85130867E-12  1.16891378E-11  1.99434153E-11  3.53306857E-11
 6.71441097E-11  1.36828735E-10  2.89030018E-10  6.12408842E-10  1.28682958E-09
 2.69164752E-09  5.64425299E-09  1.18521817E-08  2.47688160E-08  5.14253352E-08
 1.06007952E-07  2.16582450E-07  4.37198673E-07  8.67709942E-07  1.68297784E-06
 3.13428531E-06  5.54434604E-06  9.24874732E-06  1.42010222E-05  1.95988208E-05
 2.40770275E-05  2.50053270E-05  1.98279957E-05  1.09029923E-05  4.48223784E-06
 1.66674085E-06  6.09958802E-07  2.27705068E-07  8.81979095E-08  3.57136909E-08
 1.51532123E-08  6.72946315E-09  3.11634868E-09  1.49580703E-09  7.38865000E-10
 3.73324302E-10  1.91584229E-10  9.87231597E-11  5.05766298E-11  2.56898156E-11
 1.29143020E-11  6.39464162E-12  3.10268699E-12  1.46405809E-12  6.63487350E-13
 2.82724695E-13  1.08828779E-13  3.55421853E-14  8.93424004E-15  1.33786994E-15
 8.23964353E-17  5.28804240E-19  6.34786924E-24  2.94898227E-30  6.79591327E-37
 1.20003525E-43  1.94211877E-50  3.07950079E-57  4.86611080E-64  7.68494418E-71
 0.00000000E+00
 0.00000000E+00 -9.59384329E-85 -4.29756924E-78 -1.93724742E-71 -8.68643015E-65
-3.83764608E-58 -1.65535412E-51 -6.33372654E-45 -1.64364890E-38 -1.18399804E-32
-6.79311717E-30 -4.25616482E-29 -1.23323943E-28 -2.77463054E-28 -5.24560208E-28
-9.21896871E-28 -1.58974800E-27 -2.62954517E-27 -4.85895401E-27 -9.89481927E-27
-2.14947920E-26 -4.63157520E-26 -9.94582833E-26 -2.09036476E-25 -4.38186550E-25
-9.03061149E-25 -1.84588997E-24 -3.83902712E-24 -7.89352482E-24 -1.66485523E-23
-3.37325417E-23 -6.75019875E-23 -1.31509717E-22 -2.47945958E-22 -4.50632764E-22
-7.68977338E-22 -1.21264525E-21 -1.72819530E-21 -2.04679328E-21 -1.94196172E-21
-1.15701645E-21  3.97850489E-22  2.21431513E-21  2.19891183E-21  1.19495502E-21
 5.07532749E-22  1.99895835E-22  7.56287147E-23  2.93133922E-23  1.16853863E-23
 4.75549091E-24  2.03613103E-24  9.07381349E-25  4.16065243E-25  2.01746643E-25
 1.00452723E-25  5.00509460E-26  2.59853621E-26  1.33422475E-26  6.94975010E-27
 3.56559445E-27  1.76239609E-27  8.46396414E-28  4.00642496E-28  1.85097234E-28
 7.83385846E-29  3.13358448E-29  1.08008532E-29  2.73520244E-30  4.12292593E-31
 2.42515795E-32  1.55728399E-34  1.88228128E-39  8.85115636E-46  2.06599130E-52
 3.62465894E-59  5.90650490E-66  9.26460046E-73  1.45927625E-79  2.30487631E-86
 0.00000000E+00
CH2C
 0.00000000E+00  4.46401554E-35  3.80771620E-31  2.81732941E-27  1.76620864E-23
 9.07686935E-20  3.63910001E-16  1.04292328E-12  1.58977021E-09  4.16046827E-07
 4.16962194E-06  8.73041086E-06  1.40880607E-05  2.03075238E-05  2.73303281E-05
 3.50751866E-05  4.34702940E-05  5.24496576E-05  6.19553808E-05  7.19375219E-05
 8.23532863E-05  9.31654107E-05  1.04342689E-04  1.15865931E-04  1.27724563E-04
 1.39894770E-04  1.52325079E-04  1.64842409E-04  1.77239027E-04  1.89429119E-04
 2.01344647E-04  2.12856427E-04  2.23731118E-04  2.33569554E-04  2.41731271E-04
 2.47113170E-04  2.48324440E-04  2.43348078E-04  2.29714010E-04  2.05721480E-04
 1.69564600E-04  1.23228842E-04  7.52169170E-05  3.78859528E-05  1.70253438E-05
 7.66485821E-06  3.55850116E-06  1.71739052E-06  8.64263697E-07  4.53995274E-07
 2.49011707E-07  1.42625611E-07  8.53124842E-08  5.32856938E-08  3.47565590E-08
 2.36962538E-08  1.68741629E-08  1.24947680E-08  9.57020935E-09  7.54861740E-09
 6.09316121E-09  4.99246766E-09  4.11820163E-09  3.39122591E-09  2.76263442E-09
 2.20238622E-09  1.68989134E-09  1.21582416E-09  7.84507727E-10  4.01320284E-10
 1.29941204E-10  1.19090096E-11  4.07865348E-14  2.27493528E-17  7.61433509E-21
 1.85165547E-24  3.53716484E-28  5.56372740E-32  7.43789990E-36  8.64487782E-40
 0.00000000E+00
 0.00000000E+00 -8.66721781E-51 -7.36178974E-47 -5.43000411E-43 -3.43440886E-39
-1.75801002E-35 -7.00096601E-32 -2.02551878E-28 -3.01153361E-25 -7.54633159E-23
-6.82927642E-22 -1.29180558E-21 -1.89852154E-21 -2.47465994E-21 -3.03108137E-21
-3.51351971E-21 -3.89919510E-21 -4.28357483E-21 -4.66905815E-21 -4.98832805E-21
-5.24079306E-21 -5.40653652E-21 -5.50600300E-21 -5.60824273E-21 -5.73179552E-21
-5.88234138E-21 -5.89296522E-21 -5.74411850E-21 -5.66161368E-21 -5.64469852E-21
-5.37820903E-21 -5.27579721E-21 -4.93513232E-21 -4.32413064E-21 -3.28250406E-21
-1.93487786E-21  6.87891189E-22  2.70638419E-21  6.69349444E-21  9.95225456E-21
 1.27437790E-20  1.38345798E-20  1.18784162E-20  7.46968125E-21  3.84664362E-21
 1.86684521E-21  9.08195223E-22  4.36729930E-22  2.16444588E-22  1.09976281E-22
 5.74231027E-23  3.06973119E-23  1.72516719E-23  9.92268454E-24  5.88125918E-24
 3.69785700E-24  2.34804629E-24  1.55034445E-24  1.08240511E-24  7.86064246E-25
 5.89118597E-25  4.54323858E-25  3.60895425E-25  2.93826468E-25  2.45355180E-25
 2.04342799E-25  1.69102828E-25  1.33907591E-25  9.58732898E-26  5.62519072E-26
 2.04819173E-26  2.09252183E-27  7.21525703E-30  4.09782988E-33  1.38072353E-36
 3.32913005E-40  6.33323105E-44  9.98662353E-48  1.33737157E-51  1.55843220E-55
 0.00000000E+00
HCCO
 0.00000000E+00  2.51123991E-37  2.14203754E-33  1.58489369E-29  9.93583823E-26
 5.10620905E-22  2.04718221E-18  5.86698354E-15  8.94328070E-12  2.34047885E-09
 2.34562685E-08  4.91126987E-08  7.92514185E-08  1.14237524E-07  1.53741667E-07
 1.97306000E-07  2.44525745E-07  2.95028326E-07  3.48485834E-07  4.04614001E-07
 4.63168774E-07  5.23941300E-07  5.86768394E-07  6.51576478E-07  7.18377612E-07
 7.87170643E-07  8.57894185E-07  9.29928781E-07  1.00262200E-06  1.07629458E-06
 1.15186924E-06  1.23074166E-06  1.31500424E-06  1.40775257E-06  1.51364302E-06
 1.63704703E-06  1.78442279E-06  1.96298403E-06  2.16502691E-06  2.34794719E-06
 2.40976449E-06  2.14610729E-06  1.46552581E-06  7.15191989E-07  2.76413085E-07
 1.01033017E-07  3.71829798E-08  1.41236667E-08  5.60912964E-09  2.34767337E-09
 1.04168209E-09  4.92479888E-10  2.49251849E-10  1.35631316E-10  7.97005326E-11
 5.07908791E-11  3.50879498E-11  2.60585351E-11  2.05361708E-11  1.69183339E-11
 1.43318265E-11  1.22934091E-11  1.05474807E-11  8.96357891E-12  7.47994296E-12
 6.07029016E-12  4.71864776E-12  3.42665515E-12  2.22545619E-12  1.14349814E-12
 3.71294672E-13  3.40642272E-14  1.16665012E-16  6.50718069E-20  2.17798962E-23
 5.29643932E-27  1.01176376E-30  1.59143778E-34  2.12752244E-38  2.47276406E-42
 0.00000000E+00
 0.00000000E+00 -4.98349293E-53 -4.25793284E-49 -3.15197009E-45 -1.98224035E-41
-1.02573627E-37 -4.07000942E-34 -1.16990579E-30 -1.75680526E-27 -4.45872537E-25
-4.00314904E-24 -7.53539150E-24 -1.11714417E-23 -1.45779194E-23 -1.78654826E-23
-2.09577267E-23 -2.36055578E-23 -2.59307699E-23 -2.82452648E-23 -3.08655341E-23
-3.25744693E-23 -3.38495957E-23 -3.50274612E-23 -3.61183079E-23 -3.74308579E-23
-3.88018706E-23 -4.01644832E-23 -4.06873307E-23 -4.08830454E-23 -4.26664114E-23
-4.44852619E-23 -4.71022640E-23 -5.06950699E-23 -5.46631404E-23 -6.16454868E-23
-6.96693355E-23 -8.00833318E-23 -9.48838795E-23 -9.67573681E-23 -7.82162161E-23
-3.16559104E-24  1.34851895E-22  2.22697898E-22  1.60977881E-22  7.61564961E-23
 3.09146409E-23  1.19554274E-23  4.54996112E-24  1.79716441E-24  7.26894996E-25
 3.04689180E-25  1.33140907E-25  6.14579550E-26  2.96403475E-26  1.50675836E-26
 8.15079974E-27  4.57827601E-27  2.75809264E-27  1.80053448E-27  1.25700745E-27
 9.56482365E-28  7.79230462E-28  6.79182412E-28  5.93370140E-28  5.29408084E-28
 4.68126857E-28  4.02565558E-28  3.31995632E-28  2.45438206E-28  1.44557246E-28
 5.41760579E-29  5.47493600E-30  1.94747081E-32  1.10722256E-35  3.66138637E-39
 8.76952969E-43  1.66026235E-46  2.59587052E-50  3.50353118E-54  4.06962745E-58
 0.00000000E+00
AR  
 0.00000000E+00  0.00000000E+00  0.00000000E+00  0.00000000E+00  0.00000000E+00
 0.00000000E+00  0.00000000E+00  0.00000000E+00  0.00000000E+00  0.00000000E+00
 0.00000000E+00  0.00000000E+00  0.00000000E+00  0.00000000E+00  0.00000000E+00
 0.00000000E+00  0.00000000E+00  0.00000000E+00  0.00000000E+00  0.00000000E+00
 0.00000000E+00  0.00000000E+00  0.00000000E+00  0.00000000E+00  0.00000000E+00
 0.00000000E+00  0.00000000E+00  0.00000000E+00  0.00000000E+00  0.00000000E+00
 0.00000000E+00  0.00000000E+00  0.00000000E+00  0.00000000E+00  0.00000000E+00
 0.00000000E+00  0.00000000E+00  0.00000000E+00  0.00000000E+00  0.00000000E+00
 0.00000000E+00  0.00000000E+00  0.00000000E+00  0.00000000E+00  0.00000000E+00
 0.00000000E+00  0.00000000E+00  0.00000000E+00  0.00000000E+00  0.00000000E+00
 0.00000000E+00  0.00000000E+00  0.00000000E+00  0.00000000E+00  0.00000000E+00
 0.00000000E+00  0.00000000E+00  0.00000000E+00  0.00000000E+00  0.00000000E+00
 0.00000000E+00  0.00000000E+00  0.00000000E+00  0.00000000E+00  0.00000000E+00
 0.00000000E+00  0.00000000E+00  0.00000000E+00  0.00000000E+00  0.00000000E+00
 0.00000000E+00  0.00000000E+00  0.00000000E+00  0.00000000E+00  0.00000000E+00
 0.00000000E+00  0.00000000E+00  0.00000000E+00  0.00000000E+00  0.00000000E+00
 0.00000000E+00
 0.00000000E+00  0.00000000E+00  0.00000000E+00  0.00000000E+00  0.00000000E+00
 0.00000000E+00  0.00000000E+00  0.00000000E+00  0.00000000E+00  0.00000000E+00
 0.00000000E+00  0.00000000E+00  0.00000000E+00  0.00000000E+00  0.00000000E+00
 0.00000000E+00  0.00000000E+00  0.00000000E+00  0.00000000E+00  0.00000000E+00
 0.00000000E+00  0.00000000E+00  0.00000000E+00  0.00000000E+00  0.00000000E+00
 0.00000000E+00  0.00000000E+00  0.00000000E+00  0.00000000E+00  0.00000000E+00
 0.00000000E+00  0.00000000E+00  0.00000000E+00  0.00000000E+00  0.00000000E+00
 0.00000000E+00  0.00000000E+00  0.00000000E+00  0.00000000E+00  0.00000000E+00
 0.00000000E+00  0.00000000E+00  0.00000000E+00  0.00000000E+00  0.00000000E+00
 0.00000000E+00  0.00000000E+00  0.00000000E+00  0.00000000E+00  0.00000000E+00
 0.00000000E+00  0.00000000E+00  0.00000000E+00  0.00000000E+00  0.00000000E+00
 0.00000000E+00  0.00000000E+00  0.00000000E+00  0.00000000E+00  0.00000000E+00
 0.00000000E+00  0.00000000E+00  0.00000000E+00  0.00000000E+00  0.00000000E+00
 0.00000000E+00  0.00000000E+00  0.00000000E+00  0.00000000E+00  0.00000000E+00
 0.00000000E+00  0.00000000E+00  0.00000000E+00  0.00000000E+00  0.00000000E+00
 0.00000000E+00  0.00000000E+00  0.00000000E+00  0.00000000E+00  0.00000000E+00
 0.00000000E+00
H2  
 0.00000000E+00  3.71666659E-34  3.17024244E-30  2.34566255E-26  1.47051653E-22
 7.55725348E-19  3.02985536E-15  8.68320927E-12  1.32361677E-08  3.46393807E-06
 3.47155719E-05  7.26874151E-05  1.17293109E-04  1.69073002E-04  2.27539655E-04
 2.92015411E-04  3.61901024E-04  4.36644404E-04  5.15757929E-04  5.98813999E-04
 6.85434239E-04  7.75274056E-04  8.68030220E-04  9.63499370E-04  1.06156361E-03
 1.16202764E-03  1.26451740E-03  1.36771669E-03  1.47009222E-03  1.57122393E-03
 1.67105854E-03  1.76944657E-03  1.86606282E-03  1.96027793E-03  2.05107349E-03
 2.13510752E-03  2.20875912E-03  2.26605719E-03  2.29375221E-03  2.27249582E-03
 2.17228307E-03  1.95669354E-03  1.62299360E-03  1.24396771E-03  9.28383856E-04
 7.10118739E-04  5.57020387E-04  4.44530734E-04  3.58720106E-04  2.91726027E-04
 2.38863642E-04  1.97086996E-04  1.64198465E-04  1.38437692E-04  1.18317670E-04
 1.02567887E-04  9.00310602E-05  7.96660126E-05  7.07049979E-05  6.26908351E-05
 5.53405937E-05  4.84670026E-05  4.19692229E-05  3.57903601E-05  2.98961692E-05
 2.42652943E-05  1.88606576E-05  1.36951345E-05  8.89375038E-06  4.56965876E-06
 1.48373843E-06  1.36123741E-07  4.66203958E-10  2.60032837E-13  8.70344387E-17
 2.11650515E-20  4.04309966E-24  6.35952956E-28  8.50177245E-32  9.88138924E-36
 0.00000000E+00
 0.00000000E+00 -7.63811502E-50 -6.44681458E-46 -4.76706110E-42 -2.98631049E-38
-1.53400518E-34 -6.06660092E-31 -1.72555998E-27 -2.55441699E-24 -6.34546160E-22
-5.76120162E-21 -1.07477403E-20 -1.58485632E-20 -2.05813073E-20 -2.50059309E-20
-2.92120543E-20 -3.26127167E-20 -3.57546347E-20 -3.81411043E-20 -4.17324784E-20
-4.35764604E-20 -4.52066674E-20 -4.55535136E-20 -4.60905631E-20 -4.66855949E-20
-4.91092824E-20 -4.93165388E-20 -4.79968727E-20 -4.69346662E-20 -4.81771880E-20
-4.71269116E-20 -4.73441942E-20 -4.55212931E-20 -4.45151257E-20 -4.17020166E-20
-3.83899698E-20 -3.20738164E-20 -2.60850218E-20 -7.03747463E-21  1.09214610E-20
 4.17375284E-20  7.74733434E-20  1.02557175E-19  9.23472718E-20  6.96811510E-20
 5.23580907E-20  4.14600454E-20  3.26673556E-20  2.61284326E-20  2.12628096E-20
 1.70354312E-20  1.33824222E-20  1.06805893E-20  8.25689661E-21  6.51556244E-21
 5.17468731E-21  4.11598815E-21  3.51529379E-21  3.12129109E-21  2.84284923E-21
 2.61120171E-21  2.40437309E-21  2.20111604E-21  2.03975441E-21  1.86325337E-21
 1.66033364E-21  1.45087147E-21  1.21371173E-21  9.10321160E-22  5.53535188E-22
 2.08278219E-22  2.10913427E-23  7.31769830E-26  4.14334350E-29  1.37681998E-32
 3.27324178E-36  6.21346484E-40  9.93882958E-44  1.33769612E-47  1.55871771E-51
 0.00000000E+00
C3H7
 0.00000000E+00  6.96927894E-39  5.94465590E-35  4.39845122E-31  2.75742784E-27
 1.41709262E-23  5.68141017E-20  1.62822537E-16  2.48197002E-13  6.49635473E-11
 6.95104883E-10  1.60412304E-09  2.76240735E-09  4.20518876E-09  5.94408495E-09
 7.97401190E-09  1.02643406E-08  1.27298288E-08  1.51862061E-08  1.72934308E-08
 1.85273866E-08  1.82912514E-08  1.62915069E-08  1.30004068E-08  9.54954312E-09
 6.87097194E-09  5.14045051E-09  4.09783143E-09  3.46830621E-09  3.08344133E-09
 2.85831642E-09  2.75554250E-09  2.77050352E-09  2.93376272E-09  3.32636525E-09
 4.08092640E-09  5.34562496E-09  7.09457646E-09  8.56587805E-09  8.18111522E-09
 5.15440613E-09  1.70537645E-09  2.65343276E-10  2.28097595E-11  1.59467362E-12
 1.28432156E-13  1.34459272E-14  1.87923058E-15  3.38601691E-16  7.49724862E-17
 1.97729515E-17  6.12589052E-18  2.22077892E-18  9.42466719E-19  4.69250646E-19
 2.74552686E-19  1.87733248E-19  1.47530906E-19  1.29340998E-19  1.20120950E-19
 1.09823719E-19  9.22319073E-20  6.85254604E-20  4.48582165E-20  2.61619617E-20
 1.37349344E-20  6.47982720E-21  2.70986733E-21  9.72266170E-22  2.66955402E-22
 4.73905986E-23  3.17979628E-24  1.08819953E-26  6.06960866E-30  2.03153182E-33
 4.94028298E-37  9.43728224E-41  1.48442236E-44  1.98445828E-48  2.30648431E-52
 0.00000000E+00
 0.00000000E+00 -1.26016859E-54 -1.07553539E-50 -7.86475457E-47 -4.90493928E-43
-2.52758928E-39 -1.01447647E-35 -2.89491549E-32 -4.29051756E-29 -1.06843873E-26
-1.08762636E-25 -2.40524028E-25 -3.97955716E-25 -5.67369421E-25 -7.47277011E-25
-9.33322174E-25 -1.07530187E-24 -1.17411645E-24 -1.15456216E-24 -9.14744228E-25
-3.64780131E-25  4.46302766E-25  1.49005397E-24  2.01402930E-24  1.82227771E-24
 1.35510406E-24  5.76468030E-25  5.62038461E-25 -2.61735017E-25 -2.47795009E-25
-1.87665089E-25  3.49455648E-25 -2.13290391E-25 -2.85248514E-25 -4.36677281E-25
 3.52263074E-26 -6.75135006E-25 -1.19656478E-24 -4.34296112E-25 -8.41761007E-25
 1.29956144E-24  7.84116021E-25  1.83663817E-25  1.56468545E-26  1.13429809E-27
 8.72041110E-29  9.08129702E-30  1.14207852E-30  1.88451898E-31  4.55234489E-32
 1.08349770E-32  2.57657160E-33  6.98560031E-34  2.53793204E-34  1.54594024E-34
 5.55760901E-35  2.65587214E-35  1.19678043E-35  4.14025110E-36  8.32270875E-37
 8.42751705E-36  1.26373372E-35  1.25360947E-35  9.78903747E-36  6.47078233E-36
 3.62778801E-36  1.76568259E-36  7.47434786E-37  2.56815000E-37  6.41416802E-38
 9.75616300E-39  5.86193891E-40  2.01810761E-42  1.14113121E-45  3.89527724E-49
 9.38730650E-53  1.78694853E-56  2.83121998E-60  3.77779266E-64  4.42900287E-68
 0.00000000E+00
C3H8
 0.00000000E+00  1.08801816E-39  9.28057773E-36  6.86669989E-32  4.30479463E-28
 2.21231269E-24  8.86960768E-21  2.54192523E-17  3.87475943E-14  1.01401399E-11
 1.00727737E-10  2.08160848E-10  3.32875047E-10  4.76163084E-10  6.36358696E-10
 8.11282341E-10  9.98960690E-10  1.19745369E-09  1.40469846E-09  1.61810030E-09
 1.83396676E-09  2.04717660E-09  2.25170915E-09  2.44210621E-09  2.61469088E-09
 2.76740668E-09  2.89864562E-09  3.00546779E-09  3.08480391E-09  3.13452405E-09
 3.15217419E-09  3.13469546E-09  3.07863170E-09  2.98028527E-09  2.83521646E-09
 2.64024605E-09  2.38613334E-09  2.04913151E-09  1.60578687E-09  1.07105047E-09
 5.27291725E-10  1.63902027E-10  3.13964854E-11  4.34844449E-12  5.65717377E-13
 8.42192414E-14  1.46589088E-14  2.96140842E-15  6.88310466E-16  1.82700243E-16
 5.50769288E-17  1.87854265E-17  7.23148604E-18  3.13721476E-18  1.53375177E-18
 8.45829795E-19  5.24186168E-19  3.60323266E-19  2.69511136E-19  2.14448765E-19
 1.77148873E-19  1.48748281E-19  1.25149348E-19  1.04539855E-19  8.60428586E-20
 6.91252578E-20  5.33581272E-20  3.85676338E-20  2.49723728E-20  1.28070881E-20
 4.15373323E-21  3.80927674E-22  1.30462067E-24  7.27673386E-28  2.43556335E-31
 5.92280762E-35  1.13141711E-38  1.77964463E-42  2.37912781E-46  2.76519845E-50
 0.00000000E+00
 0.00000000E+00 -2.11869182E-55 -1.78855377E-51 -1.34166157E-47 -8.35708553E-44
-4.35035668E-40 -1.73413794E-36 -5.03956749E-33 -7.68937186E-30 -1.97765883E-27
-1.80837685E-26 -3.37963246E-26 -4.95643349E-26 -6.41019757E-26 -7.85410474E-26
-9.15395427E-26 -1.02788005E-25 -1.13516680E-25 -1.22610521E-25 -1.31391060E-25
-1.36191813E-25 -1.35651188E-25 -1.32802713E-25 -1.27974252E-25 -1.24041095E-25
-1.21103499E-25 -1.19978565E-25 -1.13345737E-25 -1.08258243E-25 -1.01197144E-25
-8.59425141E-26 -6.52162025E-26 -5.27262444E-26 -3.43826599E-26 -1.05854865E-26
 2.10446563E-26  3.78967974E-26  5.91551569E-26  1.04310422E-25  1.11443408E-25
 1.28081875E-25  6.52575866E-26  1.62206192E-26  2.42479664E-27  3.18544447E-28
 4.70711823E-29  7.98682864E-30  1.54408656E-30  3.39973843E-31  8.43057820E-32
 2.33229687E-32  7.16895497E-33  2.44301892E-33  9.24734596E-34  3.84982178E-34
 1.76471767E-34  8.69744961E-35  4.69389295E-35  2.77042128E-35  1.83942131E-35
 1.36166718E-35  1.09642848E-35  9.09588128E-36  7.78719767E-36  6.81238158E-36
 5.78303479E-36  4.87227566E-36  3.94393352E-36  2.87714592E-36  1.71073414E-36
 6.48262817E-37  6.97327906E-38  2.62516923E-40  1.54530649E-43  5.28822696E-47
 1.31387592E-50  2.56180093E-54  4.09134838E-58  5.54497160E-62  6.60153367E-66
 0.00000000E+00
CH2C
 0.00000000E+00  8.56432896E-59  2.18046724E-53  5.52680336E-48  1.39462712E-42
 3.50342684E-37  8.76097920E-32  2.16814056E-26  4.46952286E-21  1.93569071E-16
 8.13772380E-14  1.04197889E-12  6.52032279E-12  3.27006659E-11  1.41109431E-10
 5.16171449E-10  1.59328738E-09  4.18701228E-09  9.47627325E-09  1.86541196E-08
 3.22212770E-08  4.92828425E-08  6.73802506E-08  8.31033707E-08  9.33552154E-08
 9.69984683E-08  9.60709014E-08  9.51512053E-08  9.87530575E-08  1.09622924E-07
 1.29443454E-07  1.60026987E-07  2.04014395E-07  2.65303078E-07  3.49720787E-07
 4.63752811E-07  6.15626281E-07  8.13061596E-07  1.04481811E-06  1.26186126E-06
 1.37352836E-06  1.24205760E-06  8.48902397E-07  4.23568354E-07  1.71233064E-07
 6.63650753E-08  2.63550437E-08  1.09868953E-08  4.85662083E-09  2.28745245E-09
 1.15205459E-09  6.22789984E-10  3.62938597E-10  2.28930001E-10  1.56676876E-10
 1.16133244E-10  9.22117662E-11  7.67327920E-11  6.49971269E-11  5.42819997E-11
 4.33198473E-11  3.20886756E-11  2.14871606E-11  1.26984649E-11  6.47855581E-12
 2.78442602E-12  9.65881670E-13  2.52545007E-13  4.52681432E-14  4.48888983E-15
 1.88472099E-16  9.93841527E-19  1.85487197E-23  5.70915924E-29  1.58563457E-34
 4.37722148E-40  1.20455757E-45  3.30458248E-51  9.03795215E-57  2.46429080E-62
 0.00000000E+00
 0.00000000E+00 -3.11376693E-74 -7.93056752E-69 -2.00333710E-63 -5.03204433E-58
-1.25698721E-52 -3.13118002E-47 -7.70945022E-42 -1.58689197E-36 -7.10738642E-32
-3.74006257E-29 -4.91266077E-28 -3.25830593E-27 -1.70042151E-26 -7.25875174E-26
-2.50899753E-25 -6.95817993E-25 -1.61106903E-24 -3.15757032E-24 -5.24115581E-24
-7.21672672E-24 -8.25179657E-24 -8.02762427E-24 -6.00677797E-24 -3.21389705E-24
-1.10386016E-24 -1.64819619E-24 -2.16927529E-24 -4.49157962E-24 -5.53056651E-24
-1.36325081E-23 -1.55331523E-23 -2.27010016E-23 -3.03790296E-23 -3.40476295E-23
-1.92513554E-23 -6.11644056E-23 -7.73147895E-23 -1.28919685E-22  5.97676370E-24
-1.97045567E-23  8.46286403E-23  1.12051726E-22  1.13488594E-22  3.62949658E-23
 2.66737118E-23  8.56850201E-24  3.37365755E-24  1.56074558E-24  6.82485232E-25
 3.15014137E-25  1.52350791E-25  6.38900780E-26  3.30932253E-26  2.33970190E-26
 1.40738163E-26  8.58701544E-27  6.43036520E-27  5.60768714E-27  5.04463935E-27
 4.92239573E-27  4.62969256E-27  3.84150125E-27  2.74980746E-27  1.67198248E-27
 8.22225312E-28  3.20310375E-28  9.23616792E-29  1.71513721E-29  1.64735078E-30
 6.24719900E-32  3.06910432E-34  5.74910973E-39  1.76287948E-44  4.91675402E-50
 1.35696057E-55  3.66894331E-61  1.00275223E-66  2.76467449E-72  7.54767495E-78
 0.00000000E+00
CH3C
 0.00000000E+00  3.92471355E-36  3.34770235E-32  2.47696515E-28  1.55283128E-24
 7.98028407E-21  3.19945685E-17  9.16926721E-14  1.39770855E-10  3.65783812E-08
 3.66596175E-07  7.67720429E-07  1.23903488E-06  1.78627596E-06  2.40431856E-06
 3.08602055E-06  3.82506408E-06  4.61562865E-06  5.45257855E-06  6.33142422E-06
 7.24822568E-06  8.19946138E-06  9.18215589E-06  1.01945588E-05  1.12360706E-05
 1.23056334E-05  1.34008325E-05  1.45099217E-05  1.56196130E-05  1.67296678E-05
 1.78454861E-05  1.89735997E-05  2.01209703E-05  2.12927104E-05  2.24878553E-05
 2.36631874E-05  2.47381228E-05  2.55269773E-05  2.55956422E-05  2.42642501E-05
 2.06238977E-05  1.44048259E-05  7.58672437E-06  2.99848158E-06  1.01879524E-06
 3.50884698E-07  1.27645135E-07  4.94889269E-08  2.04711254E-08  9.02137577E-09
 4.22791751E-09  2.10441790E-09  1.11175186E-09  6.23218719E-10  3.70811258E-10
 2.34349726E-10  1.56924977E-10  1.10407739E-10  8.07836895E-11  6.09126674E-11
 4.68837255E-11  3.64869935E-11  2.84878839E-11  2.21597546E-11  1.70467810E-11
 1.28438127E-11  9.32323883E-12  6.34988516E-12  3.88024967E-12  1.87880369E-12
 5.78312729E-13  5.17817272E-14  1.77335722E-16  9.89118809E-20  3.31063574E-23
 8.05081034E-27  1.53792343E-30  2.41905229E-34  3.23392351E-38  3.75870527E-42
 0.00000000E+00
 0.00000000E+00 -7.01406456E-52 -5.97343361E-48 -4.41664734E-44 -2.79258799E-40
-1.42001579E-36 -5.69554357E-33 -1.64113113E-29 -2.46246391E-26 -6.16852442E-24
-5.46159963E-23 -1.00276763E-22 -1.47110358E-22 -1.88537119E-22 -2.25883865E-22
-2.59502587E-22 -2.82147416E-22 -3.04945750E-22 -3.27590346E-22 -3.44194675E-22
-3.56574875E-22 -3.57800200E-22 -3.55801858E-22 -3.46988566E-22 -3.47082069E-22
-3.42976024E-22 -3.35585338E-22 -3.16053661E-22 -2.89257881E-22 -2.91816622E-22
-2.65392921E-22 -2.67054807E-22 -2.59394809E-22 -2.40528274E-22 -2.13944896E-22
-1.77430388E-22 -9.99012243E-23  1.46329384E-23  3.89381493E-22  1.02147768E-21
 1.98173660E-21  2.58188861E-21  1.94273774E-21  9.18799013E-22  3.38394260E-22
 1.22445840E-22  4.48996856E-23  1.70813029E-23  6.85655153E-24  2.90395692E-24
 1.28881375E-24  5.98248756E-25  2.91763078E-25  1.50029941E-25  8.08354218E-26
 4.61747136E-26  2.73460178E-26  1.74197472E-26  1.17301911E-26  8.25555463E-27
 6.05887305E-27  4.54725544E-27  3.45311045E-27  2.65281969E-27  2.06657246E-27
 1.57984153E-27  1.18751105E-27  8.57036949E-28  5.59428346E-28  2.92414123E-28
 9.88070043E-29  9.47707387E-30  3.28210632E-32  1.83446038E-35  6.22092012E-39
 1.50252323E-42  2.85231351E-46  4.48873619E-50  6.03364904E-54  7.09402294E-58
 0.00000000E+00
<    
